{"ts":1762958930515,"action":"PROJECT_OPENED","tags":{"PROJECT_NAME":"faktura_scanner"}}
{"ts":1762958933019,"action":"IDE_DEACTIVATED"}
{"ts":1762958933274,"action":"IDE_ACTIVATED"}
{"ts":1762958956027,"action":"IDE_DEACTIVATED"}
{"ts":1762958975089,"action":"IDE_ACTIVATED"}
{"ts":1762959008529,"action":"IDE_DEACTIVATED"}
{"ts":1762959023631,"action":"IDE_ACTIVATED"}
{"ts":1762959060290,"action":"IDE_DEACTIVATED"}
{"ts":1762959081376,"action":"IDE_ACTIVATED"}
{"ts":1762959085978,"action":"IDE_DEACTIVATED"}
{"ts":1762959087703,"action":"IDE_ACTIVATED"}
{"ts":1762959101204,"action":"IDE_DEACTIVATED"}
{"ts":1762959109544,"action":"IDE_ACTIVATED"}
{"ts":1762959183653,"action":"IDE_DEACTIVATED"}
{"ts":1762959184679,"action":"IDE_ACTIVATED"}
{"ts":1762959200222,"action":"IDE_DEACTIVATED"}
{"ts":1762959202853,"action":"IDE_ACTIVATED"}
{"ts":1762959248737,"action":"IDE_DEACTIVATED"}
{"ts":1762959255684,"action":"IDE_ACTIVATED"}
{"ts":1762959261053,"action":"IDE_DEACTIVATED"}
{"ts":1762959272928,"action":"IDE_ACTIVATED"}
{"ts":1762959291008,"action":"IDE_DEACTIVATED"}
{"ts":1762959292432,"action":"IDE_ACTIVATED"}
{"ts":1762959296523,"action":"IDE_DEACTIVATED"}
{"ts":1762959302179,"action":"IDE_ACTIVATED"}
{"ts":1762959305112,"action":"IDE_DEACTIVATED"}
{"ts":1762959315911,"action":"IDE_ACTIVATED"}
{"ts":1762959316529,"action":"IDE_DEACTIVATED"}
{"ts":1762959317673,"action":"IDE_ACTIVATED"}
{"ts":1762959335918,"action":"IDE_DEACTIVATED"}
{"ts":1762959345359,"action":"IDE_ACTIVATED"}
{"ts":1762959375182,"action":"IDE_DEACTIVATED"}
{"ts":1762959386992,"action":"IDE_ACTIVATED"}
{"ts":1762959400784,"action":"IDE_DEACTIVATED"}
{"ts":1762959419705,"action":"IDE_ACTIVATED"}
{"ts":1762959524394,"action":"IDE_DEACTIVATED"}
{"ts":1762960314496,"action":"IDE_ACTIVATED"}
{"ts":1762960339506,"action":"IDE_DEACTIVATED"}
{"ts":1762960344809,"action":"IDE_ACTIVATED"}
{"ts":1762960346887,"action":"IDE_DEACTIVATED"}
{"ts":1762960366540,"action":"IDE_ACTIVATED"}
{"ts":1762960381631,"action":"FILE_OPENED","file":"/database/__init__.py","tags":{"FILE_LINE_OF_CODE":"0"}}
{"ts":1762960396305,"action":"IDE_DEACTIVATED"}
{"ts":1762960406792,"action":"IDE_ACTIVATED"}
{"ts":1762960407787,"action":"IDE_DEACTIVATED"}
{"ts":1762960416689,"action":"IDE_ACTIVATED"}
{"ts":1762960422278,"action":"IDE_DEACTIVATED"}
{"ts":1762960433437,"action":"IDE_ACTIVATED"}
{"ts":1762960466849,"action":"FILE_OPENED","file":"/requirements.txt","tags":{"FILE_LINE_OF_CODE":"0"}}
{"ts":1762960477710,"action":"IDE_DEACTIVATED"}
{"ts":1762960479915,"action":"IDE_ACTIVATED"}
{"ts":1762960483607,"action":"IDE_DEACTIVATED"}
{"ts":1762960489697,"action":"IDE_ACTIVATED"}
{"ts":1762960503461,"action":"IDE_DEACTIVATED"}
{"ts":1762960513741,"action":"IDE_ACTIVATED"}
{"ts":1762960519534,"action":"IDE_DEACTIVATED"}
{"ts":1762960521576,"action":"IDE_ACTIVATED"}
{"ts":1762960525321,"action":"FILE_CLOSED","file":"/requirements.txt","tags":{"FILE_LINE_OF_CODE":"17"}}
{"ts":1762960525321,"action":"FILE_OPENED","file":"/config/settings.py","tags":{"FILE_LINE_OF_CODE":"0"}}
{"ts":1762960526766,"action":"IDE_DEACTIVATED"}
{"ts":1762960531104,"action":"IDE_ACTIVATED"}
{"ts":1762960535288,"action":"IDE_DEACTIVATED"}
{"ts":1762960539711,"action":"IDE_ACTIVATED"}
{"ts":1762960583042,"action":"FILE_CLOSED","file":"/config/settings.py","tags":{"FILE_LINE_OF_CODE":"37"}}
{"ts":1762960583042,"action":"FILE_OPENED","file":"/.gitignore","tags":{"FILE_LINE_OF_CODE":"0"}}
{"ts":1762960588263,"action":"FILE_CLOSED","file":"/.gitignore","tags":{"FILE_LINE_OF_CODE":"0"}}
{"ts":1762960588263,"action":"FILE_OPENED","file":"/config/settings.py","tags":{"FILE_LINE_OF_CODE":"37"}}
{"ts":1762960745294,"action":"IDE_DEACTIVATED"}
{"ts":1762960748216,"action":"IDE_ACTIVATED"}
{"ts":1762960840202,"action":"IDE_DEACTIVATED"}
{"ts":1762963325909,"action":"IDE_ACTIVATED"}
{"ts":1762963666942,"action":"IDE_DEACTIVATED"}
{"ts":1762964844888,"action":"IDE_ACTIVATED"}
{"ts":1762964846583,"action":"IDE_DEACTIVATED"}
{"ts":1762964848061,"action":"IDE_ACTIVATED"}
{"ts":1762964874563,"action":"IDE_DEACTIVATED"}
{"ts":1762964887194,"action":"IDE_ACTIVATED"}
{"ts":1762964888812,"action":"IDE_DEACTIVATED"}
{"ts":1762964896672,"action":"IDE_ACTIVATED"}
{"ts":1762964907832,"action":"FILE_CLOSED","file":"/config/settings.py","tags":{"FILE_LINE_OF_CODE":"37"}}
{"ts":1762964907832,"action":"FILE_OPENED","file":"/config/database.py","tags":{"FILE_LINE_OF_CODE":"0"}}
{"ts":1762964916728,"action":"IDE_DEACTIVATED"}
{"ts":1762964930154,"action":"IDE_ACTIVATED"}
{"ts":1762964940121,"action":"IDE_DEACTIVATED"}
{"ts":1762964946539,"action":"IDE_ACTIVATED"}
{"ts":1762964957249,"action":"FILE_CLOSED","file":"/config/database.py","tags":{"FILE_LINE_OF_CODE":"31"}}
{"ts":1762964957249,"action":"FILE_OPENED","file":"/database/schema.sql","tags":{"FILE_LINE_OF_CODE":"0"}}
{"ts":1762964958195,"action":"IDE_DEACTIVATED"}
{"ts":1762964963898,"action":"IDE_ACTIVATED"}
{"ts":1762965132358,"action":"IDE_DEACTIVATED"}
{"ts":1762965141013,"action":"IDE_ACTIVATED"}
{"ts":1762965152260,"action":"FILE_CLOSED","file":"/database/schema.sql","tags":{"FILE_LINE_OF_CODE":"46"}}
{"ts":1762965152260,"action":"FILE_OPENED","file":"/database/models.py","tags":{"FILE_LINE_OF_CODE":"0"}}
{"ts":1762965155122,"action":"IDE_DEACTIVATED"}
{"ts":1762965166277,"action":"IDE_ACTIVATED"}
{"ts":1762965168499,"action":"FILE_CLOSED","file":"/database/models.py","tags":{"FILE_LINE_OF_CODE":"36"}}
{"ts":1762965168499,"action":"FILE_OPENED","file":"/config/database.py","tags":{"FILE_LINE_OF_CODE":"31"}}
{"ts":1762965170878,"action":"IDE_DEACTIVATED"}
{"ts":1762965177655,"action":"IDE_ACTIVATED"}
{"ts":1762965205237,"action":"IDE_DEACTIVATED"}
{"ts":1762965247437,"action":"IDE_ACTIVATED"}
{"ts":1762965254733,"action":"IDE_DEACTIVATED"}
{"ts":1762965299480,"action":"IDE_ACTIVATED"}
{"ts":1762965321191,"action":"FILE_CLOSED","file":"/config/database.py","tags":{"FILE_LINE_OF_CODE":"46"}}
{"ts":1762965321191,"action":"FILE_OPENED","file":"/repositories/base_repository.py","tags":{"FILE_LINE_OF_CODE":"0"}}
{"ts":1762965327346,"action":"IDE_DEACTIVATED"}
{"ts":1762965332809,"action":"IDE_ACTIVATED"}
{"ts":1762965343006,"action":"FILE_CLOSED","file":"/repositories/base_repository.py","tags":{"FILE_LINE_OF_CODE":"50"}}
{"ts":1762965343006,"action":"FILE_OPENED","file":"/repositories/invoice_repository.py","tags":{"FILE_LINE_OF_CODE":"0"}}
{"ts":1762965352523,"action":"IDE_DEACTIVATED"}
{"ts":1762965363464,"action":"IDE_ACTIVATED"}
{"ts":1762965374097,"action":"FILE_CLOSED","file":"/repositories/invoice_repository.py","tags":{"FILE_LINE_OF_CODE":"164"}}
{"ts":1762965374097,"action":"FILE_OPENED","file":"/repositories/audit_repository.py","tags":{"FILE_LINE_OF_CODE":"0"}}
{"ts":1762965380125,"action":"IDE_DEACTIVATED"}
{"ts":1762965388999,"action":"IDE_ACTIVATED"}
{"ts":1762965390551,"action":"IDE_DEACTIVATED"}
{"ts":1762965391604,"action":"IDE_ACTIVATED"}
{"ts":1762965403890,"action":"FILE_CLOSED","file":"/repositories/audit_repository.py","tags":{"FILE_LINE_OF_CODE":"44"}}
{"ts":1762965403890,"action":"FILE_OPENED","file":"/utils/pdf_processor.py","tags":{"FILE_LINE_OF_CODE":"0"}}
{"ts":1762965405003,"action":"IDE_DEACTIVATED"}
{"ts":1762965410381,"action":"IDE_ACTIVATED"}
{"ts":1762965416108,"action":"IDE_DEACTIVATED"}
{"ts":1762965423717,"action":"IDE_ACTIVATED"}
{"ts":1762965424856,"action":"IDE_DEACTIVATED"}
{"ts":1762965425768,"action":"IDE_ACTIVATED"}
{"ts":1762965436330,"action":"FILE_CLOSED","file":"/utils/pdf_processor.py","tags":{"FILE_LINE_OF_CODE":"103"}}
{"ts":1762965436330,"action":"FILE_OPENED","file":"/utils/text_extractor.py","tags":{"FILE_LINE_OF_CODE":"0"}}
{"ts":1762965444399,"action":"IDE_DEACTIVATED"}
{"ts":1762965454405,"action":"IDE_ACTIVATED"}
{"ts":1762965462515,"action":"FILE_CLOSED","file":"/utils/text_extractor.py","tags":{"FILE_LINE_OF_CODE":"198"}}
{"ts":1762965462515,"action":"FILE_OPENED","file":"/utils/validators.py","tags":{"FILE_LINE_OF_CODE":"0"}}
{"ts":1762965465515,"action":"IDE_DEACTIVATED"}
{"ts":1762965474761,"action":"IDE_ACTIVATED"}
{"ts":1762965476251,"action":"IDE_DEACTIVATED"}
{"ts":1762965477178,"action":"IDE_ACTIVATED"}
{"ts":1762965489771,"action":"IDE_DEACTIVATED"}
{"ts":1762965491406,"action":"IDE_ACTIVATED"}
{"ts":1762965494767,"action":"FILE_CLOSED","file":"/utils/validators.py","tags":{"FILE_LINE_OF_CODE":"78"}}
{"ts":1762965494767,"action":"FILE_OPENED","file":"/services/ocr_service.py","tags":{"FILE_LINE_OF_CODE":"0"}}
{"ts":1762965496854,"action":"IDE_DEACTIVATED"}
{"ts":1762965499921,"action":"IDE_ACTIVATED"}
{"ts":1762965502935,"action":"IDE_DEACTIVATED"}
{"ts":1762965508694,"action":"IDE_ACTIVATED"}
{"ts":1762965521218,"action":"FILE_CLOSED","file":"/services/ocr_service.py","tags":{"FILE_LINE_OF_CODE":"85"}}
{"ts":1762965521218,"action":"FILE_OPENED","file":"/services/validation_service.py","tags":{"FILE_LINE_OF_CODE":"0"}}
{"ts":1762965522601,"action":"IDE_DEACTIVATED"}
{"ts":1762965525307,"action":"IDE_ACTIVATED"}
{"ts":1762965527714,"action":"IDE_DEACTIVATED"}
{"ts":1762965537628,"action":"IDE_ACTIVATED"}
{"ts":1762965544057,"action":"FILE_CLOSED","file":"/services/validation_service.py","tags":{"FILE_LINE_OF_CODE":"71"}}
{"ts":1762965544057,"action":"FILE_OPENED","file":"/services/duplicate_detection_service.py","tags":{"FILE_LINE_OF_CODE":"0"}}
{"ts":1762965545132,"action":"IDE_DEACTIVATED"}
{"ts":1762965547323,"action":"IDE_ACTIVATED"}
{"ts":1762965553424,"action":"IDE_DEACTIVATED"}
{"ts":1762965560749,"action":"IDE_ACTIVATED"}
{"ts":1762965563947,"action":"FILE_CLOSED","file":"/services/duplicate_detection_service.py","tags":{"FILE_LINE_OF_CODE":"57"}}
{"ts":1762965563947,"action":"FILE_OPENED","file":"/services/export_service.py","tags":{"FILE_LINE_OF_CODE":"0"}}
{"ts":1762965564816,"action":"IDE_DEACTIVATED"}
{"ts":1762965567170,"action":"IDE_ACTIVATED"}
{"ts":1762965569536,"action":"IDE_DEACTIVATED"}
{"ts":1762965586216,"action":"IDE_ACTIVATED"}
{"ts":1762965591060,"action":"IDE_DEACTIVATED"}
{"ts":1762965592776,"action":"IDE_ACTIVATED"}
{"ts":1762965597853,"action":"FILE_CLOSED","file":"/services/export_service.py","tags":{"FILE_LINE_OF_CODE":"115"}}
{"ts":1762965597853,"action":"FILE_OPENED","file":"/gui/theme.py","tags":{"FILE_LINE_OF_CODE":"0"}}
{"ts":1762965598264,"action":"IDE_DEACTIVATED"}
{"ts":1762965602200,"action":"IDE_ACTIVATED"}
{"ts":1762965613614,"action":"IDE_DEACTIVATED"}
{"ts":1762965624272,"action":"IDE_ACTIVATED"}
{"ts":1762965627280,"action":"IDE_DEACTIVATED"}
{"ts":1762965628519,"action":"IDE_ACTIVATED"}
{"ts":1762965634021,"action":"FILE_CLOSED","file":"/gui/theme.py","tags":{"FILE_LINE_OF_CODE":"167"}}
{"ts":1762965634021,"action":"FILE_OPENED","file":"/gui/components/navigation_rail.py","tags":{"FILE_LINE_OF_CODE":"0"}}
{"ts":1762965634604,"action":"IDE_DEACTIVATED"}
{"ts":1762965637815,"action":"IDE_ACTIVATED"}
{"ts":1762965850466,"action":"FILE_CLOSED","file":"/gui/components/navigation_rail.py","tags":{"FILE_LINE_OF_CODE":"77"}}
{"ts":1762965850466,"action":"FILE_OPENED","file":"/gui/theme.py","tags":{"FILE_LINE_OF_CODE":"167"}}
{"ts":1762965867969,"action":"FILE_CLOSED","file":"/gui/theme.py","tags":{"FILE_LINE_OF_CODE":"167"}}
{"ts":1762965867969,"action":"FILE_OPENED","file":"/gui/components/navigation_rail.py","tags":{"FILE_LINE_OF_CODE":"77"}}
{"ts":1762966045429,"action":"IDE_DEACTIVATED"}
{"ts":1762971514255,"action":"IDE_ACTIVATED"}
{"ts":1762971541068,"action":"IDE_DEACTIVATED"}
{"ts":1762971556442,"action":"IDE_ACTIVATED"}
{"ts":1762971556982,"action":"IDE_DEACTIVATED"}
{"ts":1762971558823,"action":"IDE_ACTIVATED"}
{"ts":1762971560174,"action":"IDE_DEACTIVATED"}
{"ts":1762971586205,"action":"IDE_ACTIVATED"}
{"ts":1762971595014,"action":"FILE_CLOSED","file":"/gui/components/navigation_rail.py","tags":{"FILE_LINE_OF_CODE":"77"}}
{"ts":1762971595014,"action":"FILE_OPENED","file":"/gui/app.py","tags":{"FILE_LINE_OF_CODE":"0"}}
{"ts":1762971595405,"action":"IDE_DEACTIVATED"}
{"ts":1762971597885,"action":"IDE_ACTIVATED"}
{"ts":1762971612319,"action":"IDE_DEACTIVATED"}
{"ts":1762971626424,"action":"IDE_ACTIVATED"}
{"ts":1762971633374,"action":"FILE_CLOSED","file":"/gui/app.py","tags":{"FILE_LINE_OF_CODE":"213"}}
{"ts":1762971633374,"action":"FILE_OPENED","file":"/gui/components/invoice_table.py","tags":{"FILE_LINE_OF_CODE":"0"}}
{"ts":1762971633854,"action":"IDE_DEACTIVATED"}
{"ts":1762971636905,"action":"IDE_ACTIVATED"}
{"ts":1762971751417,"action":"IDE_DEACTIVATED"}
{"ts":1762971766853,"action":"IDE_ACTIVATED"}
{"ts":1762971815284,"action":"IDE_DEACTIVATED"}
{"ts":1762971817963,"action":"IDE_ACTIVATED"}
{"ts":1762971884158,"action":"IDE_DEACTIVATED"}
{"ts":1762971892955,"action":"IDE_ACTIVATED"}
{"ts":1762971908357,"action":"FILE_CLOSED","file":"/gui/components/invoice_table.py","tags":{"FILE_LINE_OF_CODE":"148"}}
{"ts":1762971908357,"action":"FILE_OPENED","file":"/gui/views/main_view.py","tags":{"FILE_LINE_OF_CODE":"0"}}
{"ts":1762971908694,"action":"IDE_DEACTIVATED"}
{"ts":1762971912155,"action":"IDE_ACTIVATED"}
{"ts":1762972237122,"action":"IDE_DEACTIVATED"}
{"ts":1762972264659,"action":"IDE_ACTIVATED"}
{"ts":1762972270613,"action":"FILE_CLOSED","file":"/gui/views/main_view.py","tags":{"FILE_LINE_OF_CODE":"382"}}
{"ts":1762972270613,"action":"FILE_OPENED","file":"/gui/components/progress_dialog.py","tags":{"FILE_LINE_OF_CODE":"0"}}
{"ts":1762972271635,"action":"IDE_DEACTIVATED"}
{"ts":1762972274152,"action":"IDE_ACTIVATED"}
{"ts":1762972285321,"action":"IDE_DEACTIVATED"}
{"ts":1762972308387,"action":"IDE_ACTIVATED"}
{"ts":1762972317352,"action":"FILE_CLOSED","file":"/gui/components/progress_dialog.py","tags":{"FILE_LINE_OF_CODE":"109"}}
{"ts":1762972317352,"action":"FILE_OPENED","file":"/gui/views/edit_view.py","tags":{"FILE_LINE_OF_CODE":"0"}}
{"ts":1762972317923,"action":"IDE_DEACTIVATED"}
{"ts":1762972321183,"action":"IDE_ACTIVATED"}
{"ts":1762972359693,"action":"IDE_DEACTIVATED"}
{"ts":1762972370433,"action":"IDE_ACTIVATED"}
{"ts":1762972376366,"action":"FILE_CLOSED","file":"/gui/views/edit_view.py","tags":{"FILE_LINE_OF_CODE":"262"}}
{"ts":1762972376366,"action":"FILE_OPENED","file":"/gui/views/history_view.py","tags":{"FILE_LINE_OF_CODE":"0"}}
{"ts":1762972377601,"action":"IDE_DEACTIVATED"}
{"ts":1762972379803,"action":"IDE_ACTIVATED"}
{"ts":1762972389058,"action":"IDE_DEACTIVATED"}
{"ts":1762972400486,"action":"IDE_ACTIVATED"}
{"ts":1762972406847,"action":"FILE_CLOSED","file":"/gui/views/history_view.py","tags":{"FILE_LINE_OF_CODE":"64"}}
{"ts":1762972406847,"action":"FILE_OPENED","file":"/main.py","tags":{"FILE_LINE_OF_CODE":"0"}}
{"ts":1762972409360,"action":"IDE_DEACTIVATED"}
{"ts":1762972412781,"action":"IDE_ACTIVATED"}
{"ts":1762972433573,"action":"IDE_DEACTIVATED"}
{"ts":1762972447224,"action":"IDE_ACTIVATED"}
{"ts":1762972469576,"action":"IDE_DEACTIVATED"}
{"ts":1762972531349,"action":"IDE_ACTIVATED"}
{"ts":1762972533904,"action":"IDE_DEACTIVATED"}
{"ts":1762972537957,"action":"IDE_ACTIVATED"}
{"ts":1762972538570,"action":"IDE_DEACTIVATED"}
{"ts":1762972544118,"action":"IDE_ACTIVATED"}
{"ts":1762972545316,"action":"IDE_DEACTIVATED"}
{"ts":1762972551148,"action":"IDE_ACTIVATED"}
{"ts":1762972551686,"action":"IDE_DEACTIVATED"}
{"ts":1762972567379,"action":"IDE_ACTIVATED"}
{"ts":1762972568362,"action":"IDE_DEACTIVATED"}
{"ts":1762972572963,"action":"IDE_ACTIVATED"}
{"ts":1762972573596,"action":"IDE_DEACTIVATED"}
{"ts":1762972604185,"action":"IDE_ACTIVATED"}
{"ts":1762972610272,"action":"IDE_DEACTIVATED"}
{"ts":1762972672427,"action":"IDE_ACTIVATED"}
{"ts":1762972681372,"action":"IDE_DEACTIVATED"}
{"ts":1762972686057,"action":"IDE_ACTIVATED"}
{"ts":1762972687342,"action":"IDE_DEACTIVATED"}
{"ts":1762972692682,"action":"IDE_ACTIVATED"}
{"ts":1762972694739,"action":"IDE_DEACTIVATED"}
{"ts":1762972748399,"action":"IDE_ACTIVATED"}
{"ts":1762972763402,"action":"IDE_DEACTIVATED"}
{"ts":1762972810271,"action":"IDE_ACTIVATED"}
{"ts":1762972832306,"action":"FILE_CLOSED","file":"/main.py","tags":{"FILE_LINE_OF_CODE":"19"}}
{"ts":1762972832306,"action":"FILE_OPENED","file":"/gui/views/upload_view.py","tags":{"FILE_LINE_OF_CODE":"0"}}
{"ts":1762972832809,"action":"IDE_DEACTIVATED"}
{"ts":1762972835699,"action":"IDE_ACTIVATED"}
{"ts":1762972937292,"action":"IDE_DEACTIVATED"}
{"ts":1762972943360,"action":"IDE_ACTIVATED"}
{"ts":1762972944005,"action":"IDE_DEACTIVATED"}
{"ts":1762972968732,"action":"IDE_ACTIVATED"}
{"ts":1762972984355,"action":"IDE_DEACTIVATED"}
{"ts":1762972987578,"action":"IDE_ACTIVATED"}
{"ts":1762972988384,"action":"IDE_DEACTIVATED"}
{"ts":1762972989838,"action":"IDE_ACTIVATED"}
{"ts":1762972990783,"action":"IDE_DEACTIVATED"}
{"ts":1762972991853,"action":"IDE_ACTIVATED"}
{"ts":1762972992643,"action":"IDE_DEACTIVATED"}
{"ts":1762973007107,"action":"IDE_ACTIVATED"}
{"ts":1762973011583,"action":"FILE_CLOSED","file":"/gui/views/upload_view.py","tags":{"FILE_LINE_OF_CODE":"687"}}
{"ts":1762973011583,"action":"FILE_OPENED","file":"/main.py","tags":{"FILE_LINE_OF_CODE":"19"}}
{"ts":1762973046146,"action":"FILE_CLOSED","file":"/main.py","tags":{"FILE_LINE_OF_CODE":"19"}}
{"ts":1762973046146,"action":"FILE_OPENED","file":"/services/validation_service.py","tags":{"FILE_LINE_OF_CODE":"71"}}
{"ts":1762973062167,"action":"FILE_CLOSED","file":"/services/validation_service.py","tags":{"FILE_LINE_OF_CODE":"71"}}
{"ts":1762973062167,"action":"FILE_OPENED","file":"/utils/validators.py","tags":{"FILE_LINE_OF_CODE":"78"}}
{"ts":1762973207067,"action":"FILE_CLOSED","file":"/utils/validators.py","tags":{"FILE_LINE_OF_CODE":"78"}}
{"ts":1762973207067,"action":"FILE_OPENED","file":"/main.py","tags":{"FILE_LINE_OF_CODE":"19"}}
{"ts":1762973218937,"action":"IDE_DEACTIVATED"}
{"ts":1762973226335,"action":"IDE_ACTIVATED"}
{"ts":1762973246636,"action":"FILE_CLOSED","file":"/main.py","tags":{"FILE_LINE_OF_CODE":"19"}}
{"ts":1762973246636,"action":"FILE_OPENED","file":"/gui/app.py","tags":{"FILE_LINE_OF_CODE":"213"}}
{"ts":1762973269629,"action":"FILE_CLOSED","file":"/gui/app.py","tags":{"FILE_LINE_OF_CODE":"213"}}
{"ts":1762973269629,"action":"FILE_OPENED","file":"/main.py","tags":{"FILE_LINE_OF_CODE":"19"}}
{"ts":1762973273350,"action":"IDE_DEACTIVATED"}
{"ts":1762973277887,"action":"IDE_ACTIVATED"}
{"ts":1762973286705,"action":"FILE_CLOSED","file":"/main.py","tags":{"FILE_LINE_OF_CODE":"19"}}
{"ts":1762973286705,"action":"FILE_OPENED","file":"/gui/theme.py","tags":{"FILE_LINE_OF_CODE":"167"}}
{"ts":1762973304754,"action":"IDE_DEACTIVATED"}
{"ts":1762973305497,"action":"IDE_ACTIVATED"}
{"ts":1762973308976,"action":"FILE_CLOSED","file":"/gui/theme.py","tags":{"FILE_LINE_OF_CODE":"167"}}
{"ts":1762973308976,"action":"FILE_OPENED","file":"/gui/views/main_view.py","tags":{"FILE_LINE_OF_CODE":"382"}}
{"ts":1762973326330,"action":"FILE_CLOSED","file":"/gui/views/main_view.py","tags":{"FILE_LINE_OF_CODE":"382"}}
{"ts":1762973326330,"action":"FILE_OPENED","file":"/gui/components/invoice_table.py","tags":{"FILE_LINE_OF_CODE":"148"}}
{"ts":1762973332198,"action":"FILE_CLOSED","file":"/gui/components/invoice_table.py","tags":{"FILE_LINE_OF_CODE":"148"}}
{"ts":1762973332198,"action":"FILE_OPENED","file":"/gui/components/navigation_rail.py","tags":{"FILE_LINE_OF_CODE":"77"}}
{"ts":1762973336517,"action":"FILE_CLOSED","file":"/gui/components/navigation_rail.py","tags":{"FILE_LINE_OF_CODE":"77"}}
{"ts":1762973336517,"action":"FILE_OPENED","file":"/gui/components/progress_dialog.py","tags":{"FILE_LINE_OF_CODE":"109"}}
{"ts":1762973343354,"action":"FILE_CLOSED","file":"/gui/components/progress_dialog.py","tags":{"FILE_LINE_OF_CODE":"109"}}
{"ts":1762973343354,"action":"FILE_OPENED","file":"/gui/views/edit_view.py","tags":{"FILE_LINE_OF_CODE":"262"}}
{"ts":1762973348781,"action":"FILE_CLOSED","file":"/gui/views/edit_view.py","tags":{"FILE_LINE_OF_CODE":"262"}}
{"ts":1762973348781,"action":"FILE_OPENED","file":"/gui/views/history_view.py","tags":{"FILE_LINE_OF_CODE":"64"}}
{"ts":1762973351995,"action":"FILE_CLOSED","file":"/gui/views/history_view.py","tags":{"FILE_LINE_OF_CODE":"64"}}
{"ts":1762973351995,"action":"FILE_OPENED","file":"/gui/views/main_view.py","tags":{"FILE_LINE_OF_CODE":"382"}}
{"ts":1762973354054,"action":"FILE_CLOSED","file":"/gui/views/main_view.py","tags":{"FILE_LINE_OF_CODE":"382"}}
{"ts":1762973354054,"action":"FILE_OPENED","file":"/gui/views/upload_view.py","tags":{"FILE_LINE_OF_CODE":"687"}}
{"ts":1762973370274,"action":"FILE_CLOSED","file":"/gui/views/upload_view.py","tags":{"FILE_LINE_OF_CODE":"687"}}
{"ts":1762973370274,"action":"FILE_OPENED","file":"/gui/app.py","tags":{"FILE_LINE_OF_CODE":"213"}}
{"ts":1762973373807,"action":"FILE_CLOSED","file":"/gui/app.py","tags":{"FILE_LINE_OF_CODE":"213"}}
{"ts":1762973373807,"action":"FILE_OPENED","file":"/main.py","tags":{"FILE_LINE_OF_CODE":"19"}}
{"ts":1762973376881,"action":"IDE_DEACTIVATED"}
{"ts":1762973380140,"action":"IDE_ACTIVATED"}
{"ts":1762973386080,"action":"IDE_DEACTIVATED"}
{"ts":1762973399833,"action":"IDE_ACTIVATED"}
{"ts":1762973406220,"action":"FILE_CLOSED","file":"/main.py","tags":{"FILE_LINE_OF_CODE":"19"}}
{"ts":1762973406220,"action":"FILE_OPENED","file":"/gui/views/edit_view.py","tags":{"FILE_LINE_OF_CODE":"262"}}
{"ts":1762973443422,"action":"FILE_CLOSED","file":"/gui/views/edit_view.py","tags":{"FILE_LINE_OF_CODE":"262"}}
{"ts":1762973443422,"action":"FILE_OPENED","file":"/gui/views/history_view.py","tags":{"FILE_LINE_OF_CODE":"64"}}
{"ts":1762973519902,"action":"FILE_CLOSED","file":"/gui/views/history_view.py","tags":{"FILE_LINE_OF_CODE":"64"}}
{"ts":1762973519902,"action":"FILE_OPENED","file":"/gui/theme.py","tags":{"FILE_LINE_OF_CODE":"167"}}
{"ts":1762973525691,"action":"FILE_CLOSED","file":"/gui/theme.py","tags":{"FILE_LINE_OF_CODE":"167"}}
{"ts":1762973525691,"action":"FILE_OPENED","file":"/services/export_service.py","tags":{"FILE_LINE_OF_CODE":"115"}}
{"ts":1762973525739,"action":"FILE_CLOSED","file":"/services/export_service.py","tags":{"FILE_LINE_OF_CODE":"115"}}
{"ts":1762973525739,"action":"FILE_OPENED","file":"/gui/theme.py","tags":{"FILE_LINE_OF_CODE":"167"}}
{"ts":1762973695031,"action":"IDE_DEACTIVATED"}
{"ts":1762973695743,"action":"IDE_ACTIVATED"}
{"ts":1762973697152,"action":"FILE_CLOSED","file":"/gui/theme.py","tags":{"FILE_LINE_OF_CODE":"167"}}
{"ts":1762973697152,"action":"FILE_OPENED","file":"/services/export_service.py","tags":{"FILE_LINE_OF_CODE":"115"}}
{"ts":1762973702801,"action":"FILE_CLOSED","file":"/services/export_service.py","tags":{"FILE_LINE_OF_CODE":"115"}}
{"ts":1762973702801,"action":"FILE_OPENED","file":"/gui/components/navigation_rail.py","tags":{"FILE_LINE_OF_CODE":"77"}}
{"ts":1762973718673,"action":"FILE_CLOSED","file":"/gui/components/navigation_rail.py","tags":{"FILE_LINE_OF_CODE":"77"}}
{"ts":1762973718673,"action":"FILE_OPENED","file":"/gui/app.py","tags":{"FILE_LINE_OF_CODE":"213"}}
{"ts":1762973941042,"action":"FILE_CLOSED","file":"/gui/app.py","tags":{"FILE_LINE_OF_CODE":"213"}}
{"ts":1762973941042,"action":"FILE_OPENED","file":"/gui/views/edit_view.py","tags":{"FILE_LINE_OF_CODE":"262"}}
{"ts":1762974040100,"action":"FILE_CLOSED","file":"/gui/views/edit_view.py","tags":{"FILE_LINE_OF_CODE":"262"}}
{"ts":1762974040100,"action":"FILE_OPENED","file":"/gui/theme.py","tags":{"FILE_LINE_OF_CODE":"167"}}
{"ts":1762974158592,"action":"FILE_CLOSED","file":"/gui/theme.py","tags":{"FILE_LINE_OF_CODE":"167"}}
{"ts":1762974158592,"action":"FILE_OPENED","file":"/gui/app.py","tags":{"FILE_LINE_OF_CODE":"213"}}
{"ts":1762974171717,"action":"FILE_CLOSED","file":"/gui/app.py","tags":{"FILE_LINE_OF_CODE":"213"}}
{"ts":1762974171717,"action":"FILE_OPENED","file":"/gui/components/invoice_table.py","tags":{"FILE_LINE_OF_CODE":"148"}}
{"ts":1762974175782,"action":"IDE_DEACTIVATED"}
{"ts":1762974181706,"action":"IDE_ACTIVATED"}
{"ts":1762974200219,"action":"IDE_DEACTIVATED"}
{"ts":1762974200308,"action":"IDE_ACTIVATED"}
{"ts":1762974304090,"action":"FILE_CLOSED","file":"/gui/components/invoice_table.py","tags":{"FILE_LINE_OF_CODE":"148"}}
{"ts":1762974330836,"action":"FILE_OPENED","file":"/gui/views/upload_view.py","tags":{"FILE_LINE_OF_CODE":"687"}}
{"ts":1762974369297,"action":"IDE_DEACTIVATED"}
{"ts":1762974376139,"action":"IDE_ACTIVATED"}
{"ts":1762974376150,"action":"FILE_CLOSED","file":"/gui/views/upload_view.py","tags":{"FILE_LINE_OF_CODE":"687"}}
{"ts":1762974435769,"action":"IDE_DEACTIVATED"}
{"ts":1762974439384,"action":"IDE_ACTIVATED"}
{"ts":1762974440344,"action":"IDE_DEACTIVATED"}
{"ts":1762974443543,"action":"IDE_ACTIVATED"}
{"ts":1762974444664,"action":"IDE_DEACTIVATED"}
{"ts":1762974507619,"action":"IDE_ACTIVATED"}
{"ts":1762974509135,"action":"IDE_DEACTIVATED"}
{"ts":1762974514592,"action":"IDE_ACTIVATED"}
{"ts":1762974516225,"action":"IDE_DEACTIVATED"}
{"ts":1762974519043,"action":"IDE_ACTIVATED"}
{"ts":1762974521020,"action":"IDE_DEACTIVATED"}
{"ts":1762974608151,"action":"IDE_ACTIVATED"}
{"ts":1762974610681,"action":"FILE_OPENED","file":"/gui/views/upload_view.py","tags":{"FILE_LINE_OF_CODE":"687"}}
{"ts":1762974612930,"action":"FILE_CLOSED","file":"/gui/views/upload_view.py","tags":{"FILE_LINE_OF_CODE":"686"}}
{"ts":1762974617503,"action":"FILE_OPENED","file":"/gui/views/upload_view.py","tags":{"FILE_LINE_OF_CODE":"686"}}
{"ts":1762974670994,"action":"FILE_CLOSED","file":"/gui/views/upload_view.py","tags":{"FILE_LINE_OF_CODE":"688"}}
{"ts":1762974670994,"action":"FILE_OPENED","file":"/main.py","tags":{"FILE_LINE_OF_CODE":"19"}}
{"ts":1762974674913,"action":"IDE_DEACTIVATED"}
{"ts":1762974688088,"action":"IDE_ACTIVATED"}
{"ts":1762974741077,"action":"IDE_DEACTIVATED"}
{"ts":1762974743261,"action":"IDE_ACTIVATED"}
{"ts":1762974837998,"action":"IDE_DEACTIVATED"}
{"ts":1762974839833,"action":"IDE_ACTIVATED"}
{"ts":1762975023882,"action":"FILE_CLOSED","file":"/main.py","tags":{"FILE_LINE_OF_CODE":"19"}}
{"ts":1762975023882,"action":"FILE_OPENED","file":"/gui/theme.py","tags":{"FILE_LINE_OF_CODE":"174"}}
{"ts":1762975026430,"action":"IDE_DEACTIVATED"}
{"ts":1762975027191,"action":"IDE_ACTIVATED"}
{"ts":1762975036266,"action":"IDE_DEACTIVATED"}
{"ts":1762975040525,"action":"IDE_ACTIVATED"}
{"ts":1762975042076,"action":"FILE_CLOSED","file":"/gui/theme.py","tags":{"FILE_LINE_OF_CODE":"174"}}
{"ts":1762975042076,"action":"FILE_OPENED","file":"/main.py","tags":{"FILE_LINE_OF_CODE":"19"}}
{"ts":1762975046253,"action":"IDE_DEACTIVATED"}
{"ts":1762975057218,"action":"IDE_ACTIVATED"}
{"ts":1762975092603,"action":"FILE_CLOSED","file":"/main.py","tags":{"FILE_LINE_OF_CODE":"19"}}
{"ts":1762975092603,"action":"FILE_OPENED","file":"/gui/views/upload_view.py","tags":{"FILE_LINE_OF_CODE":"688"}}
{"ts":1762975334360,"action":"IDE_DEACTIVATED"}
{"ts":1762975338349,"action":"IDE_ACTIVATED"}
{"ts":1762975355455,"action":"FILE_CLOSED","file":"/gui/views/upload_view.py","tags":{"FILE_LINE_OF_CODE":"688"}}
{"ts":1762975355455,"action":"FILE_OPENED","file":"/gui/theme.py","tags":{"FILE_LINE_OF_CODE":"174"}}
{"ts":1762975444906,"action":"FILE_CLOSED","file":"/gui/theme.py","tags":{"FILE_LINE_OF_CODE":"180"}}
{"ts":1762975444906,"action":"FILE_OPENED","file":"/main.py","tags":{"FILE_LINE_OF_CODE":"19"}}
{"ts":1762975448377,"action":"IDE_DEACTIVATED"}
{"ts":1762975452501,"action":"IDE_ACTIVATED"}
{"ts":1762975466782,"action":"FILE_CLOSED","file":"/main.py","tags":{"FILE_LINE_OF_CODE":"19"}}
{"ts":1762975466782,"action":"FILE_OPENED","file":"/gui/theme.py","tags":{"FILE_LINE_OF_CODE":"180"}}
{"ts":1762975491166,"action":"FILE_CLOSED","file":"/gui/theme.py","tags":{"FILE_LINE_OF_CODE":"180"}}
{"ts":1762975491166,"action":"FILE_OPENED","file":"/main.py","tags":{"FILE_LINE_OF_CODE":"19"}}
{"ts":1762975494923,"action":"IDE_DEACTIVATED"}
{"ts":1762975501084,"action":"IDE_ACTIVATED"}
{"ts":1762975511456,"action":"FILE_CLOSED","file":"/main.py","tags":{"FILE_LINE_OF_CODE":"19"}}
{"ts":1762975511456,"action":"FILE_OPENED","file":"/gui/views/history_view.py","tags":{"FILE_LINE_OF_CODE":"64"}}
{"ts":1762975564195,"action":"FILE_CLOSED","file":"/gui/views/history_view.py","tags":{"FILE_LINE_OF_CODE":"64"}}
{"ts":1762975564195,"action":"FILE_OPENED","file":"/main.py","tags":{"FILE_LINE_OF_CODE":"19"}}
{"ts":1762975567521,"action":"IDE_DEACTIVATED"}
{"ts":1762975568150,"action":"IDE_ACTIVATED"}
{"ts":1762975568617,"action":"IDE_DEACTIVATED"}
{"ts":1762975568747,"action":"IDE_ACTIVATED"}
{"ts":1762975577223,"action":"FILE_CLOSED","file":"/main.py","tags":{"FILE_LINE_OF_CODE":"19"}}
{"ts":1762975577223,"action":"FILE_OPENED","file":"/gui/views/history_view.py","tags":{"FILE_LINE_OF_CODE":"64"}}
{"ts":1762975603663,"action":"FILE_CLOSED","file":"/gui/views/history_view.py","tags":{"FILE_LINE_OF_CODE":"63"}}
{"ts":1762975603663,"action":"FILE_OPENED","file":"/main.py","tags":{"FILE_LINE_OF_CODE":"19"}}
{"ts":1762975608055,"action":"IDE_DEACTIVATED"}
{"ts":1762975630320,"action":"IDE_ACTIVATED"}
{"ts":1762975640794,"action":"IDE_DEACTIVATED"}
{"ts":1762975692094,"action":"IDE_ACTIVATED"}
{"ts":1762975698122,"action":"FILE_CLOSED","file":"/main.py","tags":{"FILE_LINE_OF_CODE":"19"}}
{"ts":1762975698122,"action":"FILE_OPENED","file":"/agent.md","tags":{"FILE_LINE_OF_CODE":"0"}}
{"ts":1762975704376,"action":"FILE_CLOSED","file":"/agent.md","tags":{"FILE_LINE_OF_CODE":"0"}}
{"ts":1762975704376,"action":"FILE_OPENED","file":"/gui/theme.py","tags":{"FILE_LINE_OF_CODE":"180"}}
{"ts":1762975705918,"action":"FILE_CLOSED","file":"/gui/theme.py","tags":{"FILE_LINE_OF_CODE":"180"}}
{"ts":1762975705918,"action":"FILE_OPENED","file":"/agent.md","tags":{"FILE_LINE_OF_CODE":"0"}}
{"ts":1762975710602,"action":"FILE_CLOSED","file":"/agent.md","tags":{"FILE_LINE_OF_CODE":"0"}}
{"ts":1762975710602,"action":"FILE_OPENED","file":"/gui/views/upload_view.py","tags":{"FILE_LINE_OF_CODE":"688"}}
{"ts":1762975711620,"action":"FILE_CLOSED","file":"/gui/views/upload_view.py","tags":{"FILE_LINE_OF_CODE":"688"}}
{"ts":1762975711620,"action":"FILE_OPENED","file":"/agent.md","tags":{"FILE_LINE_OF_CODE":"0"}}
{"ts":1762975717325,"action":"IDE_DEACTIVATED"}
{"ts":1762975720096,"action":"IDE_ACTIVATED"}
{"ts":1762975737670,"action":"FILE_CLOSED","file":"/agent.md","tags":{"FILE_LINE_OF_CODE":"0"}}
{"ts":1762975737670,"action":"FILE_OPENED","file":"/gui/views/upload_view.py","tags":{"FILE_LINE_OF_CODE":"688"}}
{"ts":1762975738797,"action":"FILE_CLOSED","file":"/gui/views/upload_view.py","tags":{"FILE_LINE_OF_CODE":"688"}}
{"ts":1762975738797,"action":"FILE_OPENED","file":"/agent.md","tags":{"FILE_LINE_OF_CODE":"0"}}
{"ts":1762975794766,"action":"IDE_DEACTIVATED"}
{"ts":1762975802737,"action":"IDE_ACTIVATED"}
{"ts":1762975905746,"action":"IDE_DEACTIVATED"}
{"ts":1762975911220,"action":"IDE_ACTIVATED"}
{"ts":1762975968709,"action":"IDE_DEACTIVATED"}
{"ts":1762975981604,"action":"IDE_ACTIVATED"}
{"ts":1762976185986,"action":"IDE_DEACTIVATED"}
{"ts":1762976197622,"action":"IDE_ACTIVATED"}
{"ts":1762976200298,"action":"FILE_CLOSED","file":"/agent.md","tags":{"FILE_LINE_OF_CODE":"320"}}
{"ts":1762976200298,"action":"FILE_OPENED","file":"/main.py","tags":{"FILE_LINE_OF_CODE":"19"}}
{"ts":1762976203937,"action":"IDE_DEACTIVATED"}
{"ts":1762976212252,"action":"IDE_ACTIVATED"}
{"ts":1762976266133,"action":"IDE_DEACTIVATED"}
{"ts":1762976277578,"action":"IDE_ACTIVATED"}
{"ts":1762976343688,"action":"IDE_DEACTIVATED"}
{"ts":1762976361924,"action":"IDE_ACTIVATED"}
{"ts":1762976385137,"action":"IDE_DEACTIVATED"}
{"ts":1762976389149,"action":"IDE_ACTIVATED"}
{"ts":1762976439130,"action":"IDE_DEACTIVATED"}
{"ts":1762976477053,"action":"IDE_ACTIVATED"}
{"ts":1762976489109,"action":"IDE_DEACTIVATED"}
{"ts":1762976534389,"action":"IDE_ACTIVATED"}
{"ts":1762976570066,"action":"IDE_DEACTIVATED"}
{"ts":1762976576187,"action":"IDE_ACTIVATED"}
{"ts":1762976578090,"action":"IDE_DEACTIVATED"}
{"ts":1762976588142,"action":"IDE_ACTIVATED"}
{"ts":1762976592909,"action":"IDE_DEACTIVATED"}
{"ts":1762976722386,"action":"IDE_ACTIVATED"}
{"ts":1762976722662,"action":"FILE_CLOSED","file":"/main.py","tags":{"FILE_LINE_OF_CODE":"20"}}
{"ts":1762976722662,"action":"FILE_OPENED","file":"/config/settings.py","tags":{"FILE_LINE_OF_CODE":"42"}}
{"ts":1762976742751,"action":"IDE_DEACTIVATED"}
{"ts":1762976762688,"action":"IDE_ACTIVATED"}
{"ts":1762976802989,"action":"FILE_CLOSED","file":"/config/settings.py","tags":{"FILE_LINE_OF_CODE":"42"}}
{"ts":1762976802989,"action":"FILE_OPENED","file":"/main.py","tags":{"FILE_LINE_OF_CODE":"20"}}
{"ts":1762976823864,"action":"IDE_DEACTIVATED"}
{"ts":1762976840712,"action":"IDE_ACTIVATED"}
{"ts":1762976844559,"action":"IDE_DEACTIVATED"}
{"ts":1762976848015,"action":"IDE_ACTIVATED"}
{"ts":1762976852410,"action":"IDE_DEACTIVATED"}
{"ts":1762976918608,"action":"IDE_ACTIVATED"}
{"ts":1762976921324,"action":"IDE_DEACTIVATED"}
{"ts":1762976971635,"action":"IDE_ACTIVATED"}
{"ts":1762976975675,"action":"IDE_DEACTIVATED"}
{"ts":1762976977000,"action":"IDE_ACTIVATED"}
{"ts":1762976977648,"action":"IDE_DEACTIVATED"}
{"ts":1762977018625,"action":"IDE_ACTIVATED"}
{"ts":1762977026496,"action":"FILE_CLOSED","file":"/main.py","tags":{"FILE_LINE_OF_CODE":"20"}}
{"ts":1762977026496,"action":"FILE_OPENED","file":"/utils/validators.py","tags":{"FILE_LINE_OF_CODE":"78"}}
{"ts":1762977099428,"action":"IDE_DEACTIVATED"}
{"ts":1762977186801,"action":"IDE_ACTIVATED"}
{"ts":1762977190831,"action":"FILE_CLOSED","file":"/utils/validators.py","tags":{"FILE_LINE_OF_CODE":"78"}}
{"ts":1762977190831,"action":"FILE_OPENED","file":"/services/validation_service.py","tags":{"FILE_LINE_OF_CODE":"71"}}
{"ts":1762977235653,"action":"IDE_DEACTIVATED"}
{"ts":1762977246059,"action":"IDE_ACTIVATED"}
{"ts":1762977255065,"action":"FILE_CLOSED","file":"/services/validation_service.py","tags":{"FILE_LINE_OF_CODE":"71"}}
{"ts":1762977255065,"action":"FILE_OPENED","file":"/utils/text_extractor.py","tags":{"FILE_LINE_OF_CODE":"198"}}
{"ts":1762977293881,"action":"IDE_DEACTIVATED"}
{"ts":1762977314495,"action":"IDE_ACTIVATED"}
{"ts":1762977380910,"action":"FILE_CLOSED","file":"/utils/text_extractor.py","tags":{"FILE_LINE_OF_CODE":"201"}}
{"ts":1762977380910,"action":"FILE_OPENED","file":"/main.py","tags":{"FILE_LINE_OF_CODE":"20"}}
{"ts":1762977384033,"action":"IDE_DEACTIVATED"}
{"ts":1762977399573,"action":"IDE_ACTIVATED"}
{"ts":1762977407772,"action":"IDE_DEACTIVATED"}
{"ts":1762977430116,"action":"IDE_ACTIVATED"}
{"ts":1762977631302,"action":"IDE_DEACTIVATED"}
{"ts":1762977646504,"action":"IDE_ACTIVATED"}
{"ts":1762977681099,"action":"IDE_DEACTIVATED"}
{"ts":1762977693709,"action":"IDE_ACTIVATED"}
{"ts":1762977701668,"action":"IDE_DEACTIVATED"}
{"ts":1762977705130,"action":"IDE_ACTIVATED"}
{"ts":1762977706089,"action":"IDE_DEACTIVATED"}
{"ts":1762977708721,"action":"IDE_ACTIVATED"}
{"ts":1762977773162,"action":"IDE_DEACTIVATED"}
{"ts":1762977789789,"action":"IDE_ACTIVATED"}
{"ts":1762977858663,"action":"IDE_DEACTIVATED"}
{"ts":1762977874695,"action":"IDE_ACTIVATED"}
{"ts":1762977878338,"action":"IDE_DEACTIVATED"}
{"ts":1762977888930,"action":"IDE_ACTIVATED"}
{"ts":1762977894143,"action":"IDE_DEACTIVATED"}
{"ts":1762977897086,"action":"IDE_ACTIVATED"}
{"ts":1762977898764,"action":"IDE_DEACTIVATED"}
{"ts":1762977909618,"action":"IDE_ACTIVATED"}
{"ts":1762978030006,"action":"FILE_CLOSED","file":"/main.py","tags":{"FILE_LINE_OF_CODE":"20"}}
{"ts":1762978030006,"action":"FILE_OPENED","file":"/faktury.db","tags":{"FILE_LINE_OF_CODE":"null"}}
{"ts":1762978119248,"action":"FILE_OPENED","file":"/agent.md","tags":{"FILE_LINE_OF_CODE":"320"}}
{"ts":1762978131438,"action":"FILE_CLOSED","file":"/agent.md","tags":{"FILE_LINE_OF_CODE":"320"}}
{"ts":1762978131438,"action":"FILE_OPENED","file":"/main.py","tags":{"FILE_LINE_OF_CODE":"20"}}
{"ts":1762978135504,"action":"IDE_DEACTIVATED"}
{"ts":1762978154523,"action":"IDE_ACTIVATED"}
{"ts":1762978166148,"action":"IDE_DEACTIVATED"}
{"ts":1762978190620,"action":"IDE_ACTIVATED"}
{"ts":1762978298389,"action":"FILE_CLOSED","file":"/main.py","tags":{"FILE_LINE_OF_CODE":"20"}}
{"ts":1762978298389,"action":"FILE_OPENED","file":"/faktury.db","tags":{"FILE_LINE_OF_CODE":"null"}}
{"ts":1762978323313,"action":"IDE_DEACTIVATED"}
{"ts":1762978325089,"action":"IDE_ACTIVATED"}
{"ts":1762978328434,"action":"FILE_CLOSED","file":"/faktury.db","tags":{"FILE_LINE_OF_CODE":"null"}}
{"ts":1762978328434,"action":"FILE_OPENED","file":"/main.py","tags":{"FILE_LINE_OF_CODE":"20"}}
{"ts":1762978331254,"action":"IDE_DEACTIVATED"}
{"ts":1762978364524,"action":"IDE_ACTIVATED"}
{"ts":1762978454041,"action":"IDE_DEACTIVATED"}
{"ts":1762978487279,"action":"IDE_ACTIVATED"}
{"ts":1762978490253,"action":"IDE_DEACTIVATED"}
{"ts":1762978520206,"action":"IDE_ACTIVATED"}
{"ts":1762978528001,"action":"IDE_DEACTIVATED"}
{"ts":1762978551042,"action":"IDE_ACTIVATED"}
{"ts":1762978562233,"action":"IDE_DEACTIVATED"}
{"ts":1762978611023,"action":"IDE_ACTIVATED"}
{"ts":1762978612785,"action":"IDE_DEACTIVATED"}
{"ts":1762978838224,"action":"IDE_ACTIVATED"}
{"ts":1762978841551,"action":"IDE_DEACTIVATED"}
{"ts":1762978842750,"action":"IDE_ACTIVATED"}
{"ts":1762978845922,"action":"IDE_DEACTIVATED"}
{"ts":1762978909845,"action":"IDE_ACTIVATED"}
{"ts":1762978919256,"action":"IDE_DEACTIVATED"}
{"ts":1762978935083,"action":"IDE_ACTIVATED"}
{"ts":1762978937006,"action":"IDE_DEACTIVATED"}
{"ts":1762978947489,"action":"IDE_ACTIVATED"}
{"ts":1762978950363,"action":"IDE_DEACTIVATED"}
{"ts":1762978970453,"action":"IDE_ACTIVATED"}
{"ts":1762979000072,"action":"IDE_DEACTIVATED"}
{"ts":1762979030378,"action":"IDE_ACTIVATED"}
{"ts":1762979173011,"action":"IDE_DEACTIVATED"}
{"ts":1762979214642,"action":"IDE_ACTIVATED"}
{"ts":1762979249864,"action":"IDE_DEACTIVATED"}
{"ts":1762979350445,"action":"IDE_ACTIVATED"}
{"ts":1762979353532,"action":"IDE_DEACTIVATED"}
{"ts":1762979424561,"action":"IDE_ACTIVATED"}
{"ts":1762979553972,"action":"IDE_DEACTIVATED"}
{"ts":1762979562319,"action":"IDE_ACTIVATED"}
{"ts":1762979562625,"action":"FILE_CLOSED","file":"/main.py","tags":{"FILE_LINE_OF_CODE":"20"}}
{"ts":1762979562625,"action":"FILE_OPENED","file":"/faktury.db","tags":{"FILE_LINE_OF_CODE":"null"}}
{"ts":1762979567956,"action":"IDE_DEACTIVATED"}
{"ts":1762979584769,"action":"IDE_ACTIVATED"}
{"ts":1762979604343,"action":"FILE_CLOSED","file":"/faktury.db","tags":{"FILE_LINE_OF_CODE":"null"}}
{"ts":1762979604343,"action":"FILE_OPENED","file":"/agent.md","tags":{"FILE_LINE_OF_CODE":"320"}}
{"ts":1762979677836,"action":"FILE_CLOSED","file":"/agent.md","tags":{"FILE_LINE_OF_CODE":"320"}}
{"ts":1762979677836,"action":"FILE_OPENED","file":"/main.py","tags":{"FILE_LINE_OF_CODE":"20"}}
{"ts":1762979680793,"action":"IDE_DEACTIVATED"}
{"ts":1762979711636,"action":"IDE_ACTIVATED"}
{"ts":1762979714586,"action":"IDE_DEACTIVATED"}
{"ts":1762979718437,"action":"IDE_ACTIVATED"}
{"ts":1762979755885,"action":"IDE_DEACTIVATED"}
{"ts":1762979827682,"action":"IDE_ACTIVATED"}
{"ts":1762979830710,"action":"IDE_DEACTIVATED"}
{"ts":1762979859262,"action":"IDE_ACTIVATED"}
{"ts":1762980003225,"action":"IDE_DEACTIVATED"}
{"ts":1762980049045,"action":"IDE_ACTIVATED"}
{"ts":1762980110111,"action":"IDE_DEACTIVATED"}
{"ts":1762980125433,"action":"IDE_ACTIVATED"}
{"ts":1762980149685,"action":"IDE_DEACTIVATED"}
{"ts":1762980344935,"action":"IDE_ACTIVATED"}
{"ts":1762980697816,"action":"IDE_DEACTIVATED"}
{"ts":1762980711106,"action":"IDE_ACTIVATED"}
{"ts":1762980733482,"action":"IDE_DEACTIVATED"}
{"ts":1762980883007,"action":"IDE_ACTIVATED"}
{"ts":1762981188034,"action":"IDE_DEACTIVATED"}
{"ts":1762981331561,"action":"IDE_ACTIVATED"}
{"ts":1762981346821,"action":"IDE_DEACTIVATED"}
{"ts":1762981348218,"action":"IDE_ACTIVATED"}
{"ts":1762981459620,"action":"IDE_DEACTIVATED"}
{"ts":1762981488642,"action":"IDE_ACTIVATED"}
{"ts":1762981565522,"action":"IDE_DEACTIVATED"}
{"ts":1762981638407,"action":"IDE_ACTIVATED"}
{"ts":1762981861694,"action":"IDE_DEACTIVATED"}
{"ts":1762981967500,"action":"IDE_ACTIVATED"}
{"ts":1762982000974,"action":"IDE_DEACTIVATED"}
{"ts":1762982019166,"action":"IDE_ACTIVATED"}
{"ts":1762982182074,"action":"IDE_DEACTIVATED"}
{"ts":1762982191235,"action":"IDE_ACTIVATED"}
{"ts":1762982264446,"action":"IDE_DEACTIVATED"}
{"ts":1762982299133,"action":"IDE_ACTIVATED"}
{"ts":1762982318897,"action":"IDE_DEACTIVATED"}
{"ts":1762982326906,"action":"IDE_ACTIVATED"}
{"ts":1762982422832,"action":"IDE_DEACTIVATED"}
{"ts":1762986648650,"action":"IDE_ACTIVATED"}
{"ts":1762986651265,"action":"IDE_DEACTIVATED"}
{"ts":1762988443854,"action":"IDE_ACTIVATED"}
{"ts":1762988459631,"action":"IDE_DEACTIVATED"}
{"ts":1762988507875,"action":"IDE_ACTIVATED"}
{"ts":1762988689617,"action":"IDE_DEACTIVATED"}
{"ts":1762988695527,"action":"IDE_ACTIVATED"}
{"ts":1762988978226,"action":"IDE_DEACTIVATED"}
{"ts":1762988981695,"action":"IDE_ACTIVATED"}
{"ts":1762989040951,"action":"IDE_DEACTIVATED"}
{"ts":1762989050497,"action":"IDE_ACTIVATED"}
{"ts":1762989054144,"action":"IDE_DEACTIVATED"}
{"ts":1762989072764,"action":"IDE_ACTIVATED"}
{"ts":1762989213235,"action":"IDE_DEACTIVATED"}
{"ts":1762989215941,"action":"IDE_ACTIVATED"}
{"ts":1762989239718,"action":"IDE_DEACTIVATED"}
{"ts":1762989257656,"action":"IDE_ACTIVATED"}
{"ts":1762989419528,"action":"IDE_DEACTIVATED"}
{"ts":1762989429533,"action":"IDE_ACTIVATED"}
{"ts":1762989440878,"action":"IDE_DEACTIVATED"}
{"ts":1762989443492,"action":"IDE_ACTIVATED"}
{"ts":1762989615382,"action":"IDE_DEACTIVATED"}
{"ts":1762989655433,"action":"IDE_ACTIVATED"}
{"ts":1762989713991,"action":"IDE_DEACTIVATED"}
{"ts":1762989866244,"action":"IDE_ACTIVATED"}
{"ts":1762990140991,"action":"IDE_DEACTIVATED"}
{"ts":1762990210956,"action":"IDE_ACTIVATED"}
{"ts":1762990235856,"action":"IDE_DEACTIVATED"}
{"ts":1762990238768,"action":"IDE_ACTIVATED"}
{"ts":1762990272051,"action":"IDE_DEACTIVATED"}
{"ts":1762990273164,"action":"IDE_ACTIVATED"}
{"ts":1762990273834,"action":"IDE_DEACTIVATED"}
{"ts":1762990279253,"action":"IDE_ACTIVATED"}
{"ts":1762990395988,"action":"IDE_DEACTIVATED"}
{"ts":1762990409110,"action":"IDE_ACTIVATED"}
{"ts":1762990423401,"action":"IDE_DEACTIVATED"}
{"ts":1762990424794,"action":"IDE_ACTIVATED"}
{"ts":1762990522290,"action":"IDE_DEACTIVATED"}
{"ts":1762990676395,"action":"IDE_ACTIVATED"}
{"ts":1762990699003,"action":"IDE_DEACTIVATED"}
{"ts":1762990714907,"action":"IDE_ACTIVATED"}
{"ts":1762990720311,"action":"IDE_DEACTIVATED"}
{"ts":1762990721682,"action":"IDE_ACTIVATED"}
{"ts":1762990732839,"action":"IDE_DEACTIVATED"}
{"ts":1762990735962,"action":"IDE_ACTIVATED"}
{"ts":1762990775473,"action":"IDE_DEACTIVATED"}
{"ts":1762990783382,"action":"IDE_ACTIVATED"}
{"ts":1762990802336,"action":"IDE_DEACTIVATED"}
{"ts":1762990820358,"action":"IDE_ACTIVATED"}
{"ts":1762990863371,"action":"IDE_DEACTIVATED"}
{"ts":1762990977429,"action":"IDE_ACTIVATED"}
{"ts":1762990999698,"action":"IDE_DEACTIVATED"}
{"ts":1762991008844,"action":"IDE_ACTIVATED"}
{"ts":1762991031676,"action":"IDE_DEACTIVATED"}
{"ts":1762991033079,"action":"IDE_ACTIVATED"}
{"ts":1762991042096,"action":"IDE_DEACTIVATED"}
{"ts":1762991043932,"action":"IDE_ACTIVATED"}
{"ts":1762991142533,"action":"IDE_DEACTIVATED"}
{"ts":1762991143791,"action":"IDE_ACTIVATED"}
{"ts":1762991148496,"action":"IDE_DEACTIVATED"}
{"ts":1762991270320,"action":"IDE_ACTIVATED"}
{"ts":1762991287139,"action":"IDE_DEACTIVATED"}
{"ts":1762991296328,"action":"IDE_ACTIVATED"}
{"ts":1762991323369,"action":"IDE_DEACTIVATED"}
{"ts":1762991324995,"action":"IDE_ACTIVATED"}
{"ts":1762991400287,"action":"IDE_DEACTIVATED"}
{"ts":1762991403820,"action":"IDE_ACTIVATED"}
{"ts":1762991408461,"action":"IDE_DEACTIVATED"}
{"ts":1762991410924,"action":"IDE_ACTIVATED"}
{"ts":1762991421007,"action":"IDE_DEACTIVATED"}
{"ts":1762991489403,"action":"IDE_ACTIVATED"}
{"ts":1762991489784,"action":"IDE_DEACTIVATED"}
{"ts":1762991543906,"action":"IDE_ACTIVATED"}
{"ts":1762991560290,"action":"IDE_DEACTIVATED"}
{"ts":1762991567207,"action":"IDE_ACTIVATED"}
{"ts":1762991572397,"action":"IDE_DEACTIVATED"}
{"ts":1762991573749,"action":"IDE_ACTIVATED"}
{"ts":1762991603787,"action":"IDE_DEACTIVATED"}
{"ts":1762991618638,"action":"IDE_ACTIVATED"}
{"ts":1762991696430,"action":"IDE_DEACTIVATED"}
{"ts":1762991704103,"action":"IDE_ACTIVATED"}
{"ts":1762991706168,"action":"IDE_DEACTIVATED"}
{"ts":1762991773402,"action":"IDE_ACTIVATED"}
{"ts":1762991782219,"action":"IDE_DEACTIVATED"}
{"ts":1762991876770,"action":"IDE_ACTIVATED"}
{"ts":1762991908654,"action":"IDE_DEACTIVATED"}
{"ts":1762991930701,"action":"IDE_ACTIVATED"}
{"ts":1762992087704,"action":"IDE_DEACTIVATED"}
{"ts":1762992112813,"action":"IDE_ACTIVATED"}
{"ts":1762992114297,"action":"IDE_DEACTIVATED"}
{"ts":1762992115186,"action":"IDE_ACTIVATED"}
{"ts":1762992137530,"action":"IDE_DEACTIVATED"}
{"ts":1762992488606,"action":"IDE_ACTIVATED"}
{"ts":1762992496546,"action":"IDE_DEACTIVATED"}
{"ts":1762992497914,"action":"IDE_ACTIVATED"}
{"ts":1762992501115,"action":"IDE_DEACTIVATED"}
{"ts":1762992544310,"action":"IDE_ACTIVATED"}
{"ts":1762992550203,"action":"IDE_DEACTIVATED"}
{"ts":1762992574189,"action":"IDE_ACTIVATED"}
{"ts":1762992590788,"action":"IDE_DEACTIVATED"}
{"ts":1762992615451,"action":"IDE_ACTIVATED"}
{"ts":1762992709098,"action":"IDE_DEACTIVATED"}
{"ts":1762993030368,"action":"IDE_ACTIVATED"}
{"ts":1762993283602,"action":"IDE_DEACTIVATED"}
{"ts":1762993418737,"action":"IDE_ACTIVATED"}
{"ts":1762993457474,"action":"IDE_DEACTIVATED"}
{"ts":1762993459675,"action":"IDE_ACTIVATED"}
{"ts":1762993485663,"action":"IDE_DEACTIVATED"}
{"ts":1762993496624,"action":"IDE_ACTIVATED"}
{"ts":1762993620433,"action":"IDE_DEACTIVATED"}
{"ts":1762993622754,"action":"IDE_ACTIVATED"}
{"ts":1762993733633,"action":"IDE_DEACTIVATED"}
{"ts":1762993836963,"action":"IDE_ACTIVATED"}
{"ts":1762993849264,"action":"IDE_DEACTIVATED"}
{"ts":1762993851135,"action":"IDE_ACTIVATED"}
{"ts":1762993853549,"action":"IDE_DEACTIVATED"}
{"ts":1762993854450,"action":"IDE_ACTIVATED"}
{"ts":1762993855066,"action":"IDE_DEACTIVATED"}
{"ts":1762993860523,"action":"IDE_ACTIVATED"}
{"ts":1762993862128,"action":"IDE_DEACTIVATED"}
{"ts":1762993863866,"action":"IDE_ACTIVATED"}
{"ts":1762993873551,"action":"IDE_DEACTIVATED"}
{"ts":1762993875916,"action":"IDE_ACTIVATED"}
{"ts":1762993877789,"action":"IDE_DEACTIVATED"}
{"ts":1762993878723,"action":"IDE_ACTIVATED"}
{"ts":1762993938753,"action":"IDE_DEACTIVATED"}
{"ts":1762993941652,"action":"IDE_ACTIVATED"}
{"ts":1762993942429,"action":"IDE_DEACTIVATED"}
{"ts":1762993955653,"action":"IDE_ACTIVATED"}
{"ts":1762993961345,"action":"IDE_DEACTIVATED"}
{"ts":1762995214361,"action":"IDE_ACTIVATED"}
{"ts":1762995231129,"action":"IDE_DEACTIVATED"}
{"ts":1762995231692,"action":"IDE_ACTIVATED"}
{"ts":1762995241315,"action":"IDE_DEACTIVATED"}
{"ts":1762995341915,"action":"IDE_ACTIVATED"}
{"ts":1762995353157,"action":"IDE_DEACTIVATED"}
{"ts":1762995393865,"action":"IDE_ACTIVATED"}
{"ts":1762995403216,"action":"IDE_DEACTIVATED"}
{"ts":1762995453730,"action":"IDE_ACTIVATED"}
{"ts":1762995495224,"action":"IDE_DEACTIVATED"}
{"ts":1762995496133,"action":"IDE_ACTIVATED"}
{"ts":1762995552337,"action":"IDE_DEACTIVATED"}
{"ts":1762995604957,"action":"IDE_ACTIVATED"}
{"ts":1762995638819,"action":"IDE_DEACTIVATED"}
{"ts":1762995640026,"action":"IDE_ACTIVATED"}
{"ts":1762995659360,"action":"IDE_DEACTIVATED"}
{"ts":1762995761006,"action":"IDE_ACTIVATED"}
{"ts":1762995837769,"action":"IDE_DEACTIVATED"}
{"ts":1762995897254,"action":"IDE_ACTIVATED"}
{"ts":1762995923805,"action":"IDE_DEACTIVATED"}
{"ts":1762995947850,"action":"IDE_ACTIVATED"}
{"ts":1762995950269,"action":"IDE_DEACTIVATED"}
{"ts":1762995954873,"action":"IDE_ACTIVATED"}
{"ts":1762995955737,"action":"IDE_DEACTIVATED"}
{"ts":1762995967439,"action":"IDE_ACTIVATED"}
{"ts":1762995988823,"action":"IDE_DEACTIVATED"}
{"ts":1762995991075,"action":"IDE_ACTIVATED"}
{"ts":1762995996373,"action":"IDE_DEACTIVATED"}
{"ts":1762995997769,"action":"IDE_ACTIVATED"}
{"ts":1762996152846,"action":"IDE_DEACTIVATED"}
{"ts":1762996503979,"action":"IDE_ACTIVATED"}
{"ts":1762996578834,"action":"IDE_DEACTIVATED"}
{"ts":1762997671274,"action":"IDE_ACTIVATED"}
{"ts":1762997690057,"action":"IDE_DEACTIVATED"}
{"ts":1762997698521,"action":"IDE_ACTIVATED"}
{"ts":1762997798463,"action":"IDE_DEACTIVATED"}
{"ts":1762997809299,"action":"IDE_ACTIVATED"}
{"ts":1762997821344,"action":"IDE_DEACTIVATED"}
{"ts":1762998884618,"action":"IDE_ACTIVATED"}
{"ts":1762998900711,"action":"IDE_DEACTIVATED"}
{"ts":1762998907383,"action":"IDE_ACTIVATED"}
{"ts":1762998919819,"action":"IDE_DEACTIVATED"}
{"ts":1762999149857,"action":"IDE_ACTIVATED"}
{"ts":1762999489825,"action":"IDE_DEACTIVATED"}
{"ts":1762999493536,"action":"IDE_ACTIVATED"}
{"ts":1762999536280,"action":"IDE_DEACTIVATED"}
{"ts":1762999659863,"action":"IDE_ACTIVATED"}
{"ts":1762999767146,"action":"IDE_DEACTIVATED"}
{"ts":1762999812628,"action":"IDE_ACTIVATED"}
{"ts":1762999860560,"action":"IDE_DEACTIVATED"}
{"ts":1762999875882,"action":"IDE_ACTIVATED"}
{"ts":1762999915637,"action":"IDE_DEACTIVATED"}
{"ts":1762999921497,"action":"IDE_ACTIVATED"}
{"ts":1763000021337,"action":"IDE_DEACTIVATED"}
{"ts":1763000249908,"action":"IDE_ACTIVATED"}
{"ts":1763000448158,"action":"IDE_DEACTIVATED"}
{"ts":1763000457804,"action":"IDE_ACTIVATED"}
{"ts":1763000461047,"action":"IDE_DEACTIVATED"}
{"ts":1763000465407,"action":"IDE_ACTIVATED"}
{"ts":1763000471482,"action":"IDE_DEACTIVATED"}
{"ts":1763000472499,"action":"IDE_ACTIVATED"}
{"ts":1763000487884,"action":"IDE_DEACTIVATED"}
{"ts":1763000497852,"action":"IDE_ACTIVATED"}
{"ts":1763001068843,"action":"IDE_DEACTIVATED"}
{"ts":1763001094802,"action":"IDE_ACTIVATED"}
{"ts":1763001142171,"action":"IDE_DEACTIVATED"}
{"ts":1763002977227,"action":"IDE_ACTIVATED"}
{"ts":1763003028734,"action":"IDE_DEACTIVATED"}
{"ts":1763023468016,"action":"IDE_ACTIVATED"}
{"ts":1763023484336,"action":"IDE_DEACTIVATED"}
{"ts":1763023498237,"action":"IDE_ACTIVATED"}
{"ts":1763023502666,"action":"IDE_DEACTIVATED"}
{"ts":1763023549051,"action":"IDE_ACTIVATED"}
{"ts":1763023618287,"action":"IDE_DEACTIVATED"}
{"ts":1763023936748,"action":"IDE_ACTIVATED"}
{"ts":1763024016215,"action":"FILE_CLOSED","file":"/main.py","tags":{"FILE_LINE_OF_CODE":"20"}}
{"ts":1763024016215,"action":"FILE_OPENED","file":"/config/email_settings.py","tags":{"FILE_LINE_OF_CODE":"59"}}
{"ts":1763024103049,"action":"IDE_DEACTIVATED"}
{"ts":1763024383894,"action":"IDE_ACTIVATED"}
{"ts":1763024390593,"action":"IDE_DEACTIVATED"}
{"ts":1763024397804,"action":"IDE_ACTIVATED"}
{"ts":1763024656952,"action":"IDE_DEACTIVATED"}
{"ts":1763026399969,"action":"IDE_ACTIVATED"}
{"ts":1763026402938,"action":"FILE_CLOSED","file":"/config/email_settings.py","tags":{"FILE_LINE_OF_CODE":"59"}}
{"ts":1763026402938,"action":"FILE_OPENED","file":"/main.py","tags":{"FILE_LINE_OF_CODE":"20"}}
{"ts":1763026437192,"action":"IDE_DEACTIVATED"}
{"ts":1763026496917,"action":"IDE_ACTIVATED"}
{"ts":1763026521930,"action":"IDE_DEACTIVATED"}
{"ts":1763026706161,"action":"IDE_ACTIVATED"}
{"ts":1763026713769,"action":"IDE_DEACTIVATED"}
{"ts":1763026727924,"action":"IDE_ACTIVATED"}
{"ts":1763026757983,"action":"IDE_DEACTIVATED"}
{"ts":1763026777553,"action":"IDE_ACTIVATED"}
{"ts":1763026782952,"action":"IDE_DEACTIVATED"}
{"ts":1763026824863,"action":"IDE_ACTIVATED"}
{"ts":1763026827298,"action":"IDE_DEACTIVATED"}
{"ts":1763026838662,"action":"IDE_ACTIVATED"}
{"ts":1763026877410,"action":"IDE_DEACTIVATED"}
{"ts":1763026886807,"action":"IDE_ACTIVATED"}
{"ts":1763027147422,"action":"IDE_DEACTIVATED"}
{"ts":1763027268657,"action":"IDE_ACTIVATED"}
{"ts":1763027303859,"action":"IDE_DEACTIVATED"}
{"ts":1763027324417,"action":"IDE_ACTIVATED"}
{"ts":1763027370560,"action":"FILE_CLOSED","file":"/main.py","tags":{"FILE_LINE_OF_CODE":"20"}}
{"ts":1763027370560,"action":"FILE_OPENED","file":"/services/email_service.py","tags":{"FILE_LINE_OF_CODE":"262"}}
{"ts":1763027791639,"action":"IDE_DEACTIVATED"}
{"ts":1763027797652,"action":"IDE_ACTIVATED"}
{"ts":1763027844785,"action":"IDE_DEACTIVATED"}
{"ts":1763027860025,"action":"IDE_ACTIVATED"}
{"ts":1763028032770,"action":"FILE_CLOSED","file":"/services/email_service.py","tags":{"FILE_LINE_OF_CODE":"281"}}
{"ts":1763028032770,"action":"FILE_OPENED","file":"/gui/views/main_view.py","tags":{"FILE_LINE_OF_CODE":"521"}}
{"ts":1763028042280,"action":"FILE_CLOSED","file":"/gui/views/main_view.py","tags":{"FILE_LINE_OF_CODE":"521"}}
{"ts":1763028042280,"action":"FILE_OPENED","file":"/main.py","tags":{"FILE_LINE_OF_CODE":"20"}}
{"ts":1763028048041,"action":"IDE_DEACTIVATED"}
{"ts":1763028050548,"action":"IDE_ACTIVATED"}
{"ts":1763028071897,"action":"IDE_DEACTIVATED"}
{"ts":1763028260697,"action":"IDE_ACTIVATED"}
{"ts":1763028305857,"action":"IDE_DEACTIVATED"}
{"ts":1763028412822,"action":"IDE_ACTIVATED"}
{"ts":1763028418066,"action":"IDE_DEACTIVATED"}
{"ts":1763028766539,"action":"IDE_ACTIVATED"}
{"ts":1763028771832,"action":"IDE_DEACTIVATED"}
{"ts":1763030336527,"action":"IDE_ACTIVATED"}
{"ts":1763030395383,"action":"IDE_DEACTIVATED"}
{"ts":1763030420834,"action":"IDE_ACTIVATED"}
{"ts":1763030426532,"action":"IDE_DEACTIVATED"}
{"ts":1763030427411,"action":"IDE_ACTIVATED"}
{"ts":1763030539721,"action":"IDE_DEACTIVATED"}
{"ts":1763030541315,"action":"IDE_ACTIVATED"}
{"ts":1763030545784,"action":"IDE_DEACTIVATED"}
{"ts":1763030546753,"action":"IDE_ACTIVATED"}
{"ts":1763030606441,"action":"IDE_DEACTIVATED"}
{"ts":1763030606532,"action":"IDE_ACTIVATED"}
{"ts":1763030606797,"action":"IDE_DEACTIVATED"}
{"ts":1763030608414,"action":"IDE_ACTIVATED"}
{"ts":1763030613064,"action":"IDE_DEACTIVATED"}
{"ts":1763036222639,"action":"IDE_ACTIVATED"}
{"ts":1763036226498,"action":"IDE_DEACTIVATED"}
{"ts":1763036233168,"action":"IDE_ACTIVATED"}
{"ts":1763036299426,"action":"IDE_DEACTIVATED"}
{"ts":1763036407852,"action":"IDE_ACTIVATED"}
{"ts":1763036411879,"action":"IDE_DEACTIVATED"}
{"ts":1763036716660,"action":"IDE_ACTIVATED"}
{"ts":1763036727652,"action":"IDE_DEACTIVATED"}
{"ts":1763036739767,"action":"IDE_ACTIVATED"}
{"ts":1763036941937,"action":"IDE_DEACTIVATED"}
{"ts":1763036960752,"action":"IDE_ACTIVATED"}
{"ts":1763036971657,"action":"FILE_CLOSED","file":"/main.py","tags":{"FILE_LINE_OF_CODE":"20"}}
{"ts":1763036971657,"action":"FILE_OPENED","file":"/gui/components/navigation_rail.py","tags":{"FILE_LINE_OF_CODE":"89"}}
{"ts":1763037186733,"action":"FILE_CLOSED","file":"/gui/components/navigation_rail.py","tags":{"FILE_LINE_OF_CODE":"90"}}
{"ts":1763037186733,"action":"FILE_OPENED","file":"/main.py","tags":{"FILE_LINE_OF_CODE":"20"}}
{"ts":1763037190303,"action":"IDE_DEACTIVATED"}
{"ts":1763037203771,"action":"IDE_ACTIVATED"}
{"ts":1763037215238,"action":"FILE_CLOSED","file":"/main.py","tags":{"FILE_LINE_OF_CODE":"20"}}
{"ts":1763037215238,"action":"FILE_OPENED","file":"/gui/components/navigation_rail.py","tags":{"FILE_LINE_OF_CODE":"90"}}
{"ts":1763037220791,"action":"IDE_DEACTIVATED"}
{"ts":1763037222254,"action":"IDE_ACTIVATED"}
{"ts":1763037228081,"action":"IDE_DEACTIVATED"}
{"ts":1763037230772,"action":"IDE_ACTIVATED"}
{"ts":1763037596829,"action":"FILE_CLOSED","file":"/gui/components/navigation_rail.py","tags":{"FILE_LINE_OF_CODE":"92"}}
{"ts":1763037596829,"action":"FILE_OPENED","file":"/main.py","tags":{"FILE_LINE_OF_CODE":"20"}}
{"ts":1763037600815,"action":"IDE_DEACTIVATED"}
{"ts":1763038126760,"action":"IDE_ACTIVATED"}
{"ts":1763038138144,"action":"FILE_CLOSED","file":"/main.py","tags":{"FILE_LINE_OF_CODE":"20"}}
{"ts":1763038138144,"action":"FILE_OPENED","file":"/gui/components/navigation_rail.py","tags":{"FILE_LINE_OF_CODE":"92"}}
{"ts":1763038407212,"action":"FILE_CLOSED","file":"/gui/components/navigation_rail.py","tags":{"FILE_LINE_OF_CODE":"100"}}
{"ts":1763038407212,"action":"FILE_OPENED","file":"/main.py","tags":{"FILE_LINE_OF_CODE":"20"}}
{"ts":1763038411135,"action":"IDE_DEACTIVATED"}
{"ts":1763038462578,"action":"IDE_ACTIVATED"}
{"ts":1763038469986,"action":"FILE_CLOSED","file":"/main.py","tags":{"FILE_LINE_OF_CODE":"20"}}
{"ts":1763038469986,"action":"FILE_OPENED","file":"/gui/components/navigation_rail.py","tags":{"FILE_LINE_OF_CODE":"100"}}
{"ts":1763042326526,"action":"FILE_OPENED","file":"/gui/components/navigation_rail.py","tags":{"FILE_LINE_OF_CODE":"100"}}
{"ts":1763042333086,"action":"PROJECT_OPENED","tags":{"PROJECT_NAME":"faktura_scanner"}}
{"ts":1763042436600,"action":"IDE_DEACTIVATED"}
{"ts":1763042436669,"action":"IDE_ACTIVATED"}
{"ts":1763042436915,"action":"IDE_DEACTIVATED"}
{"ts":1763042591482,"action":"IDE_ACTIVATED"}
{"ts":1763042599341,"action":"FILE_CLOSED","file":"/gui/components/navigation_rail.py","tags":{"FILE_LINE_OF_CODE":"100"}}
{"ts":1763042599341,"action":"FILE_OPENED","file":"/main.py","tags":{"FILE_LINE_OF_CODE":"20"}}
{"ts":1763042610082,"action":"IDE_DEACTIVATED"}
{"ts":1763042645205,"action":"IDE_ACTIVATED"}
{"ts":1763042651680,"action":"FILE_CLOSED","file":"/main.py","tags":{"FILE_LINE_OF_CODE":"20"}}
{"ts":1763042651680,"action":"FILE_OPENED","file":"/gui/components/navigation_rail.py","tags":{"FILE_LINE_OF_CODE":"100"}}
{"ts":1763043037478,"action":"FILE_CLOSED","file":"/gui/components/navigation_rail.py","tags":{"FILE_LINE_OF_CODE":"100"}}
{"ts":1763043037478,"action":"FILE_OPENED","file":"/main.py","tags":{"FILE_LINE_OF_CODE":"20"}}
{"ts":1763043041090,"action":"IDE_DEACTIVATED"}
{"ts":1763043066400,"action":"IDE_ACTIVATED"}
{"ts":1763043070356,"action":"FILE_CLOSED","file":"/main.py","tags":{"FILE_LINE_OF_CODE":"20"}}
{"ts":1763043070356,"action":"FILE_OPENED","file":"/gui/components/navigation_rail.py","tags":{"FILE_LINE_OF_CODE":"100"}}
{"ts":1763043097931,"action":"FILE_CLOSED","file":"/gui/components/navigation_rail.py","tags":{"FILE_LINE_OF_CODE":"101"}}
{"ts":1763043097931,"action":"FILE_OPENED","file":"/main.py","tags":{"FILE_LINE_OF_CODE":"20"}}
{"ts":1763043100985,"action":"IDE_DEACTIVATED"}
{"ts":1763043120516,"action":"IDE_ACTIVATED"}
{"ts":1763043122755,"action":"FILE_CLOSED","file":"/main.py","tags":{"FILE_LINE_OF_CODE":"20"}}
{"ts":1763043122755,"action":"FILE_OPENED","file":"/gui/components/navigation_rail.py","tags":{"FILE_LINE_OF_CODE":"101"}}
{"ts":1763043145648,"action":"FILE_CLOSED","file":"/gui/components/navigation_rail.py","tags":{"FILE_LINE_OF_CODE":"101"}}
{"ts":1763043145648,"action":"FILE_OPENED","file":"/main.py","tags":{"FILE_LINE_OF_CODE":"20"}}
{"ts":1763043148521,"action":"IDE_DEACTIVATED"}
{"ts":1763043250265,"action":"IDE_ACTIVATED"}
{"ts":1763043251721,"action":"FILE_CLOSED","file":"/main.py","tags":{"FILE_LINE_OF_CODE":"20"}}
{"ts":1763043251721,"action":"FILE_OPENED","file":"/gui/components/navigation_rail.py","tags":{"FILE_LINE_OF_CODE":"101"}}
{"ts":1763043413026,"action":"IDE_DEACTIVATED"}
{"ts":1763043433090,"action":"IDE_ACTIVATED"}
{"ts":1763043435610,"action":"IDE_DEACTIVATED"}
{"ts":1763043439646,"action":"IDE_ACTIVATED"}
{"ts":1763043441264,"action":"IDE_DEACTIVATED"}
{"ts":1763043447551,"action":"IDE_ACTIVATED"}
{"ts":1763043449943,"action":"IDE_DEACTIVATED"}
{"ts":1763043461748,"action":"IDE_ACTIVATED"}
{"ts":1763043478043,"action":"IDE_DEACTIVATED"}
{"ts":1763043550150,"action":"IDE_ACTIVATED"}
{"ts":1763043616881,"action":"FILE_CLOSED","file":"/gui/components/navigation_rail.py","tags":{"FILE_LINE_OF_CODE":"101"}}
{"ts":1763043616881,"action":"FILE_OPENED","file":"/main.py","tags":{"FILE_LINE_OF_CODE":"20"}}
{"ts":1763043619486,"action":"IDE_DEACTIVATED"}
{"ts":1763043912391,"action":"IDE_ACTIVATED"}
{"ts":1763043926314,"action":"IDE_DEACTIVATED"}
{"ts":1763043926423,"action":"IDE_ACTIVATED"}
{"ts":1763044067973,"action":"FILE_CLOSED","file":"/main.py","tags":{"FILE_LINE_OF_CODE":"20"}}
{"ts":1763044067973,"action":"FILE_OPENED","file":"/gui/components/navigation_rail.py","tags":{"FILE_LINE_OF_CODE":"101"}}
{"ts":1763044071687,"action":"IDE_DEACTIVATED"}
{"ts":1763044085235,"action":"IDE_ACTIVATED"}
{"ts":1763044096880,"action":"FILE_CLOSED","file":"/gui/components/navigation_rail.py","tags":{"FILE_LINE_OF_CODE":"101"}}
{"ts":1763044096880,"action":"FILE_OPENED","file":"/main.py","tags":{"FILE_LINE_OF_CODE":"20"}}
{"ts":1763044140352,"action":"FILE_CLOSED","file":"/main.py","tags":{"FILE_LINE_OF_CODE":"20"}}
{"ts":1763044140352,"action":"FILE_OPENED","file":"/gui/app.py","tags":{"FILE_LINE_OF_CODE":"219"}}
{"ts":1763044495511,"action":"FILE_CLOSED","file":"/gui/app.py","tags":{"FILE_LINE_OF_CODE":"220"}}
{"ts":1763044495511,"action":"FILE_OPENED","file":"/main.py","tags":{"FILE_LINE_OF_CODE":"20"}}
{"ts":1763044499348,"action":"IDE_DEACTIVATED"}
{"ts":1763044511876,"action":"IDE_ACTIVATED"}
{"ts":1763044514700,"action":"FILE_CLOSED","file":"/main.py","tags":{"FILE_LINE_OF_CODE":"20"}}
{"ts":1763044514700,"action":"FILE_OPENED","file":"/gui/components/navigation_rail.py","tags":{"FILE_LINE_OF_CODE":"101"}}
{"ts":1763044572716,"action":"FILE_CLOSED","file":"/gui/components/navigation_rail.py","tags":{"FILE_LINE_OF_CODE":"101"}}
{"ts":1763044572716,"action":"FILE_OPENED","file":"/main.py","tags":{"FILE_LINE_OF_CODE":"20"}}
{"ts":1763044576261,"action":"IDE_DEACTIVATED"}
{"ts":1763044593515,"action":"IDE_ACTIVATED"}
{"ts":1763044594854,"action":"FILE_CLOSED","file":"/main.py","tags":{"FILE_LINE_OF_CODE":"20"}}
{"ts":1763044594854,"action":"FILE_OPENED","file":"/gui/components/navigation_rail.py","tags":{"FILE_LINE_OF_CODE":"101"}}
{"ts":1763044814682,"action":"IDE_DEACTIVATED"}
{"ts":1763044877948,"action":"IDE_ACTIVATED"}
{"ts":1763044887191,"action":"IDE_DEACTIVATED"}
{"ts":1763045149821,"action":"IDE_ACTIVATED"}
{"ts":1763045152479,"action":"IDE_DEACTIVATED"}
{"ts":1763045246583,"action":"IDE_ACTIVATED"}
{"ts":1763045297957,"action":"FILE_CLOSED","file":"/gui/components/navigation_rail.py","tags":{"FILE_LINE_OF_CODE":"101"}}
{"ts":1763045297957,"action":"FILE_OPENED","file":"/main.py","tags":{"FILE_LINE_OF_CODE":"20"}}
{"ts":1763045302557,"action":"IDE_DEACTIVATED"}
{"ts":1763045313734,"action":"IDE_ACTIVATED"}
{"ts":1763045315743,"action":"FILE_CLOSED","file":"/main.py","tags":{"FILE_LINE_OF_CODE":"20"}}
{"ts":1763045315743,"action":"FILE_OPENED","file":"/gui/components/navigation_rail.py","tags":{"FILE_LINE_OF_CODE":"101"}}
{"ts":1763045454844,"action":"FILE_CLOSED","file":"/gui/components/navigation_rail.py","tags":{"FILE_LINE_OF_CODE":"102"}}
{"ts":1763045454844,"action":"FILE_OPENED","file":"/main.py","tags":{"FILE_LINE_OF_CODE":"20"}}
{"ts":1763045458171,"action":"IDE_DEACTIVATED"}
{"ts":1763045464387,"action":"IDE_ACTIVATED"}
{"ts":1763045466499,"action":"FILE_CLOSED","file":"/main.py","tags":{"FILE_LINE_OF_CODE":"20"}}
{"ts":1763045466499,"action":"FILE_OPENED","file":"/gui/components/navigation_rail.py","tags":{"FILE_LINE_OF_CODE":"102"}}
{"ts":1763045688956,"action":"FILE_CLOSED","file":"/gui/components/navigation_rail.py","tags":{"FILE_LINE_OF_CODE":"97"}}
{"ts":1763045688956,"action":"FILE_OPENED","file":"/main.py","tags":{"FILE_LINE_OF_CODE":"20"}}
{"ts":1763045691993,"action":"IDE_DEACTIVATED"}
{"ts":1763045704994,"action":"IDE_ACTIVATED"}
{"ts":1763045706328,"action":"FILE_CLOSED","file":"/main.py","tags":{"FILE_LINE_OF_CODE":"20"}}
{"ts":1763045706328,"action":"FILE_OPENED","file":"/gui/components/navigation_rail.py","tags":{"FILE_LINE_OF_CODE":"97"}}
{"ts":1763045849521,"action":"FILE_CLOSED","file":"/gui/components/navigation_rail.py","tags":{"FILE_LINE_OF_CODE":"77"}}
{"ts":1763045849521,"action":"FILE_OPENED","file":"/main.py","tags":{"FILE_LINE_OF_CODE":"20"}}
{"ts":1763045854810,"action":"IDE_DEACTIVATED"}
{"ts":1763045871488,"action":"IDE_ACTIVATED"}
{"ts":1763045874787,"action":"IDE_DEACTIVATED"}
{"ts":1763045878497,"action":"IDE_ACTIVATED"}
{"ts":1763045883719,"action":"IDE_DEACTIVATED"}
{"ts":1763045901244,"action":"IDE_ACTIVATED"}
{"ts":1763045908890,"action":"FILE_CLOSED","file":"/main.py","tags":{"FILE_LINE_OF_CODE":"20"}}
{"ts":1763045908890,"action":"FILE_OPENED","file":"/gui/app.py","tags":{"FILE_LINE_OF_CODE":"220"}}
{"ts":1763045985066,"action":"FILE_CLOSED","file":"/gui/app.py","tags":{"FILE_LINE_OF_CODE":"218"}}
{"ts":1763045985066,"action":"FILE_OPENED","file":"/main.py","tags":{"FILE_LINE_OF_CODE":"20"}}
{"ts":1763045987741,"action":"IDE_DEACTIVATED"}
{"ts":1763046009965,"action":"IDE_ACTIVATED"}
{"ts":1763046024253,"action":"FILE_CLOSED","file":"/main.py","tags":{"FILE_LINE_OF_CODE":"20"}}
{"ts":1763046024253,"action":"FILE_OPENED","file":"/gui/components/navigation_rail.py","tags":{"FILE_LINE_OF_CODE":"77"}}
{"ts":1763046059217,"action":"FILE_CLOSED","file":"/gui/components/navigation_rail.py","tags":{"FILE_LINE_OF_CODE":"77"}}
{"ts":1763046059217,"action":"FILE_OPENED","file":"/gui/app.py","tags":{"FILE_LINE_OF_CODE":"218"}}
{"ts":1763046178332,"action":"FILE_CLOSED","file":"/gui/app.py","tags":{"FILE_LINE_OF_CODE":"219"}}
{"ts":1763046178332,"action":"FILE_OPENED","file":"/main.py","tags":{"FILE_LINE_OF_CODE":"20"}}
{"ts":1763046181308,"action":"IDE_DEACTIVATED"}
{"ts":1763046226635,"action":"IDE_ACTIVATED"}
{"ts":1763046230518,"action":"FILE_CLOSED","file":"/main.py","tags":{"FILE_LINE_OF_CODE":"20"}}
{"ts":1763046230518,"action":"FILE_OPENED","file":"/gui/components/navigation_rail.py","tags":{"FILE_LINE_OF_CODE":"77"}}
{"ts":1763046314971,"action":"FILE_CLOSED","file":"/gui/components/navigation_rail.py","tags":{"FILE_LINE_OF_CODE":"71"}}
{"ts":1763046314971,"action":"FILE_OPENED","file":"/main.py","tags":{"FILE_LINE_OF_CODE":"20"}}
{"ts":1763046318623,"action":"IDE_DEACTIVATED"}
{"ts":1763046322663,"action":"IDE_ACTIVATED"}
{"ts":1763046323876,"action":"FILE_CLOSED","file":"/main.py","tags":{"FILE_LINE_OF_CODE":"20"}}
{"ts":1763046323876,"action":"FILE_OPENED","file":"/gui/app.py","tags":{"FILE_LINE_OF_CODE":"219"}}
{"ts":1763046403453,"action":"FILE_CLOSED","file":"/gui/app.py","tags":{"FILE_LINE_OF_CODE":"218"}}
{"ts":1763046403453,"action":"FILE_OPENED","file":"/main.py","tags":{"FILE_LINE_OF_CODE":"20"}}
{"ts":1763046406389,"action":"IDE_DEACTIVATED"}
{"ts":1763046454335,"action":"IDE_ACTIVATED"}
{"ts":1763046457961,"action":"FILE_CLOSED","file":"/main.py","tags":{"FILE_LINE_OF_CODE":"20"}}
{"ts":1763046457961,"action":"FILE_OPENED","file":"/gui/components/navigation_rail.py","tags":{"FILE_LINE_OF_CODE":"71"}}
{"ts":1763046466842,"action":"FILE_CLOSED","file":"/gui/components/navigation_rail.py","tags":{"FILE_LINE_OF_CODE":"71"}}
{"ts":1763046466842,"action":"FILE_OPENED","file":"/main.py","tags":{"FILE_LINE_OF_CODE":"20"}}
{"ts":1763046469615,"action":"IDE_DEACTIVATED"}
{"ts":1763046476669,"action":"IDE_ACTIVATED"}
{"ts":1763046480786,"action":"FILE_CLOSED","file":"/main.py","tags":{"FILE_LINE_OF_CODE":"20"}}
{"ts":1763046480786,"action":"FILE_OPENED","file":"/gui/app.py","tags":{"FILE_LINE_OF_CODE":"218"}}
{"ts":1763046906782,"action":"FILE_CLOSED","file":"/gui/app.py","tags":{"FILE_LINE_OF_CODE":"219"}}
{"ts":1763046906782,"action":"FILE_OPENED","file":"/main.py","tags":{"FILE_LINE_OF_CODE":"20"}}
{"ts":1763046910219,"action":"IDE_DEACTIVATED"}
{"ts":1763046925302,"action":"IDE_ACTIVATED"}
{"ts":1763046927128,"action":"FILE_CLOSED","file":"/main.py","tags":{"FILE_LINE_OF_CODE":"20"}}
{"ts":1763046927128,"action":"FILE_OPENED","file":"/gui/components/navigation_rail.py","tags":{"FILE_LINE_OF_CODE":"71"}}
{"ts":1763047019191,"action":"FILE_CLOSED","file":"/gui/components/navigation_rail.py","tags":{"FILE_LINE_OF_CODE":"70"}}
{"ts":1763047019191,"action":"FILE_OPENED","file":"/main.py","tags":{"FILE_LINE_OF_CODE":"20"}}
{"ts":1763047022750,"action":"IDE_DEACTIVATED"}
{"ts":1763047067382,"action":"IDE_ACTIVATED"}
{"ts":1763047075895,"action":"FILE_CLOSED","file":"/main.py","tags":{"FILE_LINE_OF_CODE":"20"}}
{"ts":1763047075895,"action":"FILE_OPENED","file":"/gui/components/navigation_rail.py","tags":{"FILE_LINE_OF_CODE":"70"}}
{"ts":1763047161628,"action":"FILE_CLOSED","file":"/gui/components/navigation_rail.py","tags":{"FILE_LINE_OF_CODE":"67"}}
{"ts":1763047161628,"action":"FILE_OPENED","file":"/main.py","tags":{"FILE_LINE_OF_CODE":"20"}}
{"ts":1763047164920,"action":"IDE_DEACTIVATED"}
{"ts":1763047180525,"action":"IDE_ACTIVATED"}
{"ts":1763047184128,"action":"FILE_CLOSED","file":"/main.py","tags":{"FILE_LINE_OF_CODE":"20"}}
{"ts":1763047184128,"action":"FILE_OPENED","file":"/gui/components/navigation_rail.py","tags":{"FILE_LINE_OF_CODE":"67"}}
{"ts":1763047185805,"action":"FILE_CLOSED","file":"/gui/components/navigation_rail.py","tags":{"FILE_LINE_OF_CODE":"67"}}
{"ts":1763047185805,"action":"FILE_OPENED","file":"/gui/app.py","tags":{"FILE_LINE_OF_CODE":"219"}}
{"ts":1763047384944,"action":"FILE_CLOSED","file":"/gui/app.py","tags":{"FILE_LINE_OF_CODE":"219"}}
{"ts":1763047384944,"action":"FILE_OPENED","file":"/main.py","tags":{"FILE_LINE_OF_CODE":"20"}}
{"ts":1763047388538,"action":"IDE_DEACTIVATED"}
{"ts":1763047402078,"action":"IDE_ACTIVATED"}
{"ts":1763047404606,"action":"FILE_CLOSED","file":"/main.py","tags":{"FILE_LINE_OF_CODE":"20"}}
{"ts":1763047404606,"action":"FILE_OPENED","file":"/gui/app.py","tags":{"FILE_LINE_OF_CODE":"219"}}
{"ts":1763047550245,"action":"FILE_CLOSED","file":"/gui/app.py","tags":{"FILE_LINE_OF_CODE":"219"}}
{"ts":1763047550245,"action":"FILE_OPENED","file":"/main.py","tags":{"FILE_LINE_OF_CODE":"20"}}
{"ts":1763047554028,"action":"IDE_DEACTIVATED"}
{"ts":1763047560270,"action":"IDE_ACTIVATED"}
{"ts":1763047564877,"action":"FILE_CLOSED","file":"/main.py","tags":{"FILE_LINE_OF_CODE":"20"}}
{"ts":1763047564877,"action":"FILE_OPENED","file":"/gui/components/navigation_rail.py","tags":{"FILE_LINE_OF_CODE":"67"}}
{"ts":1763047678638,"action":"FILE_CLOSED","file":"/gui/components/navigation_rail.py","tags":{"FILE_LINE_OF_CODE":"68"}}
{"ts":1763047678638,"action":"FILE_OPENED","file":"/main.py","tags":{"FILE_LINE_OF_CODE":"20"}}
{"ts":1763047681542,"action":"IDE_DEACTIVATED"}
{"ts":1763048243426,"action":"IDE_ACTIVATED"}
{"ts":1763048244767,"action":"FILE_CLOSED","file":"/main.py","tags":{"FILE_LINE_OF_CODE":"20"}}
{"ts":1763048244767,"action":"FILE_OPENED","file":"/gui/components/navigation_rail.py","tags":{"FILE_LINE_OF_CODE":"68"}}
{"ts":1763048278527,"action":"FILE_CLOSED","file":"/gui/components/navigation_rail.py","tags":{"FILE_LINE_OF_CODE":"68"}}
{"ts":1763048278527,"action":"FILE_OPENED","file":"/main.py","tags":{"FILE_LINE_OF_CODE":"20"}}
{"ts":1763048281424,"action":"FILE_CLOSED","file":"/main.py","tags":{"FILE_LINE_OF_CODE":"20"}}
{"ts":1763048286699,"action":"FILE_OPENED","file":"/main.py","tags":{"FILE_LINE_OF_CODE":"20"}}
{"ts":1763048291722,"action":"IDE_DEACTIVATED"}
{"ts":1763048492906,"action":"IDE_ACTIVATED"}
{"ts":1763048497165,"action":"IDE_DEACTIVATED"}
{"ts":1763048510355,"action":"IDE_ACTIVATED"}
{"ts":1763048517142,"action":"IDE_DEACTIVATED"}
{"ts":1763050752966,"action":"IDE_ACTIVATED"}
{"ts":1763050850558,"action":"IDE_DEACTIVATED"}
{"ts":1763052430023,"action":"IDE_ACTIVATED"}
{"ts":1763052430717,"action":"IDE_DEACTIVATED"}
{"ts":1763052932146,"action":"IDE_ACTIVATED"}
{"ts":1763052964320,"action":"IDE_DEACTIVATED"}
{"ts":1763053884531,"action":"IDE_ACTIVATED"}
{"ts":1763053960144,"action":"IDE_DEACTIVATED"}
{"ts":1763054018631,"action":"IDE_ACTIVATED"}
{"ts":1763054317663,"action":"IDE_DEACTIVATED"}
{"ts":1763054334521,"action":"IDE_ACTIVATED"}
{"ts":1763054426512,"action":"IDE_DEACTIVATED"}
{"ts":1763054431093,"action":"IDE_ACTIVATED"}
{"ts":1763054431109,"action":"FILE_CLOSED","file":"/main.py","tags":{"FILE_LINE_OF_CODE":"20"}}
{"ts":1763054948469,"action":"IDE_DEACTIVATED"}
{"ts":1763054951928,"action":"IDE_ACTIVATED"}
{"ts":1763054956272,"action":"IDE_DEACTIVATED"}
{"ts":1763054996672,"action":"IDE_ACTIVATED"}
{"ts":1763054996718,"action":"IDE_DEACTIVATED"}
{"ts":1763057916050,"action":"IDE_ACTIVATED"}
{"ts":1763057925290,"action":"FILE_OPENED","file":"/main.py","tags":{"FILE_LINE_OF_CODE":"20"}}
{"ts":1763057928880,"action":"IDE_DEACTIVATED"}
{"ts":1763057933294,"action":"IDE_ACTIVATED"}
{"ts":1763057934306,"action":"FILE_CLOSED","file":"/main.py","tags":{"FILE_LINE_OF_CODE":"20"}}
{"ts":1763057934306,"action":"FILE_OPENED","file":"/gui/components/navigation_rail.py","tags":{"FILE_LINE_OF_CODE":"111"}}
{"ts":1763057945214,"action":"FILE_CLOSED","file":"/gui/components/navigation_rail.py","tags":{"FILE_LINE_OF_CODE":"111"}}
{"ts":1763057945214,"action":"FILE_OPENED","file":"/main.py","tags":{"FILE_LINE_OF_CODE":"20"}}
{"ts":1763057948270,"action":"IDE_DEACTIVATED"}
{"ts":1763058225128,"action":"IDE_ACTIVATED"}
{"ts":1763058295163,"action":"IDE_DEACTIVATED"}
{"ts":1763058316253,"action":"IDE_ACTIVATED"}
{"ts":1763058459272,"action":"IDE_DEACTIVATED"}
{"ts":1763058479831,"action":"IDE_ACTIVATED"}
{"ts":1763058588202,"action":"IDE_DEACTIVATED"}
{"ts":1763058596961,"action":"IDE_ACTIVATED"}
{"ts":1763058628826,"action":"IDE_DEACTIVATED"}
{"ts":1763058791022,"action":"IDE_ACTIVATED"}
{"ts":1763058791098,"action":"IDE_DEACTIVATED"}
{"ts":1763058857424,"action":"IDE_ACTIVATED"}
{"ts":1763058946264,"action":"IDE_DEACTIVATED"}
{"ts":1763059181007,"action":"IDE_ACTIVATED"}
{"ts":1763059181039,"action":"IDE_DEACTIVATED"}
{"ts":1763059192426,"action":"IDE_ACTIVATED"}
{"ts":1763059204231,"action":"IDE_DEACTIVATED"}
{"ts":1763059275822,"action":"IDE_ACTIVATED"}
{"ts":1763059287980,"action":"IDE_DEACTIVATED"}
{"ts":1763059301613,"action":"IDE_ACTIVATED"}
{"ts":1763059316081,"action":"IDE_DEACTIVATED"}
{"ts":1763059351960,"action":"IDE_ACTIVATED"}
{"ts":1763059454560,"action":"IDE_DEACTIVATED"}
{"ts":1763059475951,"action":"IDE_ACTIVATED"}
{"ts":1763059565119,"action":"IDE_DEACTIVATED"}
{"ts":1763059568003,"action":"IDE_ACTIVATED"}
{"ts":1763059588427,"action":"IDE_DEACTIVATED"}
{"ts":1763059621928,"action":"IDE_ACTIVATED"}
{"ts":1763059621943,"action":"IDE_DEACTIVATED"}
{"ts":1763059629644,"action":"IDE_ACTIVATED"}
{"ts":1763059640614,"action":"IDE_DEACTIVATED"}
{"ts":1763059660717,"action":"IDE_ACTIVATED"}
{"ts":1763059663735,"action":"IDE_DEACTIVATED"}
{"ts":1763059665234,"action":"IDE_ACTIVATED"}
{"ts":1763059667096,"action":"IDE_DEACTIVATED"}
{"ts":1763059671041,"action":"IDE_ACTIVATED"}
{"ts":1763059673001,"action":"IDE_DEACTIVATED"}
{"ts":1763059676552,"action":"IDE_ACTIVATED"}
{"ts":1763059780180,"action":"IDE_DEACTIVATED"}
{"ts":1763059788978,"action":"IDE_ACTIVATED"}
{"ts":1763059943163,"action":"IDE_DEACTIVATED"}
{"ts":1763060027996,"action":"IDE_ACTIVATED"}
{"ts":1763060031349,"action":"IDE_DEACTIVATED"}
{"ts":1763060072445,"action":"IDE_ACTIVATED"}
{"ts":1763060087691,"action":"IDE_DEACTIVATED"}
{"ts":1763060139338,"action":"IDE_ACTIVATED"}
{"ts":1763060199668,"action":"IDE_DEACTIVATED"}
{"ts":1763060207407,"action":"IDE_ACTIVATED"}
{"ts":1763060430539,"action":"IDE_DEACTIVATED"}
{"ts":1763064927478,"action":"IDE_ACTIVATED"}
{"ts":1763064933101,"action":"IDE_DEACTIVATED"}
{"ts":1763065316837,"action":"IDE_ACTIVATED"}
{"ts":1763065347489,"action":"IDE_DEACTIVATED"}
{"ts":1763065596439,"action":"IDE_ACTIVATED"}
{"ts":1763065676936,"action":"FILE_CLOSED","file":"/main.py","tags":{"FILE_LINE_OF_CODE":"20"}}
{"ts":1763065676936,"action":"FILE_OPENED","file":"/gui/views/main_view.py","tags":{"FILE_LINE_OF_CODE":"521"}}
{"ts":1763065866049,"action":"IDE_DEACTIVATED"}
{"ts":1763066312206,"action":"IDE_ACTIVATED"}
{"ts":1763066316502,"action":"FILE_CLOSED","file":"/gui/views/main_view.py","tags":{"FILE_LINE_OF_CODE":"521"}}
{"ts":1763066316502,"action":"FILE_OPENED","file":"/main.py","tags":{"FILE_LINE_OF_CODE":"20"}}
{"ts":1763066326382,"action":"IDE_DEACTIVATED"}
{"ts":1763066490664,"action":"IDE_ACTIVATED"}
{"ts":1763066603255,"action":"FILE_CLOSED","file":"/main.py","tags":{"FILE_LINE_OF_CODE":"19"}}
{"ts":1763066603255,"action":"FILE_OPENED","file":"/gui/views/main_view.py","tags":{"FILE_LINE_OF_CODE":"521"}}
{"ts":1763067347139,"action":"FILE_CLOSED","file":"/gui/views/main_view.py","tags":{"FILE_LINE_OF_CODE":"522"}}
{"ts":1763067347139,"action":"FILE_OPENED","file":"/main.py","tags":{"FILE_LINE_OF_CODE":"19"}}
{"ts":1763067402638,"action":"FILE_CLOSED","file":"/main.py","tags":{"FILE_LINE_OF_CODE":"19"}}
{"ts":1763067402638,"action":"FILE_OPENED","file":"/gui/app.py","tags":{"FILE_LINE_OF_CODE":"219"}}
{"ts":1763067968062,"action":"FILE_CLOSED","file":"/gui/app.py","tags":{"FILE_LINE_OF_CODE":"221"}}
{"ts":1763067968062,"action":"FILE_OPENED","file":"/gui/views/main_view.py","tags":{"FILE_LINE_OF_CODE":"522"}}
{"ts":1763067970462,"action":"FILE_CLOSED","file":"/gui/views/main_view.py","tags":{"FILE_LINE_OF_CODE":"522"}}
{"ts":1763067970462,"action":"FILE_OPENED","file":"/main.py","tags":{"FILE_LINE_OF_CODE":"19"}}
{"ts":1763067973854,"action":"IDE_DEACTIVATED"}
{"ts":1763068016177,"action":"IDE_ACTIVATED"}
{"ts":1763068020110,"action":"IDE_DEACTIVATED"}
{"ts":1763068031071,"action":"IDE_ACTIVATED"}
{"ts":1763068262728,"action":"IDE_DEACTIVATED"}
{"ts":1763068276953,"action":"IDE_ACTIVATED"}
{"ts":1763068396554,"action":"FILE_CLOSED","file":"/main.py","tags":{"FILE_LINE_OF_CODE":"19"}}
{"ts":1763068465720,"action":"FILE_OPENED","file":"/main.py","tags":{"FILE_LINE_OF_CODE":"19"}}
{"ts":1763068469173,"action":"IDE_DEACTIVATED"}
{"ts":1763068503509,"action":"IDE_ACTIVATED"}
{"ts":1763068517982,"action":"IDE_DEACTIVATED"}
{"ts":1763068521448,"action":"IDE_ACTIVATED"}
{"ts":1763068522754,"action":"IDE_DEACTIVATED"}
{"ts":1763068527918,"action":"IDE_ACTIVATED"}
{"ts":1763068608689,"action":"IDE_DEACTIVATED"}
{"ts":1763068750143,"action":"IDE_ACTIVATED"}
{"ts":1763068790031,"action":"IDE_DEACTIVATED"}
{"ts":1763068797641,"action":"IDE_ACTIVATED"}
{"ts":1763068800872,"action":"IDE_DEACTIVATED"}
{"ts":1763068807031,"action":"IDE_ACTIVATED"}
{"ts":1763068827603,"action":"IDE_DEACTIVATED"}
{"ts":1763068840044,"action":"IDE_ACTIVATED"}
{"ts":1763068926068,"action":"IDE_DEACTIVATED"}
{"ts":1763068931908,"action":"IDE_ACTIVATED"}
{"ts":1763069209851,"action":"IDE_DEACTIVATED"}
{"ts":1763069230097,"action":"IDE_ACTIVATED"}
{"ts":1763069234978,"action":"IDE_DEACTIVATED"}
{"ts":1763069318459,"action":"IDE_ACTIVATED"}
{"ts":1763069437725,"action":"IDE_DEACTIVATED"}
{"ts":1763069454971,"action":"IDE_ACTIVATED"}
{"ts":1763069460018,"action":"IDE_DEACTIVATED"}
{"ts":1763069507250,"action":"IDE_ACTIVATED"}
{"ts":1763069521124,"action":"IDE_DEACTIVATED"}
{"ts":1763069555545,"action":"IDE_ACTIVATED"}
{"ts":1763069598336,"action":"IDE_DEACTIVATED"}
{"ts":1763069606838,"action":"IDE_ACTIVATED"}
{"ts":1763069707085,"action":"IDE_DEACTIVATED"}
{"ts":1763069792031,"action":"IDE_ACTIVATED"}
{"ts":1763069808060,"action":"FILE_CLOSED","file":"/main.py","tags":{"FILE_LINE_OF_CODE":"19"}}
{"ts":1763069808060,"action":"FILE_OPENED","file":"/gui/views/main_view.py","tags":{"FILE_LINE_OF_CODE":"572"}}
{"ts":1763069952848,"action":"FILE_CLOSED","file":"/gui/views/main_view.py","tags":{"FILE_LINE_OF_CODE":"568"}}
{"ts":1763069952848,"action":"FILE_OPENED","file":"/main.py","tags":{"FILE_LINE_OF_CODE":"19"}}
{"ts":1763069957017,"action":"IDE_DEACTIVATED"}
{"ts":1763069976587,"action":"IDE_ACTIVATED"}
{"ts":1763070040204,"action":"IDE_DEACTIVATED"}
{"ts":1763070102486,"action":"IDE_ACTIVATED"}
{"ts":1763070136201,"action":"IDE_DEACTIVATED"}
{"ts":1763070309365,"action":"IDE_ACTIVATED"}
{"ts":1763070334394,"action":"IDE_DEACTIVATED"}
{"ts":1763070345984,"action":"IDE_ACTIVATED"}
{"ts":1763070351826,"action":"IDE_DEACTIVATED"}
{"ts":1763070352932,"action":"IDE_ACTIVATED"}
{"ts":1763070364759,"action":"IDE_DEACTIVATED"}
{"ts":1763070403229,"action":"IDE_ACTIVATED"}
{"ts":1763070591481,"action":"IDE_DEACTIVATED"}
{"ts":1763071218716,"action":"IDE_ACTIVATED"}
{"ts":1763071304220,"action":"IDE_DEACTIVATED"}
{"ts":1763071737049,"action":"IDE_ACTIVATED"}
{"ts":1763071823960,"action":"IDE_DEACTIVATED"}
{"ts":1763071843545,"action":"IDE_ACTIVATED"}
{"ts":1763071847525,"action":"IDE_DEACTIVATED"}
{"ts":1763071860192,"action":"IDE_ACTIVATED"}
{"ts":1763071865072,"action":"IDE_DEACTIVATED"}
{"ts":1763071895042,"action":"IDE_ACTIVATED"}
{"ts":1763071922605,"action":"IDE_DEACTIVATED"}
{"ts":1763072044529,"action":"IDE_ACTIVATED"}
{"ts":1763072153547,"action":"IDE_DEACTIVATED"}
{"ts":1763072214020,"action":"IDE_ACTIVATED"}
{"ts":1763072287377,"action":"IDE_DEACTIVATED"}
{"ts":1763072875686,"action":"IDE_ACTIVATED"}
{"ts":1763072902240,"action":"IDE_DEACTIVATED"}
{"ts":1763072920362,"action":"IDE_ACTIVATED"}
{"ts":1763073079972,"action":"IDE_DEACTIVATED"}
{"ts":1763074148398,"action":"IDE_ACTIVATED"}
{"ts":1763074253804,"action":"FILE_CLOSED","file":"/main.py","tags":{"FILE_LINE_OF_CODE":"19"}}
{"ts":1763074292647,"action":"FILE_OPENED","file":"/gui/views/main_view.py","tags":{"FILE_LINE_OF_CODE":"586"}}
{"ts":1763075491870,"action":"FILE_CLOSED","file":"/gui/views/main_view.py","tags":{"FILE_LINE_OF_CODE":"586"}}
{"ts":1763075518583,"action":"FILE_OPENED","file":"/gui/views/main_view.py","tags":{"FILE_LINE_OF_CODE":"586"}}
{"ts":1763075535388,"action":"FILE_CLOSED","file":"/gui/views/main_view.py","tags":{"FILE_LINE_OF_CODE":"586"}}
{"ts":1763075536842,"action":"FILE_OPENED","file":"/gui/views/main_view.py","tags":{"FILE_LINE_OF_CODE":"586"}}
{"ts":1763075538144,"action":"FILE_CLOSED","file":"/gui/views/main_view.py","tags":{"FILE_LINE_OF_CODE":"586"}}
{"ts":1763075540637,"action":"FILE_OPENED","file":"/gui/views/main_view.py","tags":{"FILE_LINE_OF_CODE":"586"}}
{"ts":1763075544682,"action":"FILE_CLOSED","file":"/gui/views/main_view.py","tags":{"FILE_LINE_OF_CODE":"586"}}
{"ts":1763075544682,"action":"FILE_OPENED","file":"/gui/components/navigation_rail.py","tags":{"FILE_LINE_OF_CODE":"111"}}
{"ts":1763075552606,"action":"FILE_CLOSED","file":"/gui/components/navigation_rail.py","tags":{"FILE_LINE_OF_CODE":"111"}}
{"ts":1763075552606,"action":"FILE_OPENED","file":"/main.py","tags":{"FILE_LINE_OF_CODE":"19"}}
{"ts":1763075596918,"action":"FILE_CLOSED","file":"/main.py","tags":{"FILE_LINE_OF_CODE":"19"}}
{"ts":1763075723368,"action":"FILE_OPENED","file":"/gui/views/main_view.py","tags":{"FILE_LINE_OF_CODE":"586"}}
{"ts":1763075734389,"action":"FILE_CLOSED","file":"/gui/views/main_view.py","tags":{"FILE_LINE_OF_CODE":"586"}}
{"ts":1763075734389,"action":"FILE_OPENED","file":"/main.py","tags":{"FILE_LINE_OF_CODE":"19"}}
{"ts":1763075830614,"action":"FILE_CLOSED","file":"/main.py","tags":{"FILE_LINE_OF_CODE":"19"}}
{"ts":1763075830614,"action":"FILE_OPENED","file":"/gui/views/main_view.py","tags":{"FILE_LINE_OF_CODE":"586"}}
{"ts":1763075886630,"action":"FILE_CLOSED","file":"/gui/views/main_view.py","tags":{"FILE_LINE_OF_CODE":"586"}}
{"ts":1763075886631,"action":"FILE_OPENED","file":"/gui/components/processing_results_table.py","tags":{"FILE_LINE_OF_CODE":"253"}}
{"ts":1763077257099,"action":"FILE_CLOSED","file":"/gui/components/processing_results_table.py","tags":{"FILE_LINE_OF_CODE":"253"}}
{"ts":1763077257100,"action":"FILE_OPENED","file":"/main.py","tags":{"FILE_LINE_OF_CODE":"19"}}
{"ts":1763077260789,"action":"IDE_DEACTIVATED"}
{"ts":1763077283546,"action":"IDE_ACTIVATED"}
{"ts":1763077321528,"action":"FILE_CLOSED","file":"/main.py","tags":{"FILE_LINE_OF_CODE":"19"}}
{"ts":1763077321528,"action":"FILE_OPENED","file":"/gui/views/main_view.py","tags":{"FILE_LINE_OF_CODE":"586"}}
{"ts":1763077380549,"action":"FILE_CLOSED","file":"/gui/views/main_view.py","tags":{"FILE_LINE_OF_CODE":"586"}}
{"ts":1763077380549,"action":"FILE_OPENED","file":"/main.py","tags":{"FILE_LINE_OF_CODE":"19"}}
{"ts":1763077387283,"action":"FILE_CLOSED","file":"/main.py","tags":{"FILE_LINE_OF_CODE":"19"}}
{"ts":1763077387284,"action":"FILE_OPENED","file":"/gui/app.py","tags":{"FILE_LINE_OF_CODE":"221"}}
{"ts":1763077757183,"action":"FILE_CLOSED","file":"/gui/app.py","tags":{"FILE_LINE_OF_CODE":"220"}}
{"ts":1763077757183,"action":"FILE_OPENED","file":"/gui/views/main_view.py","tags":{"FILE_LINE_OF_CODE":"586"}}
{"ts":1763078125272,"action":"FILE_CLOSED","file":"/gui/views/main_view.py","tags":{"FILE_LINE_OF_CODE":"586"}}
{"ts":1763078125272,"action":"FILE_OPENED","file":"/gui/views/upload_view.py","tags":{"FILE_LINE_OF_CODE":"927"}}
{"ts":1763078265508,"action":"FILE_CLOSED","file":"/gui/views/upload_view.py","tags":{"FILE_LINE_OF_CODE":"927"}}
{"ts":1763078265508,"action":"FILE_OPENED","file":"/gui/components/invoice_table.py","tags":{"FILE_LINE_OF_CODE":"239"}}
{"ts":1763078430234,"action":"FILE_CLOSED","file":"/gui/components/invoice_table.py","tags":{"FILE_LINE_OF_CODE":"239"}}
{"ts":1763078430234,"action":"FILE_OPENED","file":"/gui/components/processing_results_table.py","tags":{"FILE_LINE_OF_CODE":"253"}}
{"ts":1763078480570,"action":"FILE_CLOSED","file":"/gui/components/processing_results_table.py","tags":{"FILE_LINE_OF_CODE":"253"}}
{"ts":1763078480570,"action":"FILE_OPENED","file":"/gui/views/main_view.py","tags":{"FILE_LINE_OF_CODE":"586"}}
{"ts":1763078919493,"action":"IDE_DEACTIVATED"}
{"ts":1763078934705,"action":"IDE_ACTIVATED"}
{"ts":1763079079558,"action":"IDE_DEACTIVATED"}
{"ts":1763079079642,"action":"IDE_ACTIVATED"}
{"ts":1763079154572,"action":"IDE_DEACTIVATED"}
{"ts":1763079169305,"action":"IDE_ACTIVATED"}
{"ts":1763079181489,"action":"IDE_DEACTIVATED"}
{"ts":1763079181584,"action":"IDE_ACTIVATED"}
{"ts":1763079479046,"action":"FILE_CLOSED","file":"/gui/views/main_view.py","tags":{"FILE_LINE_OF_CODE":"586"}}
{"ts":1763079498906,"action":"FILE_OPENED","file":"/gui/components/invoice_table.py","tags":{"FILE_LINE_OF_CODE":"239"}}
{"ts":1763079586309,"action":"FILE_CLOSED","file":"/gui/components/invoice_table.py","tags":{"FILE_LINE_OF_CODE":"239"}}
{"ts":1763079586309,"action":"FILE_OPENED","file":"/main.py","tags":{"FILE_LINE_OF_CODE":"19"}}
{"ts":1763079590029,"action":"IDE_DEACTIVATED"}
{"ts":1763081738055,"action":"IDE_ACTIVATED"}
{"ts":1763081742196,"action":"IDE_DEACTIVATED"}
{"ts":1763081940475,"action":"IDE_ACTIVATED"}
{"ts":1763082831196,"action":"IDE_DEACTIVATED"}
{"ts":1763082919670,"action":"IDE_ACTIVATED"}
{"ts":1763082933284,"action":"IDE_DEACTIVATED"}
{"ts":1763083560870,"action":"IDE_ACTIVATED"}
{"ts":1763084000057,"action":"FILE_CLOSED","file":"/main.py","tags":{"FILE_LINE_OF_CODE":"19"}}
{"ts":1763084000057,"action":"FILE_OPENED","file":"/gui/app.py","tags":{"FILE_LINE_OF_CODE":"238"}}
{"ts":1763084044411,"action":"FILE_CLOSED","file":"/gui/app.py","tags":{"FILE_LINE_OF_CODE":"238"}}
{"ts":1763084047559,"action":"FILE_OPENED","file":"/gui/app.py","tags":{"FILE_LINE_OF_CODE":"238"}}
{"ts":1763084052344,"action":"FILE_CLOSED","file":"/gui/app.py","tags":{"FILE_LINE_OF_CODE":"238"}}
{"ts":1763084052344,"action":"FILE_OPENED","file":"/main.py","tags":{"FILE_LINE_OF_CODE":"19"}}
{"ts":1763084054451,"action":"FILE_CLOSED","file":"/main.py","tags":{"FILE_LINE_OF_CODE":"19"}}
{"ts":1763084054451,"action":"FILE_OPENED","file":"/gui/components/navigation_rail.py","tags":{"FILE_LINE_OF_CODE":"111"}}
{"ts":1763084075498,"action":"FILE_CLOSED","file":"/gui/components/navigation_rail.py","tags":{"FILE_LINE_OF_CODE":"111"}}
{"ts":1763084095312,"action":"FILE_OPENED","file":"/gui/components/navigation_rail.py","tags":{"FILE_LINE_OF_CODE":"111"}}
{"ts":1763084112972,"action":"FILE_CLOSED","file":"/gui/components/navigation_rail.py","tags":{"FILE_LINE_OF_CODE":"111"}}
{"ts":1763084161331,"action":"FILE_OPENED","file":"/gui/components/navigation_rail.py","tags":{"FILE_LINE_OF_CODE":"111"}}
{"ts":1763084172641,"action":"FILE_CLOSED","file":"/gui/components/navigation_rail.py","tags":{"FILE_LINE_OF_CODE":"111"}}
{"ts":1763084172641,"action":"FILE_OPENED","file":"/gui/views/main_view.py","tags":{"FILE_LINE_OF_CODE":"559"}}
{"ts":1763084204689,"action":"FILE_CLOSED","file":"/gui/views/main_view.py","tags":{"FILE_LINE_OF_CODE":"559"}}
{"ts":1763084229758,"action":"FILE_OPENED","file":"/gui/views/upload_view.py","tags":{"FILE_LINE_OF_CODE":"900"}}
{"ts":1763084258108,"action":"FILE_CLOSED","file":"/gui/views/upload_view.py","tags":{"FILE_LINE_OF_CODE":"900"}}
{"ts":1763084280358,"action":"FILE_OPENED","file":"/gui/components/invoice_table.py","tags":{"FILE_LINE_OF_CODE":"239"}}
{"ts":1763084291667,"action":"FILE_CLOSED","file":"/gui/components/invoice_table.py","tags":{"FILE_LINE_OF_CODE":"239"}}
{"ts":1763084323372,"action":"FILE_OPENED","file":"/gui/components/processing_results_table.py","tags":{"FILE_LINE_OF_CODE":"253"}}
{"ts":1763084337240,"action":"FILE_CLOSED","file":"/gui/components/processing_results_table.py","tags":{"FILE_LINE_OF_CODE":"253"}}
{"ts":1763084337240,"action":"FILE_OPENED","file":"/gui/components/notification_panel.py","tags":{"FILE_LINE_OF_CODE":"177"}}
{"ts":1763084378402,"action":"FILE_CLOSED","file":"/gui/components/notification_panel.py","tags":{"FILE_LINE_OF_CODE":"177"}}
{"ts":1763084387102,"action":"FILE_OPENED","file":"/gui/components/notification_panel.py","tags":{"FILE_LINE_OF_CODE":"177"}}
{"ts":1763084405513,"action":"PROJECT_CLOSED","tags":{"PROJECT_NAME":"faktura_scanner"}}
{"ts":1763141301129,"action":"PROJECT_OPENED","tags":{"PROJECT_NAME":"faktura_scanner"}}
{"ts":1763141352387,"action":"IDE_DEACTIVATED"}
{"ts":1763141419742,"action":"IDE_ACTIVATED"}
{"ts":1763141538005,"action":"IDE_DEACTIVATED"}
{"ts":1763141538512,"action":"PROJECT_CLOSED","tags":{"PROJECT_NAME":"faktura_scanner"}}
{"ts":1763142308462,"action":"FILE_OPENED","file":"/gui/components/notification_panel.py","tags":{"FILE_LINE_OF_CODE":"177"}}
{"ts":1763142308571,"action":"PROJECT_OPENED","tags":{"PROJECT_NAME":"faktura_scanner"}}
{"ts":1763142333848,"action":"FILE_CLOSED","file":"/gui/components/notification_panel.py","tags":{"FILE_LINE_OF_CODE":"177"}}
{"ts":1763142333848,"action":"FILE_OPENED","file":"/agent.md","tags":{"FILE_LINE_OF_CODE":"490"}}
{"ts":1763142583186,"action":"IDE_DEACTIVATED"}
{"ts":1763144270575,"action":"IDE_ACTIVATED"}
{"ts":1763144278025,"action":"IDE_DEACTIVATED"}
{"ts":1763144342939,"action":"IDE_ACTIVATED"}
{"ts":1763144351585,"action":"IDE_DEACTIVATED"}
{"ts":1763144351714,"action":"IDE_ACTIVATED"}
{"ts":1763144432873,"action":"FILE_CLOSED","file":"/agent.md","tags":{"FILE_LINE_OF_CODE":"491"}}
{"ts":1763144439585,"action":"FILE_OPENED","file":"/gui/components/notification_panel.py","tags":{"FILE_LINE_OF_CODE":"177"}}
{"ts":1763144466721,"action":"FILE_CLOSED","file":"/gui/components/notification_panel.py","tags":{"FILE_LINE_OF_CODE":"177"}}
{"ts":1763144466721,"action":"FILE_OPENED","file":"/agent.md","tags":{"FILE_LINE_OF_CODE":"491"}}
{"ts":1763144499423,"action":"FILE_CLOSED","file":"/agent.md","tags":{"FILE_LINE_OF_CODE":"491"}}
{"ts":1763144567668,"action":"FILE_OPENED","file":"/agent.md","tags":{"FILE_LINE_OF_CODE":"491"}}
{"ts":1763144643619,"action":"IDE_DEACTIVATED"}
{"ts":1763144656747,"action":"IDE_ACTIVATED"}
{"ts":1763144664743,"action":"IDE_DEACTIVATED"}
{"ts":1763145901637,"action":"IDE_ACTIVATED"}
{"ts":1763145911842,"action":"IDE_DEACTIVATED"}
{"ts":1763145931264,"action":"IDE_ACTIVATED"}
{"ts":1763145932890,"action":"IDE_DEACTIVATED"}
{"ts":1763145962027,"action":"IDE_ACTIVATED"}
{"ts":1763146077769,"action":"IDE_DEACTIVATED"}
{"ts":1763146709366,"action":"IDE_ACTIVATED"}
{"ts":1763146829369,"action":"IDE_DEACTIVATED"}
{"ts":1763146835713,"action":"IDE_ACTIVATED"}
{"ts":1763146875064,"action":"IDE_DEACTIVATED"}
{"ts":1763146877061,"action":"IDE_ACTIVATED"}
{"ts":1763147005554,"action":"IDE_DEACTIVATED"}
{"ts":1763147012644,"action":"IDE_ACTIVATED"}
{"ts":1763147443420,"action":"IDE_DEACTIVATED"}
{"ts":1763147446573,"action":"IDE_ACTIVATED"}
{"ts":1763147450570,"action":"IDE_DEACTIVATED"}
{"ts":1763147458457,"action":"IDE_ACTIVATED"}
{"ts":1763147459285,"action":"IDE_DEACTIVATED"}
{"ts":1763147463044,"action":"IDE_ACTIVATED"}
{"ts":1763147469129,"action":"IDE_DEACTIVATED"}
{"ts":1763147476888,"action":"IDE_ACTIVATED"}
{"ts":1763147669283,"action":"IDE_DEACTIVATED"}
{"ts":1763147672031,"action":"IDE_ACTIVATED"}
{"ts":1763147675433,"action":"PROJECT_CLOSED","tags":{"PROJECT_NAME":"faktura_scanner"}}
{"ts":1763216702065,"action":"FILE_OPENED","file":"/agent.md","tags":{"FILE_LINE_OF_CODE":"672"}}
{"ts":1763216702247,"action":"PROJECT_OPENED","tags":{"PROJECT_NAME":"faktura_scanner"}}
{"ts":1763216731736,"action":"FILE_CLOSED","file":"/agent.md","tags":{"FILE_LINE_OF_CODE":"672"}}
{"ts":1763216731736,"action":"FILE_OPENED","file":"/main.py","tags":{"FILE_LINE_OF_CODE":"19"}}
{"ts":1763216742080,"action":"IDE_DEACTIVATED"}
{"ts":1763216778955,"action":"IDE_ACTIVATED"}
{"ts":1763216924407,"action":"IDE_DEACTIVATED"}
{"ts":1763217074203,"action":"IDE_ACTIVATED"}
{"ts":1763217082418,"action":"PROJECT_CLOSED","tags":{"PROJECT_NAME":"faktura_scanner"}}
{"ts":1763410329096,"action":"FILE_OPENED","file":"/main.py","tags":{"FILE_LINE_OF_CODE":"19"}}
{"ts":1763410330769,"action":"PROJECT_OPENED","tags":{"PROJECT_NAME":"faktura_scanner"}}
{"ts":1763410363041,"action":"IDE_DEACTIVATED"}
{"ts":1763410363156,"action":"IDE_ACTIVATED"}
{"ts":1763410717622,"action":"FILE_CLOSED","file":"/main.py","tags":{"FILE_LINE_OF_CODE":"19"}}
{"ts":1763410748771,"action":"FILE_OPENED","file":"/main.py","tags":{"FILE_LINE_OF_CODE":"19"}}
{"ts":1763410801409,"action":"FILE_CLOSED","file":"/main.py","tags":{"FILE_LINE_OF_CODE":"19"}}
{"ts":1763410801409,"action":"FILE_OPENED","file":"/main_webview.py","tags":{"FILE_LINE_OF_CODE":"29"}}
{"ts":1763410830851,"action":"FILE_CLOSED","file":"/main_webview.py","tags":{"FILE_LINE_OF_CODE":"29"}}
{"ts":1763410830851,"action":"FILE_OPENED","file":"/gui/app_webview.py","tags":{"FILE_LINE_OF_CODE":"253"}}
{"ts":1763411332436,"action":"FILE_CLOSED","file":"/gui/app_webview.py","tags":{"FILE_LINE_OF_CODE":"253"}}
{"ts":1763411332436,"action":"FILE_OPENED","file":"/main_webview.py","tags":{"FILE_LINE_OF_CODE":"29"}}
{"ts":1763411338501,"action":"IDE_DEACTIVATED"}
{"ts":1763411366572,"action":"IDE_ACTIVATED"}
{"ts":1763411459217,"action":"FILE_CLOSED","file":"/main_webview.py","tags":{"FILE_LINE_OF_CODE":"29"}}
{"ts":1763411459217,"action":"FILE_OPENED","file":"/config/webview_settings.py","tags":{"FILE_LINE_OF_CODE":"17"}}
{"ts":1763411563978,"action":"FILE_CLOSED","file":"/config/webview_settings.py","tags":{"FILE_LINE_OF_CODE":"17"}}
{"ts":1763411563978,"action":"FILE_OPENED","file":"/gui/views/upload_view_webview.py","tags":{"FILE_LINE_OF_CODE":"688"}}
{"ts":1763411725168,"action":"IDE_DEACTIVATED"}
{"ts":1763411729419,"action":"IDE_ACTIVATED"}
{"ts":1763411772102,"action":"FILE_CLOSED","file":"/gui/views/upload_view_webview.py","tags":{"FILE_LINE_OF_CODE":"688"}}
{"ts":1763411772102,"action":"FILE_OPENED","file":"/config/webview_settings.py","tags":{"FILE_LINE_OF_CODE":"17"}}
{"ts":1763411798426,"action":"IDE_DEACTIVATED"}
{"ts":1763411828396,"action":"IDE_ACTIVATED"}
{"ts":1763411844111,"action":"FILE_CLOSED","file":"/config/webview_settings.py","tags":{"FILE_LINE_OF_CODE":"17"}}
{"ts":1763411844111,"action":"FILE_OPENED","file":"/gui/app_webview.py","tags":{"FILE_LINE_OF_CODE":"253"}}
{"ts":1763411990199,"action":"FILE_CLOSED","file":"/gui/app_webview.py","tags":{"FILE_LINE_OF_CODE":"253"}}
{"ts":1763411990199,"action":"FILE_OPENED","file":"/main_webview.py","tags":{"FILE_LINE_OF_CODE":"29"}}
{"ts":1763412028628,"action":"FILE_CLOSED","file":"/main_webview.py","tags":{"FILE_LINE_OF_CODE":"29"}}
{"ts":1763412028628,"action":"FILE_OPENED","file":"/config/webview_settings.py","tags":{"FILE_LINE_OF_CODE":"17"}}
{"ts":1763412081283,"action":"FILE_CLOSED","file":"/config/webview_settings.py","tags":{"FILE_LINE_OF_CODE":"17"}}
{"ts":1763412081283,"action":"FILE_OPENED","file":"/gui/views/upload_view_webview.py","tags":{"FILE_LINE_OF_CODE":"683"}}
{"ts":1763412089727,"action":"FILE_CLOSED","file":"/gui/views/upload_view_webview.py","tags":{"FILE_LINE_OF_CODE":"683"}}
{"ts":1763412089727,"action":"FILE_OPENED","file":"/config/webview_settings.py","tags":{"FILE_LINE_OF_CODE":"17"}}
{"ts":1763412112486,"action":"FILE_CLOSED","file":"/config/webview_settings.py","tags":{"FILE_LINE_OF_CODE":"17"}}
{"ts":1763412112486,"action":"FILE_OPENED","file":"/gui/app_webview.py","tags":{"FILE_LINE_OF_CODE":"253"}}
{"ts":1763412119699,"action":"FILE_CLOSED","file":"/gui/app_webview.py","tags":{"FILE_LINE_OF_CODE":"253"}}
{"ts":1763412119699,"action":"FILE_OPENED","file":"/main_webview.py","tags":{"FILE_LINE_OF_CODE":"29"}}
{"ts":1763412123445,"action":"FILE_CLOSED","file":"/main_webview.py","tags":{"FILE_LINE_OF_CODE":"29"}}
{"ts":1763412123445,"action":"FILE_OPENED","file":"/main.py","tags":{"FILE_LINE_OF_CODE":"19"}}
{"ts":1763412127206,"action":"FILE_CLOSED","file":"/main.py","tags":{"FILE_LINE_OF_CODE":"19"}}
{"ts":1763412127206,"action":"FILE_OPENED","file":"/gui/views/upload_view_webview.py","tags":{"FILE_LINE_OF_CODE":"683"}}
{"ts":1763412141161,"action":"FILE_CLOSED","file":"/gui/views/upload_view_webview.py","tags":{"FILE_LINE_OF_CODE":"683"}}
{"ts":1763412141161,"action":"FILE_OPENED","file":"/gui/app_webview.py","tags":{"FILE_LINE_OF_CODE":"253"}}
{"ts":1763412142839,"action":"FILE_CLOSED","file":"/gui/app_webview.py","tags":{"FILE_LINE_OF_CODE":"253"}}
{"ts":1763412142839,"action":"FILE_OPENED","file":"/main_webview.py","tags":{"FILE_LINE_OF_CODE":"29"}}
{"ts":1763412149415,"action":"IDE_DEACTIVATED"}
{"ts":1763412163288,"action":"IDE_ACTIVATED"}
{"ts":1763412189444,"action":"IDE_DEACTIVATED"}
{"ts":1763412248236,"action":"IDE_ACTIVATED"}
{"ts":1763412366697,"action":"IDE_DEACTIVATED"}
{"ts":1763412379656,"action":"IDE_ACTIVATED"}
{"ts":1763412384292,"action":"IDE_DEACTIVATED"}
{"ts":1763412415069,"action":"IDE_ACTIVATED"}
{"ts":1763412452647,"action":"IDE_DEACTIVATED"}
{"ts":1763412457015,"action":"IDE_ACTIVATED"}
{"ts":1763412533544,"action":"IDE_DEACTIVATED"}
{"ts":1763412559439,"action":"IDE_ACTIVATED"}
{"ts":1763412583187,"action":"IDE_DEACTIVATED"}
{"ts":1763412597484,"action":"IDE_ACTIVATED"}
{"ts":1763412603209,"action":"IDE_DEACTIVATED"}
{"ts":1763412630284,"action":"IDE_ACTIVATED"}
{"ts":1763412851210,"action":"FILE_CLOSED","file":"/main_webview.py","tags":{"FILE_LINE_OF_CODE":"38"}}
{"ts":1763412851210,"action":"FILE_OPENED","file":"/main.py","tags":{"FILE_LINE_OF_CODE":"19"}}
{"ts":1763412885904,"action":"IDE_DEACTIVATED"}
{"ts":1763412947678,"action":"IDE_ACTIVATED"}
{"ts":1763413055244,"action":"FILE_CLOSED","file":"/main.py","tags":{"FILE_LINE_OF_CODE":"19"}}
{"ts":1763413055244,"action":"FILE_OPENED","file":"/main_webview.py","tags":{"FILE_LINE_OF_CODE":"38"}}
{"ts":1763413059513,"action":"IDE_DEACTIVATED"}
{"ts":1763413077847,"action":"IDE_ACTIVATED"}
{"ts":1763413194691,"action":"IDE_DEACTIVATED"}
{"ts":1763413201648,"action":"IDE_ACTIVATED"}
{"ts":1763413222949,"action":"IDE_DEACTIVATED"}
{"ts":1763413222955,"action":"IDE_ACTIVATED"}
{"ts":1763413223046,"action":"IDE_DEACTIVATED"}
{"ts":1763413462697,"action":"IDE_ACTIVATED"}
{"ts":1763413468620,"action":"FILE_CLOSED","file":"/main_webview.py","tags":{"FILE_LINE_OF_CODE":"38"}}
{"ts":1763413468620,"action":"FILE_OPENED","file":"/main.py","tags":{"FILE_LINE_OF_CODE":"19"}}
{"ts":1763413476754,"action":"FILE_CLOSED","file":"/main.py","tags":{"FILE_LINE_OF_CODE":"19"}}
{"ts":1763413476754,"action":"FILE_OPENED","file":"/agent.md","tags":{"FILE_LINE_OF_CODE":"672"}}
{"ts":1763413535897,"action":"IDE_DEACTIVATED"}
{"ts":1763413634692,"action":"IDE_ACTIVATED"}
{"ts":1763413642727,"action":"IDE_DEACTIVATED"}
{"ts":1763413651945,"action":"IDE_ACTIVATED"}
{"ts":1763413708636,"action":"FILE_CLOSED","file":"/agent.md","tags":{"FILE_LINE_OF_CODE":"672"}}
{"ts":1763413708636,"action":"FILE_OPENED","file":"/main_webview.py","tags":{"FILE_LINE_OF_CODE":"38"}}
{"ts":1763413711346,"action":"IDE_DEACTIVATED"}
{"ts":1763414219798,"action":"FILE_OPENED","file":"/agent.md","tags":{"FILE_LINE_OF_CODE":"672"}}
{"ts":1763414220180,"action":"PROJECT_OPENED","tags":{"PROJECT_NAME":"faktura_scanner"}}
{"ts":1763414231676,"action":"IDE_DEACTIVATED"}
{"ts":1763414235104,"action":"IDE_ACTIVATED"}
{"ts":1763414241658,"action":"IDE_DEACTIVATED"}
{"ts":1763414242578,"action":"IDE_ACTIVATED"}
{"ts":1763414252308,"action":"FILE_CLOSED","file":"/agent.md","tags":{"FILE_LINE_OF_CODE":"672"}}
{"ts":1763414252308,"action":"FILE_OPENED","file":"/main_webview.py","tags":{"FILE_LINE_OF_CODE":"38"}}
{"ts":1763414274146,"action":"IDE_DEACTIVATED"}
{"ts":1763414345747,"action":"IDE_ACTIVATED"}
{"ts":1763414352976,"action":"IDE_DEACTIVATED"}
{"ts":1763414352985,"action":"IDE_ACTIVATED"}
{"ts":1763414353079,"action":"IDE_DEACTIVATED"}
{"ts":1763414394782,"action":"IDE_ACTIVATED"}
{"ts":1763414419329,"action":"IDE_DEACTIVATED"}
{"ts":1763414480795,"action":"IDE_ACTIVATED"}
{"ts":1763414486773,"action":"IDE_DEACTIVATED"}
{"ts":1763414551753,"action":"IDE_ACTIVATED"}
{"ts":1763414554801,"action":"IDE_DEACTIVATED"}
{"ts":1763415074469,"action":"IDE_ACTIVATED"}
{"ts":1763415078947,"action":"IDE_DEACTIVATED"}
{"ts":1763415164173,"action":"IDE_ACTIVATED"}
{"ts":1763415164677,"action":"IDE_DEACTIVATED"}
{"ts":1763415184959,"action":"IDE_ACTIVATED"}
{"ts":1763415197917,"action":"IDE_DEACTIVATED"}
{"ts":1763415220034,"action":"IDE_ACTIVATED"}
{"ts":1763415220697,"action":"IDE_DEACTIVATED"}
{"ts":1763415271934,"action":"IDE_ACTIVATED"}
{"ts":1763415585778,"action":"FILE_CLOSED","file":"/main_webview.py","tags":{"FILE_LINE_OF_CODE":"38"}}
{"ts":1763415585778,"action":"FILE_OPENED","file":"/agent.md","tags":{"FILE_LINE_OF_CODE":"672"}}
{"ts":1763415618862,"action":"IDE_DEACTIVATED"}
{"ts":1763415651263,"action":"IDE_ACTIVATED"}
{"ts":1763415651290,"action":"FILE_CLOSED","file":"/agent.md","tags":{"FILE_LINE_OF_CODE":"672"}}
{"ts":1763415947283,"action":"FILE_OPENED","file":"/agent.md","tags":{"FILE_LINE_OF_CODE":"672"}}
{"ts":1763415968182,"action":"IDE_DEACTIVATED"}
{"ts":1763416020120,"action":"IDE_ACTIVATED"}
{"ts":1763416027179,"action":"IDE_DEACTIVATED"}
{"ts":1763416039383,"action":"IDE_ACTIVATED"}
{"ts":1763416073939,"action":"IDE_DEACTIVATED"}
{"ts":1763416169882,"action":"IDE_ACTIVATED"}
{"ts":1763416176908,"action":"FILE_CLOSED","file":"/agent.md","tags":{"FILE_LINE_OF_CODE":"672"}}
{"ts":1763416176908,"action":"FILE_OPENED","file":"/gui/views/upload_view_webview.py","tags":{"FILE_LINE_OF_CODE":"842"}}
{"ts":1763416230933,"action":"FILE_CLOSED","file":"/gui/views/upload_view_webview.py","tags":{"FILE_LINE_OF_CODE":"842"}}
{"ts":1763416230933,"action":"FILE_OPENED","file":"/main_webview.py","tags":{"FILE_LINE_OF_CODE":"38"}}
{"ts":1763416235315,"action":"IDE_DEACTIVATED"}
{"ts":1763416254313,"action":"IDE_ACTIVATED"}
{"ts":1763416315518,"action":"FILE_CLOSED","file":"/main_webview.py","tags":{"FILE_LINE_OF_CODE":"38"}}
{"ts":1763416315518,"action":"FILE_OPENED","file":"/gui/views/upload_view_webview.py","tags":{"FILE_LINE_OF_CODE":"842"}}
{"ts":1763416316903,"action":"FILE_CLOSED","file":"/gui/views/upload_view_webview.py","tags":{"FILE_LINE_OF_CODE":"842"}}
{"ts":1763416316903,"action":"FILE_OPENED","file":"/agent.md","tags":{"FILE_LINE_OF_CODE":"672"}}
{"ts":1763416334966,"action":"IDE_DEACTIVATED"}
{"ts":1763416334974,"action":"IDE_ACTIVATED"}
{"ts":1763416335037,"action":"IDE_DEACTIVATED"}
{"ts":1763416618375,"action":"IDE_ACTIVATED"}
{"ts":1763416623712,"action":"FILE_CLOSED","file":"/agent.md","tags":{"FILE_LINE_OF_CODE":"672"}}
{"ts":1763416623712,"action":"FILE_OPENED","file":"/main_webview.py","tags":{"FILE_LINE_OF_CODE":"38"}}
{"ts":1763416628655,"action":"IDE_DEACTIVATED"}
{"ts":1763416696874,"action":"IDE_ACTIVATED"}
{"ts":1763416729765,"action":"IDE_DEACTIVATED"}
{"ts":1763416733404,"action":"IDE_ACTIVATED"}
{"ts":1763416740439,"action":"IDE_DEACTIVATED"}
{"ts":1763416741552,"action":"IDE_ACTIVATED"}
{"ts":1763416744048,"action":"IDE_DEACTIVATED"}
{"ts":1763416753645,"action":"IDE_ACTIVATED"}
{"ts":1763416758155,"action":"IDE_DEACTIVATED"}
{"ts":1763416764080,"action":"IDE_ACTIVATED"}
{"ts":1763416793853,"action":"IDE_DEACTIVATED"}
{"ts":1763416796090,"action":"IDE_ACTIVATED"}
{"ts":1763416811834,"action":"IDE_DEACTIVATED"}
{"ts":1763416820984,"action":"IDE_ACTIVATED"}
{"ts":1763416859765,"action":"FILE_CLOSED","file":"/main_webview.py","tags":{"FILE_LINE_OF_CODE":"38"}}
{"ts":1763416859765,"action":"FILE_OPENED","file":"/agent.md","tags":{"FILE_LINE_OF_CODE":"672"}}
{"ts":1763416861987,"action":"IDE_DEACTIVATED"}
{"ts":1763419918312,"action":"IDE_ACTIVATED"}
{"ts":1763419925242,"action":"FILE_CLOSED","file":"/agent.md","tags":{"FILE_LINE_OF_CODE":"672"}}
{"ts":1763419925242,"action":"FILE_OPENED","file":"/main_webview.py","tags":{"FILE_LINE_OF_CODE":"38"}}
{"ts":1763419929507,"action":"IDE_DEACTIVATED"}
{"ts":1763419949355,"action":"IDE_ACTIVATED"}
{"ts":1763419949777,"action":"IDE_DEACTIVATED"}
{"ts":1763420479885,"action":"IDE_ACTIVATED"}
{"ts":1763420492526,"action":"IDE_DEACTIVATED"}
{"ts":1763420500298,"action":"IDE_ACTIVATED"}
{"ts":1763420611174,"action":"IDE_DEACTIVATED"}
{"ts":1763421009027,"action":"IDE_ACTIVATED"}
{"ts":1763421018438,"action":"IDE_DEACTIVATED"}
{"ts":1763421032727,"action":"IDE_ACTIVATED"}
{"ts":1763421040047,"action":"IDE_DEACTIVATED"}
{"ts":1763421064480,"action":"IDE_ACTIVATED"}
{"ts":1763421088133,"action":"IDE_DEACTIVATED"}
{"ts":1763421376865,"action":"IDE_ACTIVATED"}
{"ts":1763421386120,"action":"IDE_DEACTIVATED"}
{"ts":1763421391842,"action":"IDE_ACTIVATED"}
{"ts":1763421422774,"action":"IDE_DEACTIVATED"}
{"ts":1763421437880,"action":"IDE_ACTIVATED"}
{"ts":1763421480320,"action":"IDE_DEACTIVATED"}
{"ts":1763421486934,"action":"IDE_ACTIVATED"}
{"ts":1763421498265,"action":"IDE_DEACTIVATED"}
{"ts":1763421501850,"action":"IDE_ACTIVATED"}
{"ts":1763421531918,"action":"IDE_DEACTIVATED"}
{"ts":1763421533446,"action":"IDE_ACTIVATED"}
{"ts":1763421536789,"action":"IDE_DEACTIVATED"}
{"ts":1763421537981,"action":"IDE_ACTIVATED"}
{"ts":1763421543493,"action":"IDE_DEACTIVATED"}
{"ts":1763421544857,"action":"IDE_ACTIVATED"}
{"ts":1763421545245,"action":"IDE_DEACTIVATED"}
{"ts":1763421546307,"action":"IDE_ACTIVATED"}
{"ts":1763421548924,"action":"IDE_DEACTIVATED"}
{"ts":1763421550712,"action":"IDE_ACTIVATED"}
{"ts":1763421552684,"action":"IDE_DEACTIVATED"}
{"ts":1763421555738,"action":"IDE_ACTIVATED"}
{"ts":1763421560093,"action":"IDE_DEACTIVATED"}
{"ts":1763421562599,"action":"IDE_ACTIVATED"}
{"ts":1763421566679,"action":"IDE_DEACTIVATED"}
{"ts":1763421569518,"action":"IDE_ACTIVATED"}
{"ts":1763421614510,"action":"FILE_CLOSED","file":"/main_webview.py","tags":{"FILE_LINE_OF_CODE":"38"}}
{"ts":1763421614510,"action":"FILE_OPENED","file":"/agent.md","tags":{"FILE_LINE_OF_CODE":"672"}}
{"ts":1763421616975,"action":"IDE_DEACTIVATED"}
{"ts":1763421624489,"action":"IDE_ACTIVATED"}
{"ts":1763421626671,"action":"IDE_DEACTIVATED"}
{"ts":1763421643202,"action":"IDE_ACTIVATED"}
{"ts":1763421676340,"action":"FILE_CLOSED","file":"/agent.md","tags":{"FILE_LINE_OF_CODE":"672"}}
{"ts":1763421676340,"action":"FILE_OPENED","file":"/main_webview.py","tags":{"FILE_LINE_OF_CODE":"38"}}
{"ts":1763421680756,"action":"IDE_DEACTIVATED"}
{"ts":1763421694841,"action":"IDE_ACTIVATED"}
{"ts":1763421752542,"action":"IDE_DEACTIVATED"}
{"ts":1763421761717,"action":"IDE_ACTIVATED"}
{"ts":1763421802470,"action":"IDE_DEACTIVATED"}
{"ts":1763421848435,"action":"IDE_ACTIVATED"}
{"ts":1763421866035,"action":"FILE_CLOSED","file":"/main_webview.py","tags":{"FILE_LINE_OF_CODE":"38"}}
{"ts":1763421866035,"action":"FILE_OPENED","file":"/gui/components/invoice_table.py","tags":{"FILE_LINE_OF_CODE":"473"}}
{"ts":1763421964012,"action":"FILE_CLOSED","file":"/gui/components/invoice_table.py","tags":{"FILE_LINE_OF_CODE":"492"}}
{"ts":1763421964012,"action":"FILE_OPENED","file":"/main_webview.py","tags":{"FILE_LINE_OF_CODE":"38"}}
{"ts":1763421967972,"action":"IDE_DEACTIVATED"}
{"ts":1763421987270,"action":"IDE_ACTIVATED"}
{"ts":1763422123719,"action":"IDE_DEACTIVATED"}
{"ts":1763422270485,"action":"IDE_ACTIVATED"}
{"ts":1763422278738,"action":"IDE_DEACTIVATED"}
{"ts":1763422294482,"action":"IDE_ACTIVATED"}
{"ts":1763422366193,"action":"IDE_DEACTIVATED"}
{"ts":1763422666252,"action":"IDE_ACTIVATED"}
{"ts":1763422670824,"action":"IDE_DEACTIVATED"}
{"ts":1763422694227,"action":"IDE_ACTIVATED"}
{"ts":1763422785138,"action":"IDE_DEACTIVATED"}
{"ts":1763422787279,"action":"IDE_ACTIVATED"}
{"ts":1763422830890,"action":"IDE_DEACTIVATED"}
{"ts":1763423164838,"action":"IDE_ACTIVATED"}
{"ts":1763423170147,"action":"IDE_DEACTIVATED"}
{"ts":1763423172085,"action":"IDE_ACTIVATED"}
{"ts":1763423176942,"action":"IDE_DEACTIVATED"}
{"ts":1763423193207,"action":"IDE_ACTIVATED"}
{"ts":1763423227981,"action":"IDE_DEACTIVATED"}
{"ts":1763423229951,"action":"IDE_ACTIVATED"}
{"ts":1763423238591,"action":"IDE_DEACTIVATED"}
{"ts":1763423254598,"action":"IDE_ACTIVATED"}
{"ts":1763423261156,"action":"IDE_DEACTIVATED"}
{"ts":1763423262143,"action":"IDE_ACTIVATED"}
{"ts":1763423273331,"action":"IDE_DEACTIVATED"}
{"ts":1763423281794,"action":"IDE_ACTIVATED"}
{"ts":1763423288248,"action":"FILE_CLOSED","file":"/main_webview.py","tags":{"FILE_LINE_OF_CODE":"38"}}
{"ts":1763423288248,"action":"FILE_OPENED","file":"/gui/components/invoice_table.py","tags":{"FILE_LINE_OF_CODE":"503"}}
{"ts":1763423294583,"action":"IDE_DEACTIVATED"}
{"ts":1763423305790,"action":"IDE_ACTIVATED"}
{"ts":1763423310402,"action":"IDE_DEACTIVATED"}
{"ts":1763423401196,"action":"IDE_ACTIVATED"}
{"ts":1763423402885,"action":"FILE_CLOSED","file":"/gui/components/invoice_table.py","tags":{"FILE_LINE_OF_CODE":"503"}}
{"ts":1763423402885,"action":"FILE_OPENED","file":"/main_webview.py","tags":{"FILE_LINE_OF_CODE":"38"}}
{"ts":1763423406583,"action":"IDE_DEACTIVATED"}
{"ts":1763423418202,"action":"IDE_ACTIVATED"}
{"ts":1763423421208,"action":"IDE_DEACTIVATED"}
{"ts":1763423572585,"action":"IDE_ACTIVATED"}
{"ts":1763423574297,"action":"FILE_CLOSED","file":"/main_webview.py","tags":{"FILE_LINE_OF_CODE":"38"}}
{"ts":1763423574297,"action":"FILE_OPENED","file":"/gui/components/invoice_table.py","tags":{"FILE_LINE_OF_CODE":"503"}}
{"ts":1763423914594,"action":"IDE_DEACTIVATED"}
{"ts":1763424011138,"action":"IDE_ACTIVATED"}
{"ts":1763424024667,"action":"FILE_CLOSED","file":"/gui/components/invoice_table.py","tags":{"FILE_LINE_OF_CODE":"503"}}
{"ts":1763424024667,"action":"FILE_OPENED","file":"/gui/views/invoice_table.py","tags":{"FILE_LINE_OF_CODE":"0"}}
{"ts":1763424068716,"action":"FILE_OPENED","file":"/gui/components/invoice_table.py","tags":{"FILE_LINE_OF_CODE":"503"}}
{"ts":1763424137485,"action":"FILE_CLOSED","file":"/gui/components/invoice_table_old.py","tags":{"FILE_LINE_OF_CODE":"503"}}
{"ts":1763424137485,"action":"FILE_OPENED","file":"/gui/components/invoice_table.py","tags":{"FILE_LINE_OF_CODE":"0"}}
{"ts":1763424139752,"action":"IDE_DEACTIVATED"}
{"ts":1763424142881,"action":"IDE_ACTIVATED"}
{"ts":1763424152705,"action":"FILE_CLOSED","file":"/gui/components/invoice_table.py","tags":{"FILE_LINE_OF_CODE":"507"}}
{"ts":1763424152705,"action":"FILE_OPENED","file":"/main_webview.py","tags":{"FILE_LINE_OF_CODE":"38"}}
{"ts":1763424156845,"action":"IDE_DEACTIVATED"}
{"ts":1763424165068,"action":"IDE_ACTIVATED"}
{"ts":1763424176252,"action":"FILE_CLOSED","file":"/main_webview.py","tags":{"FILE_LINE_OF_CODE":"38"}}
{"ts":1763424176252,"action":"FILE_OPENED","file":"/gui/components/invoice_table_old.py","tags":{"FILE_LINE_OF_CODE":"503"}}
{"ts":1763424181169,"action":"FILE_CLOSED","file":"/gui/components/invoice_table_old.py","tags":{"FILE_LINE_OF_CODE":"503"}}
{"ts":1763424181169,"action":"FILE_OPENED","file":"/gui/components/invoice_table.py","tags":{"FILE_LINE_OF_CODE":"507"}}
{"ts":1763424188528,"action":"IDE_DEACTIVATED"}
{"ts":1763424304941,"action":"IDE_ACTIVATED"}
{"ts":1763424315519,"action":"FILE_CLOSED","file":"/gui/components/invoice_table.py","tags":{"FILE_LINE_OF_CODE":"523"}}
{"ts":1763424315519,"action":"FILE_OPENED","file":"/main_webview.py","tags":{"FILE_LINE_OF_CODE":"38"}}
{"ts":1763424319395,"action":"IDE_DEACTIVATED"}
{"ts":1763424332824,"action":"IDE_ACTIVATED"}
{"ts":1763424345528,"action":"IDE_DEACTIVATED"}
{"ts":1763424350332,"action":"IDE_ACTIVATED"}
{"ts":1763424351644,"action":"IDE_DEACTIVATED"}
{"ts":1763424395346,"action":"IDE_ACTIVATED"}
{"ts":1763424436814,"action":"FILE_CLOSED","file":"/main_webview.py","tags":{"FILE_LINE_OF_CODE":"38"}}
{"ts":1763424436814,"action":"FILE_OPENED","file":"/gui/app_webview.py","tags":{"FILE_LINE_OF_CODE":"253"}}
{"ts":1763424530088,"action":"FILE_CLOSED","file":"/gui/app_webview.py","tags":{"FILE_LINE_OF_CODE":"253"}}
{"ts":1763424530088,"action":"FILE_OPENED","file":"/gui/views/main_view.py","tags":{"FILE_LINE_OF_CODE":"559"}}
{"ts":1763424676911,"action":"FILE_CLOSED","file":"/gui/views/main_view.py","tags":{"FILE_LINE_OF_CODE":"559"}}
{"ts":1763424676911,"action":"FILE_OPENED","file":"/repositories/invoice_repository.py","tags":{"FILE_LINE_OF_CODE":"226"}}
{"ts":1763424750347,"action":"FILE_CLOSED","file":"/repositories/invoice_repository.py","tags":{"FILE_LINE_OF_CODE":"226"}}
{"ts":1763424750347,"action":"FILE_OPENED","file":"/gui/views/main_view.py","tags":{"FILE_LINE_OF_CODE":"559"}}
{"ts":1763425081625,"action":"FILE_CLOSED","file":"/gui/views/main_view.py","tags":{"FILE_LINE_OF_CODE":"559"}}
{"ts":1763425081625,"action":"FILE_OPENED","file":"/gui/components/invoice_table.py","tags":{"FILE_LINE_OF_CODE":"523"}}
{"ts":1763425206951,"action":"IDE_DEACTIVATED"}
{"ts":1763425218934,"action":"IDE_ACTIVATED"}
{"ts":1763425233600,"action":"FILE_CLOSED","file":"/gui/components/invoice_table.py","tags":{"FILE_LINE_OF_CODE":"524"}}
{"ts":1763425233600,"action":"FILE_OPENED","file":"/main_webview.py","tags":{"FILE_LINE_OF_CODE":"38"}}
{"ts":1763425237672,"action":"IDE_DEACTIVATED"}
{"ts":1763425261554,"action":"IDE_ACTIVATED"}
{"ts":1763425265014,"action":"FILE_CLOSED","file":"/main_webview.py","tags":{"FILE_LINE_OF_CODE":"38"}}
{"ts":1763425265014,"action":"FILE_OPENED","file":"/gui/components/invoice_table.py","tags":{"FILE_LINE_OF_CODE":"524"}}
{"ts":1763425268474,"action":"IDE_DEACTIVATED"}
{"ts":1763425313172,"action":"IDE_ACTIVATED"}
{"ts":1763425314035,"action":"IDE_DEACTIVATED"}
{"ts":1763425318921,"action":"IDE_ACTIVATED"}
{"ts":1763425319423,"action":"IDE_DEACTIVATED"}
{"ts":1763425691773,"action":"IDE_ACTIVATED"}
{"ts":1763425714822,"action":"IDE_DEACTIVATED"}
{"ts":1763425719286,"action":"IDE_ACTIVATED"}
{"ts":1763425721290,"action":"IDE_DEACTIVATED"}
{"ts":1763425758148,"action":"IDE_ACTIVATED"}
{"ts":1763425760522,"action":"IDE_DEACTIVATED"}
{"ts":1763425837225,"action":"IDE_ACTIVATED"}
{"ts":1763425875188,"action":"IDE_DEACTIVATED"}
{"ts":1763425878827,"action":"IDE_ACTIVATED"}
{"ts":1763425880308,"action":"IDE_DEACTIVATED"}
{"ts":1763425918013,"action":"IDE_ACTIVATED"}
{"ts":1763425976154,"action":"FILE_CLOSED","file":"/gui/components/invoice_table.py","tags":{"FILE_LINE_OF_CODE":"681"}}
{"ts":1763425976154,"action":"FILE_OPENED","file":"/main_webview.py","tags":{"FILE_LINE_OF_CODE":"38"}}
{"ts":1763425980542,"action":"IDE_DEACTIVATED"}
{"ts":1763426033696,"action":"IDE_ACTIVATED"}
{"ts":1763426034394,"action":"IDE_DEACTIVATED"}
{"ts":1763426237726,"action":"IDE_ACTIVATED"}
{"ts":1763426240448,"action":"FILE_CLOSED","file":"/main_webview.py","tags":{"FILE_LINE_OF_CODE":"38"}}
{"ts":1763426240448,"action":"FILE_OPENED","file":"/gui/components/invoice_table.py","tags":{"FILE_LINE_OF_CODE":"681"}}
{"ts":1763426335876,"action":"FILE_CLOSED","file":"/gui/components/invoice_table.py","tags":{"FILE_LINE_OF_CODE":"701"}}
{"ts":1763426335876,"action":"FILE_OPENED","file":"/main_webview.py","tags":{"FILE_LINE_OF_CODE":"38"}}
{"ts":1763426340087,"action":"IDE_DEACTIVATED"}
{"ts":1763426455320,"action":"IDE_ACTIVATED"}
{"ts":1763426460344,"action":"FILE_CLOSED","file":"/main_webview.py","tags":{"FILE_LINE_OF_CODE":"38"}}
{"ts":1763426460344,"action":"FILE_OPENED","file":"/gui/views/main_view.py","tags":{"FILE_LINE_OF_CODE":"559"}}
{"ts":1763426608448,"action":"FILE_CLOSED","file":"/gui/views/main_view.py","tags":{"FILE_LINE_OF_CODE":"560"}}
{"ts":1763426608448,"action":"FILE_OPENED","file":"/main_webview.py","tags":{"FILE_LINE_OF_CODE":"38"}}
{"ts":1763426612659,"action":"IDE_DEACTIVATED"}
{"ts":1763426623421,"action":"IDE_ACTIVATED"}
{"ts":1763426630579,"action":"FILE_CLOSED","file":"/main_webview.py","tags":{"FILE_LINE_OF_CODE":"38"}}
{"ts":1763426630579,"action":"FILE_OPENED","file":"/gui/app_webview.py","tags":{"FILE_LINE_OF_CODE":"253"}}
{"ts":1763426731914,"action":"FILE_CLOSED","file":"/gui/app_webview.py","tags":{"FILE_LINE_OF_CODE":"254"}}
{"ts":1763426731914,"action":"FILE_OPENED","file":"/main_webview.py","tags":{"FILE_LINE_OF_CODE":"38"}}
{"ts":1763426741170,"action":"IDE_DEACTIVATED"}
{"ts":1763426751030,"action":"IDE_ACTIVATED"}
{"ts":1763426769393,"action":"FILE_CLOSED","file":"/main_webview.py","tags":{"FILE_LINE_OF_CODE":"38"}}
{"ts":1763426769393,"action":"FILE_OPENED","file":"/gui/app_webview.py","tags":{"FILE_LINE_OF_CODE":"254"}}
{"ts":1763426994073,"action":"FILE_CLOSED","file":"/gui/app_webview.py","tags":{"FILE_LINE_OF_CODE":"254"}}
{"ts":1763426994073,"action":"FILE_OPENED","file":"/gui/views/main_view.py","tags":{"FILE_LINE_OF_CODE":"560"}}
{"ts":1763427045047,"action":"FILE_CLOSED","file":"/gui/views/main_view.py","tags":{"FILE_LINE_OF_CODE":"560"}}
{"ts":1763427045047,"action":"FILE_OPENED","file":"/main_webview.py","tags":{"FILE_LINE_OF_CODE":"38"}}
{"ts":1763427049621,"action":"IDE_DEACTIVATED"}
{"ts":1763427058963,"action":"IDE_ACTIVATED"}
{"ts":1763427067969,"action":"FILE_CLOSED","file":"/main_webview.py","tags":{"FILE_LINE_OF_CODE":"38"}}
{"ts":1763427067969,"action":"FILE_OPENED","file":"/gui/views/main_view.py","tags":{"FILE_LINE_OF_CODE":"560"}}
{"ts":1763427265186,"action":"FILE_CLOSED","file":"/gui/views/main_view.py","tags":{"FILE_LINE_OF_CODE":"561"}}
{"ts":1763427265186,"action":"FILE_OPENED","file":"/gui/theme.py","tags":{"FILE_LINE_OF_CODE":"180"}}
{"ts":1763427331981,"action":"FILE_CLOSED","file":"/gui/theme.py","tags":{"FILE_LINE_OF_CODE":"180"}}
{"ts":1763427331981,"action":"FILE_OPENED","file":"/gui/app_webview.py","tags":{"FILE_LINE_OF_CODE":"254"}}
{"ts":1763427337842,"action":"FILE_CLOSED","file":"/gui/app_webview.py","tags":{"FILE_LINE_OF_CODE":"254"}}
{"ts":1763427337842,"action":"FILE_OPENED","file":"/gui/views/main_view.py","tags":{"FILE_LINE_OF_CODE":"561"}}
{"ts":1763427854905,"action":"FILE_CLOSED","file":"/gui/views/main_view.py","tags":{"FILE_LINE_OF_CODE":"561"}}
{"ts":1763427854905,"action":"FILE_OPENED","file":"/gui/app_webview.py","tags":{"FILE_LINE_OF_CODE":"254"}}
{"ts":1763428047141,"action":"FILE_CLOSED","file":"/gui/app_webview.py","tags":{"FILE_LINE_OF_CODE":"255"}}
{"ts":1763428047141,"action":"FILE_OPENED","file":"/main_webview.py","tags":{"FILE_LINE_OF_CODE":"38"}}
{"ts":1763428053346,"action":"IDE_DEACTIVATED"}
{"ts":1763428066790,"action":"IDE_ACTIVATED"}
{"ts":1763428171216,"action":"PROJECT_CLOSED","tags":{"PROJECT_NAME":"faktura_scanner"}}
{"ts":1763463888267,"action":"PROJECT_OPENED","tags":{"PROJECT_NAME":"faktura_scanner"}}
{"ts":1763463920957,"action":"IDE_DEACTIVATED"}
{"ts":1763463921156,"action":"IDE_ACTIVATED"}
{"ts":1763463922276,"action":"FILE_CLOSED","file":"/main_webview.py","tags":{"FILE_LINE_OF_CODE":"38"}}
{"ts":1763463922276,"action":"FILE_OPENED","file":"/gui/components/invoice_table.py","tags":{"FILE_LINE_OF_CODE":"701"}}
{"ts":1763463935220,"action":"FILE_CLOSED","file":"/gui/components/invoice_table.py","tags":{"FILE_LINE_OF_CODE":"701"}}
{"ts":1763463935221,"action":"FILE_OPENED","file":"/main_webview.py","tags":{"FILE_LINE_OF_CODE":"38"}}
{"ts":1763463941161,"action":"IDE_DEACTIVATED"}
{"ts":1763463986998,"action":"IDE_ACTIVATED"}
{"ts":1763464136147,"action":"IDE_DEACTIVATED"}
{"ts":1763464140491,"action":"IDE_ACTIVATED"}
{"ts":1763464148607,"action":"IDE_DEACTIVATED"}
{"ts":1763464468616,"action":"IDE_ACTIVATED"}
{"ts":1763464469521,"action":"FILE_CLOSED","file":"/main_webview.py","tags":{"FILE_LINE_OF_CODE":"38"}}
{"ts":1763464489772,"action":"IDE_DEACTIVATED"}
{"ts":1763464489908,"action":"IDE_ACTIVATED"}
{"ts":1763464576373,"action":"IDE_DEACTIVATED"}
{"ts":1763464576378,"action":"IDE_ACTIVATED"}
{"ts":1763464576491,"action":"IDE_DEACTIVATED"}
{"ts":1763464692161,"action":"IDE_ACTIVATED"}
{"ts":1763464844934,"action":"FILE_OPENED","file":"/gui/theme.py","tags":{"FILE_LINE_OF_CODE":"180"}}
{"ts":1763464855465,"action":"IDE_DEACTIVATED"}
{"ts":1763464982878,"action":"IDE_ACTIVATED"}
{"ts":1763465177488,"action":"IDE_DEACTIVATED"}
{"ts":1763465177575,"action":"IDE_ACTIVATED"}
{"ts":1763465229068,"action":"FILE_CLOSED","file":"/gui/theme.py","tags":{"FILE_LINE_OF_CODE":"180"}}
{"ts":1763465229068,"action":"FILE_OPENED","file":"/gui/components/invoice_table.py","tags":{"FILE_LINE_OF_CODE":"701"}}
{"ts":1763465244471,"action":"FILE_CLOSED","file":"/gui/components/invoice_table.py","tags":{"FILE_LINE_OF_CODE":"701"}}
{"ts":1763465244471,"action":"FILE_OPENED","file":"/main_webview.py","tags":{"FILE_LINE_OF_CODE":"38"}}
{"ts":1763465249791,"action":"IDE_DEACTIVATED"}
{"ts":1763465308067,"action":"IDE_ACTIVATED"}
{"ts":1763465532055,"action":"IDE_DEACTIVATED"}
{"ts":1763465960681,"action":"IDE_ACTIVATED"}
{"ts":1763465988059,"action":"IDE_DEACTIVATED"}
{"ts":1763466186960,"action":"IDE_ACTIVATED"}
{"ts":1763466190922,"action":"FILE_CLOSED","file":"/main_webview.py","tags":{"FILE_LINE_OF_CODE":"38"}}
{"ts":1763466190922,"action":"FILE_OPENED","file":"/gui/components/invoice_table.py","tags":{"FILE_LINE_OF_CODE":"730"}}
{"ts":1763466210951,"action":"FILE_CLOSED","file":"/gui/components/invoice_table.py","tags":{"FILE_LINE_OF_CODE":"730"}}
{"ts":1763466210951,"action":"FILE_OPENED","file":"/main_webview.py","tags":{"FILE_LINE_OF_CODE":"38"}}
{"ts":1763466218764,"action":"FILE_CLOSED","file":"/main_webview.py","tags":{"FILE_LINE_OF_CODE":"38"}}
{"ts":1763466218764,"action":"FILE_OPENED","file":"/agent.md","tags":{"FILE_LINE_OF_CODE":"857"}}
{"ts":1763466218927,"action":"FILE_CLOSED","file":"/agent.md","tags":{"FILE_LINE_OF_CODE":"857"}}
{"ts":1763466218927,"action":"FILE_OPENED","file":"/main_webview.py","tags":{"FILE_LINE_OF_CODE":"38"}}
{"ts":1763466243999,"action":"FILE_CLOSED","file":"/main_webview.py","tags":{"FILE_LINE_OF_CODE":"38"}}
{"ts":1763466243999,"action":"FILE_OPENED","file":"/gui/components/invoice_table.py","tags":{"FILE_LINE_OF_CODE":"730"}}
{"ts":1763466382222,"action":"IDE_DEACTIVATED"}
{"ts":1763467779615,"action":"IDE_ACTIVATED"}
{"ts":1763468004686,"action":"IDE_DEACTIVATED"}
{"ts":1763469920752,"action":"IDE_ACTIVATED"}
{"ts":1763469932275,"action":"IDE_DEACTIVATED"}
{"ts":1763469936607,"action":"IDE_ACTIVATED"}
{"ts":1763469944950,"action":"FILE_CLOSED","file":"/gui/components/invoice_table.py","tags":{"FILE_LINE_OF_CODE":"730"}}
{"ts":1763469944950,"action":"FILE_OPENED","file":"/main_webview.py","tags":{"FILE_LINE_OF_CODE":"38"}}
{"ts":1763469949702,"action":"IDE_DEACTIVATED"}
{"ts":1763469957740,"action":"IDE_ACTIVATED"}
{"ts":1763469973776,"action":"FILE_CLOSED","file":"/main_webview.py","tags":{"FILE_LINE_OF_CODE":"38"}}
{"ts":1763469973776,"action":"FILE_OPENED","file":"/gui/components/invoice_table.py","tags":{"FILE_LINE_OF_CODE":"730"}}
{"ts":1763470249065,"action":"IDE_DEACTIVATED"}
{"ts":1763470258694,"action":"IDE_ACTIVATED"}
{"ts":1763470372927,"action":"IDE_DEACTIVATED"}
{"ts":1763470373242,"action":"IDE_ACTIVATED"}
{"ts":1763470577850,"action":"FILE_CLOSED","file":"/gui/components/invoice_table.py","tags":{"FILE_LINE_OF_CODE":"730"}}
{"ts":1763470577850,"action":"FILE_OPENED","file":"/gui/components/invoice_table_old.py","tags":{"FILE_LINE_OF_CODE":"503"}}
{"ts":1763470610842,"action":"IDE_DEACTIVATED"}
{"ts":1763470744278,"action":"IDE_ACTIVATED"}
{"ts":1763470757664,"action":"FILE_CLOSED","file":"/gui/components/invoice_table_old.py","tags":{"FILE_LINE_OF_CODE":"503"}}
{"ts":1763470757665,"action":"FILE_OPENED","file":"/main_webview.py","tags":{"FILE_LINE_OF_CODE":"38"}}
{"ts":1763470761851,"action":"IDE_DEACTIVATED"}
{"ts":1763470830365,"action":"IDE_ACTIVATED"}
{"ts":1763470837828,"action":"FILE_CLOSED","file":"/main_webview.py","tags":{"FILE_LINE_OF_CODE":"38"}}
{"ts":1763470837828,"action":"FILE_OPENED","file":"/gui/components/invoice_table.py","tags":{"FILE_LINE_OF_CODE":"743"}}
{"ts":1763470855279,"action":"IDE_DEACTIVATED"}
{"ts":1763471066393,"action":"IDE_ACTIVATED"}
{"ts":1763471106492,"action":"IDE_DEACTIVATED"}
{"ts":1763471107928,"action":"IDE_ACTIVATED"}
{"ts":1763471109665,"action":"FILE_CLOSED","file":"/gui/components/invoice_table.py","tags":{"FILE_LINE_OF_CODE":"743"}}
{"ts":1763471109665,"action":"FILE_OPENED","file":"/main_webview.py","tags":{"FILE_LINE_OF_CODE":"38"}}
{"ts":1763471113454,"action":"IDE_DEACTIVATED"}
{"ts":1763471129658,"action":"IDE_ACTIVATED"}
{"ts":1763471132492,"action":"IDE_DEACTIVATED"}
{"ts":1763471135941,"action":"IDE_ACTIVATED"}
{"ts":1763471140317,"action":"FILE_CLOSED","file":"/main_webview.py","tags":{"FILE_LINE_OF_CODE":"38"}}
{"ts":1763471140317,"action":"FILE_OPENED","file":"/gui/components/invoice_table.py","tags":{"FILE_LINE_OF_CODE":"743"}}
{"ts":1763471207160,"action":"IDE_DEACTIVATED"}
{"ts":1763471220439,"action":"IDE_ACTIVATED"}
{"ts":1763471593389,"action":"FILE_CLOSED","file":"/gui/components/invoice_table.py","tags":{"FILE_LINE_OF_CODE":"743"}}
{"ts":1763471593389,"action":"FILE_OPENED","file":"/gui/components/invoice_table.py","tags":{"FILE_LINE_OF_CODE":"743"}}
{"ts":1763471602395,"action":"IDE_DEACTIVATED"}
{"ts":1763471686878,"action":"IDE_ACTIVATED"}
{"ts":1763471802606,"action":"FILE_CLOSED","file":"/gui/components/invoice_table.py","tags":{"FILE_LINE_OF_CODE":"743"}}
{"ts":1763471802606,"action":"FILE_OPENED","file":"/gui/components/invoice_table.py","tags":{"FILE_LINE_OF_CODE":"743"}}
{"ts":1763471893221,"action":"IDE_DEACTIVATED"}
{"ts":1763471900807,"action":"IDE_ACTIVATED"}
{"ts":1763471950192,"action":"FILE_CLOSED","file":"/gui/components/invoice_table.py","tags":{"FILE_LINE_OF_CODE":"743"}}
{"ts":1763471950192,"action":"FILE_OPENED","file":"/gui/components/invoice_table.py","tags":{"FILE_LINE_OF_CODE":"743"}}
{"ts":1763472132158,"action":"FILE_CLOSED","file":"/gui/components/invoice_table.py","tags":{"FILE_LINE_OF_CODE":"745"}}
{"ts":1763472132158,"action":"FILE_OPENED","file":"/main_webview.py","tags":{"FILE_LINE_OF_CODE":"38"}}
{"ts":1763472135966,"action":"IDE_DEACTIVATED"}
{"ts":1763472155467,"action":"IDE_ACTIVATED"}
{"ts":1763472161630,"action":"IDE_DEACTIVATED"}
{"ts":1763472166178,"action":"IDE_ACTIVATED"}
{"ts":1763472176169,"action":"FILE_CLOSED","file":"/main_webview.py","tags":{"FILE_LINE_OF_CODE":"38"}}
{"ts":1763472176169,"action":"FILE_OPENED","file":"/gui/components/invoice_table.py","tags":{"FILE_LINE_OF_CODE":"745"}}
{"ts":1763472212605,"action":"FILE_CLOSED","file":"/gui/components/invoice_table.py","tags":{"FILE_LINE_OF_CODE":"745"}}
{"ts":1763472212605,"action":"FILE_OPENED","file":"/gui/components/invoice_table.py","tags":{"FILE_LINE_OF_CODE":"745"}}
{"ts":1763472250265,"action":"IDE_DEACTIVATED"}
{"ts":1763472252891,"action":"IDE_ACTIVATED"}
{"ts":1763472696687,"action":"IDE_DEACTIVATED"}
{"ts":1763472699376,"action":"IDE_ACTIVATED"}
{"ts":1763472701846,"action":"IDE_DEACTIVATED"}
{"ts":1763472702675,"action":"IDE_ACTIVATED"}
{"ts":1763472750335,"action":"IDE_DEACTIVATED"}
{"ts":1763472752283,"action":"IDE_ACTIVATED"}
{"ts":1763472813130,"action":"FILE_CLOSED","file":"/gui/components/invoice_table.py","tags":{"FILE_LINE_OF_CODE":"746"}}
{"ts":1763472813130,"action":"FILE_OPENED","file":"/gui/components/invoice_table.py","tags":{"FILE_LINE_OF_CODE":"746"}}
{"ts":1763472819712,"action":"IDE_DEACTIVATED"}
{"ts":1763472862937,"action":"IDE_ACTIVATED"}
{"ts":1763472971229,"action":"FILE_CLOSED","file":"/gui/components/invoice_table.py","tags":{"FILE_LINE_OF_CODE":"746"}}
{"ts":1763472971229,"action":"FILE_OPENED","file":"/gui/components/invoice_table.py","tags":{"FILE_LINE_OF_CODE":"746"}}
{"ts":1763473325131,"action":"FILE_CLOSED","file":"/gui/components/invoice_table.py","tags":{"FILE_LINE_OF_CODE":"747"}}
{"ts":1763473325131,"action":"FILE_OPENED","file":"/main_webview.py","tags":{"FILE_LINE_OF_CODE":"38"}}
{"ts":1763473328360,"action":"IDE_DEACTIVATED"}
{"ts":1763473340722,"action":"IDE_ACTIVATED"}
{"ts":1763473343717,"action":"FILE_CLOSED","file":"/main_webview.py","tags":{"FILE_LINE_OF_CODE":"38"}}
{"ts":1763473343717,"action":"FILE_OPENED","file":"/gui/components/invoice_table.py","tags":{"FILE_LINE_OF_CODE":"747"}}
{"ts":1763473526049,"action":"IDE_DEACTIVATED"}
{"ts":1763473529100,"action":"IDE_ACTIVATED"}
{"ts":1763473539897,"action":"IDE_DEACTIVATED"}
{"ts":1763473555479,"action":"IDE_ACTIVATED"}
{"ts":1763473627413,"action":"FILE_CLOSED","file":"/gui/components/invoice_table.py","tags":{"FILE_LINE_OF_CODE":"747"}}
{"ts":1763473627413,"action":"FILE_OPENED","file":"/main_webview.py","tags":{"FILE_LINE_OF_CODE":"38"}}
{"ts":1763473631869,"action":"IDE_DEACTIVATED"}
{"ts":1763473647924,"action":"IDE_ACTIVATED"}
{"ts":1763473650203,"action":"FILE_CLOSED","file":"/main_webview.py","tags":{"FILE_LINE_OF_CODE":"38"}}
{"ts":1763473650203,"action":"FILE_OPENED","file":"/gui/components/invoice_table.py","tags":{"FILE_LINE_OF_CODE":"747"}}
{"ts":1763473688752,"action":"FILE_CLOSED","file":"/gui/components/invoice_table.py","tags":{"FILE_LINE_OF_CODE":"747"}}
{"ts":1763473688752,"action":"FILE_OPENED","file":"/main_webview.py","tags":{"FILE_LINE_OF_CODE":"38"}}
{"ts":1763473693123,"action":"IDE_DEACTIVATED"}
{"ts":1763473697003,"action":"IDE_ACTIVATED"}
{"ts":1763473707453,"action":"FILE_CLOSED","file":"/main_webview.py","tags":{"FILE_LINE_OF_CODE":"38"}}
{"ts":1763473707454,"action":"FILE_OPENED","file":"/gui/components/invoice_table.py","tags":{"FILE_LINE_OF_CODE":"747"}}
{"ts":1763473759712,"action":"FILE_CLOSED","file":"/gui/components/invoice_table.py","tags":{"FILE_LINE_OF_CODE":"747"}}
{"ts":1763473759712,"action":"FILE_OPENED","file":"/main_webview.py","tags":{"FILE_LINE_OF_CODE":"38"}}
{"ts":1763473763965,"action":"IDE_DEACTIVATED"}
{"ts":1763473986427,"action":"IDE_ACTIVATED"}
{"ts":1763473993278,"action":"IDE_DEACTIVATED"}
{"ts":1763473993993,"action":"IDE_ACTIVATED"}
{"ts":1763473996384,"action":"IDE_DEACTIVATED"}
{"ts":1763474013949,"action":"IDE_ACTIVATED"}
{"ts":1763474021658,"action":"IDE_DEACTIVATED"}
{"ts":1763474022623,"action":"IDE_ACTIVATED"}
{"ts":1763474041363,"action":"FILE_CLOSED","file":"/main_webview.py","tags":{"FILE_LINE_OF_CODE":"38"}}
{"ts":1763474041363,"action":"FILE_OPENED","file":"/gui/components/invoice_table.py","tags":{"FILE_LINE_OF_CODE":"747"}}
{"ts":1763474123034,"action":"FILE_CLOSED","file":"/gui/components/invoice_table.py","tags":{"FILE_LINE_OF_CODE":"747"}}
{"ts":1763474123034,"action":"FILE_OPENED","file":"/main_webview.py","tags":{"FILE_LINE_OF_CODE":"38"}}
{"ts":1763474129662,"action":"IDE_DEACTIVATED"}
{"ts":1763474145070,"action":"IDE_ACTIVATED"}
{"ts":1763474145443,"action":"IDE_DEACTIVATED"}
{"ts":1763474148389,"action":"IDE_ACTIVATED"}
{"ts":1763474228638,"action":"FILE_CLOSED","file":"/main_webview.py","tags":{"FILE_LINE_OF_CODE":"38"}}
{"ts":1763474228638,"action":"FILE_OPENED","file":"/gui/components/invoice_table.py","tags":{"FILE_LINE_OF_CODE":"747"}}
{"ts":1763474353443,"action":"FILE_CLOSED","file":"/gui/components/invoice_table.py","tags":{"FILE_LINE_OF_CODE":"748"}}
{"ts":1763474353443,"action":"FILE_OPENED","file":"/main_webview.py","tags":{"FILE_LINE_OF_CODE":"38"}}
{"ts":1763474357207,"action":"IDE_DEACTIVATED"}
{"ts":1763474374509,"action":"IDE_ACTIVATED"}
{"ts":1763474392684,"action":"FILE_CLOSED","file":"/main_webview.py","tags":{"FILE_LINE_OF_CODE":"38"}}
{"ts":1763474392684,"action":"FILE_OPENED","file":"/gui/components/invoice_table.py","tags":{"FILE_LINE_OF_CODE":"748"}}
{"ts":1763474486648,"action":"FILE_CLOSED","file":"/gui/components/invoice_table.py","tags":{"FILE_LINE_OF_CODE":"747"}}
{"ts":1763474486648,"action":"FILE_OPENED","file":"/main_webview.py","tags":{"FILE_LINE_OF_CODE":"38"}}
{"ts":1763474490786,"action":"IDE_DEACTIVATED"}
{"ts":1763474509694,"action":"IDE_ACTIVATED"}
{"ts":1763474526480,"action":"IDE_DEACTIVATED"}
{"ts":1763474530540,"action":"IDE_ACTIVATED"}
{"ts":1763474537059,"action":"IDE_DEACTIVATED"}
{"ts":1763474556810,"action":"IDE_ACTIVATED"}
{"ts":1763474568551,"action":"IDE_DEACTIVATED"}
{"ts":1763474575532,"action":"IDE_ACTIVATED"}
{"ts":1763474592100,"action":"FILE_CLOSED","file":"/main_webview.py","tags":{"FILE_LINE_OF_CODE":"38"}}
{"ts":1763474592100,"action":"FILE_OPENED","file":"/gui/components/invoice_table.py","tags":{"FILE_LINE_OF_CODE":"747"}}
{"ts":1763474635516,"action":"FILE_CLOSED","file":"/gui/components/invoice_table.py","tags":{"FILE_LINE_OF_CODE":"747"}}
{"ts":1763474635516,"action":"FILE_OPENED","file":"/main_webview.py","tags":{"FILE_LINE_OF_CODE":"38"}}
{"ts":1763474640273,"action":"IDE_DEACTIVATED"}
{"ts":1763474666990,"action":"IDE_ACTIVATED"}
{"ts":1763474676508,"action":"FILE_CLOSED","file":"/main_webview.py","tags":{"FILE_LINE_OF_CODE":"38"}}
{"ts":1763474676508,"action":"FILE_OPENED","file":"/gui/components/invoice_table.py","tags":{"FILE_LINE_OF_CODE":"747"}}
{"ts":1763474688701,"action":"IDE_DEACTIVATED"}
{"ts":1763474691345,"action":"IDE_ACTIVATED"}
{"ts":1763474693859,"action":"IDE_DEACTIVATED"}
{"ts":1763474698364,"action":"IDE_ACTIVATED"}
{"ts":1763474708020,"action":"IDE_DEACTIVATED"}
{"ts":1763474727534,"action":"IDE_ACTIVATED"}
{"ts":1763474731680,"action":"IDE_DEACTIVATED"}
{"ts":1763474733313,"action":"IDE_ACTIVATED"}
{"ts":1763474737185,"action":"IDE_DEACTIVATED"}
{"ts":1763474739924,"action":"IDE_ACTIVATED"}
{"ts":1763474741153,"action":"IDE_DEACTIVATED"}
{"ts":1763474745343,"action":"IDE_ACTIVATED"}
{"ts":1763474747701,"action":"IDE_DEACTIVATED"}
{"ts":1763474748672,"action":"IDE_ACTIVATED"}
{"ts":1763474752272,"action":"FILE_CLOSED","file":"/gui/components/invoice_table.py","tags":{"FILE_LINE_OF_CODE":"747"}}
{"ts":1763474752272,"action":"FILE_OPENED","file":"/main_webview.py","tags":{"FILE_LINE_OF_CODE":"38"}}
{"ts":1763474756286,"action":"IDE_DEACTIVATED"}
{"ts":1763474782050,"action":"IDE_ACTIVATED"}
{"ts":1763474784377,"action":"FILE_CLOSED","file":"/main_webview.py","tags":{"FILE_LINE_OF_CODE":"38"}}
{"ts":1763474784377,"action":"FILE_OPENED","file":"/gui/components/invoice_table.py","tags":{"FILE_LINE_OF_CODE":"747"}}
{"ts":1763474788256,"action":"FILE_CLOSED","file":"/gui/components/invoice_table.py","tags":{"FILE_LINE_OF_CODE":"747"}}
{"ts":1763474788256,"action":"FILE_OPENED","file":"/main_webview.py","tags":{"FILE_LINE_OF_CODE":"38"}}
{"ts":1763474792202,"action":"IDE_DEACTIVATED"}
{"ts":1763474805326,"action":"IDE_ACTIVATED"}
{"ts":1763474806344,"action":"IDE_DEACTIVATED"}
{"ts":1763474807108,"action":"IDE_ACTIVATED"}
{"ts":1763474808809,"action":"FILE_CLOSED","file":"/main_webview.py","tags":{"FILE_LINE_OF_CODE":"38"}}
{"ts":1763474808809,"action":"FILE_OPENED","file":"/gui/components/invoice_table.py","tags":{"FILE_LINE_OF_CODE":"747"}}
{"ts":1763474814349,"action":"IDE_DEACTIVATED"}
{"ts":1763474816007,"action":"IDE_ACTIVATED"}
{"ts":1763474816747,"action":"IDE_DEACTIVATED"}
{"ts":1763474817535,"action":"IDE_ACTIVATED"}
{"ts":1763474821712,"action":"IDE_DEACTIVATED"}
{"ts":1763474827221,"action":"IDE_ACTIVATED"}
{"ts":1763474829649,"action":"FILE_CLOSED","file":"/gui/components/invoice_table.py","tags":{"FILE_LINE_OF_CODE":"747"}}
{"ts":1763474829649,"action":"FILE_OPENED","file":"/main_webview.py","tags":{"FILE_LINE_OF_CODE":"38"}}
{"ts":1763474832460,"action":"IDE_DEACTIVATED"}
{"ts":1763474891623,"action":"IDE_ACTIVATED"}
{"ts":1763474921125,"action":"FILE_CLOSED","file":"/main_webview.py","tags":{"FILE_LINE_OF_CODE":"38"}}
{"ts":1763474921125,"action":"FILE_OPENED","file":"/gui/components/invoice_table.py","tags":{"FILE_LINE_OF_CODE":"747"}}
{"ts":1763474945629,"action":"IDE_DEACTIVATED"}
{"ts":1763474950118,"action":"IDE_ACTIVATED"}
{"ts":1763474976749,"action":"IDE_DEACTIVATED"}
{"ts":1763474979410,"action":"IDE_ACTIVATED"}
{"ts":1763474982990,"action":"IDE_DEACTIVATED"}
{"ts":1763474983654,"action":"IDE_ACTIVATED"}
{"ts":1763475002635,"action":"IDE_DEACTIVATED"}
{"ts":1763475005908,"action":"IDE_ACTIVATED"}
{"ts":1763475033180,"action":"IDE_DEACTIVATED"}
{"ts":1763475044071,"action":"IDE_ACTIVATED"}
{"ts":1763475053641,"action":"IDE_DEACTIVATED"}
{"ts":1763475070641,"action":"IDE_ACTIVATED"}
{"ts":1763475073574,"action":"IDE_DEACTIVATED"}
{"ts":1763475074890,"action":"IDE_ACTIVATED"}
{"ts":1763475080880,"action":"IDE_DEACTIVATED"}
{"ts":1763475085169,"action":"IDE_ACTIVATED"}
{"ts":1763475092983,"action":"IDE_DEACTIVATED"}
{"ts":1763475115508,"action":"IDE_ACTIVATED"}
{"ts":1763475228092,"action":"IDE_DEACTIVATED"}
{"ts":1763475231892,"action":"IDE_ACTIVATED"}
{"ts":1763475340333,"action":"IDE_DEACTIVATED"}
{"ts":1763475348636,"action":"IDE_ACTIVATED"}
{"ts":1763475368093,"action":"IDE_DEACTIVATED"}
{"ts":1763475373654,"action":"IDE_ACTIVATED"}
{"ts":1763475378202,"action":"IDE_DEACTIVATED"}
{"ts":1763475380400,"action":"IDE_ACTIVATED"}
{"ts":1763475405691,"action":"IDE_DEACTIVATED"}
{"ts":1763475417829,"action":"IDE_ACTIVATED"}
{"ts":1763475419580,"action":"IDE_DEACTIVATED"}
{"ts":1763475421160,"action":"IDE_ACTIVATED"}
{"ts":1763475537359,"action":"IDE_DEACTIVATED"}
{"ts":1763475557194,"action":"IDE_ACTIVATED"}
{"ts":1763475639690,"action":"IDE_DEACTIVATED"}
{"ts":1763475643135,"action":"IDE_ACTIVATED"}
{"ts":1763475680883,"action":"IDE_DEACTIVATED"}
{"ts":1763475683632,"action":"IDE_ACTIVATED"}
{"ts":1763475689881,"action":"IDE_DEACTIVATED"}
{"ts":1763475692003,"action":"IDE_ACTIVATED"}
{"ts":1763475698807,"action":"IDE_DEACTIVATED"}
{"ts":1763475702161,"action":"IDE_ACTIVATED"}
{"ts":1763475703229,"action":"IDE_DEACTIVATED"}
{"ts":1763475704611,"action":"IDE_ACTIVATED"}
{"ts":1763475724037,"action":"IDE_DEACTIVATED"}
{"ts":1763475727517,"action":"IDE_ACTIVATED"}
{"ts":1763475738325,"action":"IDE_DEACTIVATED"}
{"ts":1763475740033,"action":"IDE_ACTIVATED"}
{"ts":1763475741420,"action":"IDE_DEACTIVATED"}
{"ts":1763475742260,"action":"IDE_ACTIVATED"}
{"ts":1763475758976,"action":"IDE_DEACTIVATED"}
{"ts":1763475761507,"action":"IDE_ACTIVATED"}
{"ts":1763475833980,"action":"FILE_CLOSED","file":"/gui/components/invoice_table.py","tags":{"FILE_LINE_OF_CODE":"748"}}
{"ts":1763475833980,"action":"FILE_OPENED","file":"/main_webview.py","tags":{"FILE_LINE_OF_CODE":"38"}}
{"ts":1763475839034,"action":"IDE_DEACTIVATED"}
{"ts":1763475865636,"action":"IDE_ACTIVATED"}
{"ts":1763475873999,"action":"FILE_CLOSED","file":"/main_webview.py","tags":{"FILE_LINE_OF_CODE":"38"}}
{"ts":1763475873999,"action":"FILE_OPENED","file":"/gui/components/invoice_table.py","tags":{"FILE_LINE_OF_CODE":"748"}}
{"ts":1763475877085,"action":"IDE_DEACTIVATED"}
{"ts":1763475878377,"action":"IDE_ACTIVATED"}
{"ts":1763475889446,"action":"IDE_DEACTIVATED"}
{"ts":1763475890585,"action":"IDE_ACTIVATED"}
{"ts":1763475896685,"action":"IDE_DEACTIVATED"}
{"ts":1763475897921,"action":"IDE_ACTIVATED"}
{"ts":1763475907098,"action":"IDE_DEACTIVATED"}
{"ts":1763475910367,"action":"IDE_ACTIVATED"}
{"ts":1763475925912,"action":"IDE_DEACTIVATED"}
{"ts":1763475929286,"action":"IDE_ACTIVATED"}
{"ts":1763475969600,"action":"FILE_CLOSED","file":"/gui/components/invoice_table.py","tags":{"FILE_LINE_OF_CODE":"749"}}
{"ts":1763475969600,"action":"FILE_OPENED","file":"/main_webview.py","tags":{"FILE_LINE_OF_CODE":"38"}}
{"ts":1763475974301,"action":"IDE_DEACTIVATED"}
{"ts":1763476004064,"action":"IDE_ACTIVATED"}
{"ts":1763476038324,"action":"FILE_CLOSED","file":"/main_webview.py","tags":{"FILE_LINE_OF_CODE":"38"}}
{"ts":1763476038325,"action":"FILE_OPENED","file":"/gui/components/invoice_table.py","tags":{"FILE_LINE_OF_CODE":"749"}}
{"ts":1763476047213,"action":"FILE_CLOSED","file":"/gui/components/invoice_table.py","tags":{"FILE_LINE_OF_CODE":"749"}}
{"ts":1763476047213,"action":"FILE_OPENED","file":"/main_webview.py","tags":{"FILE_LINE_OF_CODE":"38"}}
{"ts":1763476051524,"action":"IDE_DEACTIVATED"}
{"ts":1763476112026,"action":"IDE_ACTIVATED"}
{"ts":1763476125176,"action":"IDE_DEACTIVATED"}
{"ts":1763476128186,"action":"IDE_ACTIVATED"}
{"ts":1763476168195,"action":"IDE_DEACTIVATED"}
{"ts":1763476170144,"action":"IDE_ACTIVATED"}
{"ts":1763476203729,"action":"IDE_DEACTIVATED"}
{"ts":1763476208458,"action":"IDE_ACTIVATED"}
{"ts":1763476210658,"action":"FILE_CLOSED","file":"/main_webview.py","tags":{"FILE_LINE_OF_CODE":"38"}}
{"ts":1763476210658,"action":"FILE_OPENED","file":"/gui/components/invoice_table.py","tags":{"FILE_LINE_OF_CODE":"749"}}
{"ts":1763476214202,"action":"IDE_DEACTIVATED"}
{"ts":1763476215042,"action":"IDE_ACTIVATED"}
{"ts":1763476218271,"action":"IDE_DEACTIVATED"}
{"ts":1763476219418,"action":"IDE_ACTIVATED"}
{"ts":1763476250632,"action":"IDE_DEACTIVATED"}
{"ts":1763476256864,"action":"IDE_ACTIVATED"}
{"ts":1763476269328,"action":"FILE_CLOSED","file":"/gui/components/invoice_table.py","tags":{"FILE_LINE_OF_CODE":"749"}}
{"ts":1763476269328,"action":"FILE_OPENED","file":"/main_webview.py","tags":{"FILE_LINE_OF_CODE":"38"}}
{"ts":1763476273451,"action":"IDE_DEACTIVATED"}
{"ts":1763476282943,"action":"IDE_ACTIVATED"}
{"ts":1763476296267,"action":"IDE_DEACTIVATED"}
{"ts":1763476301892,"action":"IDE_ACTIVATED"}
{"ts":1763476317561,"action":"IDE_DEACTIVATED"}
{"ts":1763476321220,"action":"IDE_ACTIVATED"}
{"ts":1763476337975,"action":"FILE_CLOSED","file":"/main_webview.py","tags":{"FILE_LINE_OF_CODE":"38"}}
{"ts":1763476337975,"action":"FILE_OPENED","file":"/gui/components/invoice_table.py","tags":{"FILE_LINE_OF_CODE":"749"}}
{"ts":1763476552288,"action":"FILE_CLOSED","file":"/gui/components/invoice_table.py","tags":{"FILE_LINE_OF_CODE":"751"}}
{"ts":1763476552289,"action":"FILE_OPENED","file":"/main_webview.py","tags":{"FILE_LINE_OF_CODE":"38"}}
{"ts":1763476556468,"action":"IDE_DEACTIVATED"}
{"ts":1763476567319,"action":"IDE_ACTIVATED"}
{"ts":1763476584910,"action":"FILE_CLOSED","file":"/main_webview.py","tags":{"FILE_LINE_OF_CODE":"38"}}
{"ts":1763476584910,"action":"FILE_OPENED","file":"/gui/components/invoice_table.py","tags":{"FILE_LINE_OF_CODE":"751"}}
{"ts":1763476773572,"action":"FILE_CLOSED","file":"/gui/components/invoice_table.py","tags":{"FILE_LINE_OF_CODE":"752"}}
{"ts":1763476773572,"action":"FILE_OPENED","file":"/main_webview.py","tags":{"FILE_LINE_OF_CODE":"38"}}
{"ts":1763476777837,"action":"IDE_DEACTIVATED"}
{"ts":1763476796564,"action":"IDE_ACTIVATED"}
{"ts":1763476801496,"action":"FILE_CLOSED","file":"/main_webview.py","tags":{"FILE_LINE_OF_CODE":"38"}}
{"ts":1763476801496,"action":"FILE_OPENED","file":"/gui/components/invoice_table.py","tags":{"FILE_LINE_OF_CODE":"752"}}
{"ts":1763477086752,"action":"FILE_CLOSED","file":"/gui/components/invoice_table.py","tags":{"FILE_LINE_OF_CODE":"752"}}
{"ts":1763477086752,"action":"FILE_OPENED","file":"/main_webview.py","tags":{"FILE_LINE_OF_CODE":"38"}}
{"ts":1763477091166,"action":"IDE_DEACTIVATED"}
{"ts":1763477103329,"action":"IDE_ACTIVATED"}
{"ts":1763477107653,"action":"FILE_CLOSED","file":"/main_webview.py","tags":{"FILE_LINE_OF_CODE":"38"}}
{"ts":1763477107653,"action":"FILE_OPENED","file":"/gui/components/invoice_table.py","tags":{"FILE_LINE_OF_CODE":"752"}}
{"ts":1763477209769,"action":"FILE_CLOSED","file":"/gui/components/invoice_table.py","tags":{"FILE_LINE_OF_CODE":"751"}}
{"ts":1763477209769,"action":"FILE_OPENED","file":"/main_webview.py","tags":{"FILE_LINE_OF_CODE":"38"}}
{"ts":1763477213832,"action":"IDE_DEACTIVATED"}
{"ts":1763477219688,"action":"IDE_ACTIVATED"}
{"ts":1763477371084,"action":"IDE_DEACTIVATED"}
{"ts":1763477373535,"action":"IDE_ACTIVATED"}
{"ts":1763477429332,"action":"FILE_CLOSED","file":"/main_webview.py","tags":{"FILE_LINE_OF_CODE":"38"}}
{"ts":1763477429332,"action":"FILE_OPENED","file":"/gui/components/invoice_table.py","tags":{"FILE_LINE_OF_CODE":"751"}}
{"ts":1763477441922,"action":"FILE_CLOSED","file":"/gui/components/invoice_table.py","tags":{"FILE_LINE_OF_CODE":"751"}}
{"ts":1763477441922,"action":"FILE_OPENED","file":"/main_webview.py","tags":{"FILE_LINE_OF_CODE":"38"}}
{"ts":1763477446248,"action":"IDE_DEACTIVATED"}
{"ts":1763477453882,"action":"IDE_ACTIVATED"}
{"ts":1763477456809,"action":"IDE_DEACTIVATED"}
{"ts":1763477469214,"action":"IDE_ACTIVATED"}
{"ts":1763477703159,"action":"IDE_DEACTIVATED"}
{"ts":1763477705174,"action":"IDE_ACTIVATED"}
{"ts":1763477705852,"action":"IDE_DEACTIVATED"}
{"ts":1763477722921,"action":"IDE_ACTIVATED"}
{"ts":1763477733177,"action":"IDE_DEACTIVATED"}
{"ts":1763477735564,"action":"IDE_ACTIVATED"}
{"ts":1763478263313,"action":"FILE_CLOSED","file":"/main_webview.py","tags":{"FILE_LINE_OF_CODE":"38"}}
{"ts":1763478263313,"action":"FILE_OPENED","file":"/gui/components/invoice_table.py","tags":{"FILE_LINE_OF_CODE":"751"}}
{"ts":1763478310529,"action":"FILE_CLOSED","file":"/gui/components/invoice_table.py","tags":{"FILE_LINE_OF_CODE":"751"}}
{"ts":1763478310529,"action":"FILE_OPENED","file":"/main_webview.py","tags":{"FILE_LINE_OF_CODE":"38"}}
{"ts":1763478314788,"action":"IDE_DEACTIVATED"}
{"ts":1763478337567,"action":"IDE_ACTIVATED"}
{"ts":1763478346117,"action":"FILE_CLOSED","file":"/main_webview.py","tags":{"FILE_LINE_OF_CODE":"38"}}
{"ts":1763478346117,"action":"FILE_OPENED","file":"/gui/components/invoice_table.py","tags":{"FILE_LINE_OF_CODE":"751"}}
{"ts":1763478351288,"action":"FILE_CLOSED","file":"/gui/components/invoice_table.py","tags":{"FILE_LINE_OF_CODE":"751"}}
{"ts":1763478351288,"action":"FILE_OPENED","file":"/main_webview.py","tags":{"FILE_LINE_OF_CODE":"38"}}
{"ts":1763478355497,"action":"IDE_DEACTIVATED"}
{"ts":1763478531453,"action":"IDE_ACTIVATED"}
{"ts":1763478604204,"action":"PROJECT_CLOSED","tags":{"PROJECT_NAME":"faktura_scanner"}}
{"ts":1763495516990,"action":"FILE_OPENED","file":"/gui/components/invoice_table.py","tags":{"FILE_LINE_OF_CODE":"751"}}
{"ts":1763495519154,"action":"FILE_CLOSED","file":"/gui/components/invoice_table.py","tags":{"FILE_LINE_OF_CODE":"751"}}
{"ts":1763495519154,"action":"FILE_OPENED","file":"/gui/app_webview.py","tags":{"FILE_LINE_OF_CODE":"255"}}
{"ts":1763495519188,"action":"PROJECT_OPENED","tags":{"PROJECT_NAME":"faktura_scanner"}}
{"ts":1763495549747,"action":"FILE_CLOSED","file":"/gui/app_webview.py","tags":{"FILE_LINE_OF_CODE":"255"}}
{"ts":1763495549747,"action":"FILE_OPENED","file":"/main_webview.py","tags":{"FILE_LINE_OF_CODE":"38"}}
{"ts":1763495576788,"action":"IDE_DEACTIVATED"}
{"ts":1763495586902,"action":"IDE_ACTIVATED"}
{"ts":1763495604558,"action":"FILE_CLOSED","file":"/main_webview.py","tags":{"FILE_LINE_OF_CODE":"38"}}
{"ts":1763495604558,"action":"FILE_OPENED","file":"/gui/components/invoice_table.py","tags":{"FILE_LINE_OF_CODE":"751"}}
{"ts":1763495711486,"action":"IDE_DEACTIVATED"}
{"ts":1763495714967,"action":"IDE_ACTIVATED"}
{"ts":1763495744235,"action":"FILE_CLOSED","file":"/gui/components/invoice_table.py","tags":{"FILE_LINE_OF_CODE":"751"}}
{"ts":1763495744236,"action":"FILE_OPENED","file":"/main_webview.py","tags":{"FILE_LINE_OF_CODE":"38"}}
{"ts":1763495752402,"action":"IDE_DEACTIVATED"}
{"ts":1763497088386,"action":"IDE_ACTIVATED"}
{"ts":1763497093229,"action":"IDE_DEACTIVATED"}
{"ts":1763497103405,"action":"IDE_ACTIVATED"}
{"ts":1763497108986,"action":"FILE_CLOSED","file":"/main_webview.py","tags":{"FILE_LINE_OF_CODE":"38"}}
{"ts":1763497108986,"action":"FILE_OPENED","file":"/gui/components/invoice_table.py","tags":{"FILE_LINE_OF_CODE":"751"}}
{"ts":1763497113924,"action":"FILE_CLOSED","file":"/gui/components/invoice_table.py","tags":{"FILE_LINE_OF_CODE":"751"}}
{"ts":1763497113924,"action":"FILE_OPENED","file":"/gui/components/navigation_rail.py","tags":{"FILE_LINE_OF_CODE":"111"}}
{"ts":1763497159914,"action":"IDE_DEACTIVATED"}
{"ts":1763497202427,"action":"IDE_ACTIVATED"}
{"ts":1763497264440,"action":"FILE_CLOSED","file":"/gui/components/navigation_rail.py","tags":{"FILE_LINE_OF_CODE":"111"}}
{"ts":1763497264440,"action":"FILE_OPENED","file":"/gui/components/invoice_table.py","tags":{"FILE_LINE_OF_CODE":"751"}}
{"ts":1763497422677,"action":"FILE_CLOSED","file":"/gui/components/invoice_table.py","tags":{"FILE_LINE_OF_CODE":"753"}}
{"ts":1763497422677,"action":"FILE_OPENED","file":"/main_webview.py","tags":{"FILE_LINE_OF_CODE":"38"}}
{"ts":1763497430966,"action":"IDE_DEACTIVATED"}
{"ts":1763497440118,"action":"IDE_ACTIVATED"}
{"ts":1763497446562,"action":"FILE_CLOSED","file":"/main_webview.py","tags":{"FILE_LINE_OF_CODE":"38"}}
{"ts":1763497446562,"action":"FILE_OPENED","file":"/gui/components/invoice_table.py","tags":{"FILE_LINE_OF_CODE":"753"}}
{"ts":1763497491032,"action":"FILE_CLOSED","file":"/gui/components/invoice_table.py","tags":{"FILE_LINE_OF_CODE":"753"}}
{"ts":1763497491032,"action":"FILE_OPENED","file":"/main_webview.py","tags":{"FILE_LINE_OF_CODE":"38"}}
{"ts":1763497498816,"action":"IDE_DEACTIVATED"}
{"ts":1763497554987,"action":"IDE_ACTIVATED"}
{"ts":1763497681867,"action":"PROJECT_CLOSED","tags":{"PROJECT_NAME":"faktura_scanner"}}
{"ts":1763500295714,"action":"FILE_OPENED","file":"/gui/components/invoice_table.py","tags":{"FILE_LINE_OF_CODE":"753"}}
{"ts":1763500298373,"action":"PROJECT_OPENED","tags":{"PROJECT_NAME":"faktura_scanner"}}
{"ts":1763501159218,"action":"PROJECT_CLOSED","tags":{"PROJECT_NAME":"faktura_scanner"}}
{"ts":1763550050975,"action":"FILE_OPENED","file":"/gui/components/invoice_table.py","tags":{"FILE_LINE_OF_CODE":"753"}}
{"ts":1763550053050,"action":"PROJECT_OPENED","tags":{"PROJECT_NAME":"faktura_scanner"}}
{"ts":1763550123086,"action":"IDE_ACTIVATED"}
{"ts":1763550137998,"action":"IDE_DEACTIVATED"}
{"ts":1763550224350,"action":"IDE_ACTIVATED"}
{"ts":1763550337661,"action":"IDE_DEACTIVATED"}
{"ts":1763550367293,"action":"IDE_ACTIVATED"}
{"ts":1763550413371,"action":"IDE_DEACTIVATED"}
{"ts":1763550414706,"action":"IDE_ACTIVATED"}
{"ts":1763550540311,"action":"IDE_DEACTIVATED"}
{"ts":1763550550306,"action":"IDE_ACTIVATED"}
{"ts":1763550832776,"action":"IDE_DEACTIVATED"}
{"ts":1763551067592,"action":"IDE_ACTIVATED"}
{"ts":1763551288953,"action":"IDE_DEACTIVATED"}
{"ts":1763551352715,"action":"IDE_ACTIVATED"}
{"ts":1763551359138,"action":"IDE_DEACTIVATED"}
{"ts":1763551365909,"action":"IDE_ACTIVATED"}
{"ts":1763551369304,"action":"FILE_CLOSED","file":"/gui/components/invoice_table.py","tags":{"FILE_LINE_OF_CODE":"753"}}
{"ts":1763551369304,"action":"FILE_OPENED","file":"/agent.md","tags":{"FILE_LINE_OF_CODE":"857"}}
{"ts":1763551554814,"action":"IDE_DEACTIVATED"}
{"ts":1763551554998,"action":"IDE_ACTIVATED"}
{"ts":1763551639643,"action":"IDE_DEACTIVATED"}
{"ts":1763551685766,"action":"FILE_CLOSED","file":"/agent.md","tags":{"FILE_LINE_OF_CODE":"857"}}
{"ts":1763551685775,"action":"IDE_ACTIVATED"}
{"ts":1763551712488,"action":"FILE_OPENED","file":"/gui/components/navigation_rail.py","tags":{"FILE_LINE_OF_CODE":"111"}}
{"ts":1763551853933,"action":"IDE_DEACTIVATED"}
{"ts":1763551936348,"action":"IDE_ACTIVATED"}
{"ts":1763552101834,"action":"IDE_DEACTIVATED"}
{"ts":1763552167633,"action":"IDE_ACTIVATED"}
{"ts":1763552332957,"action":"IDE_DEACTIVATED"}
{"ts":1763552522287,"action":"IDE_ACTIVATED"}
{"ts":1763552532572,"action":"FILE_CLOSED","file":"/gui/components/navigation_rail.py","tags":{"FILE_LINE_OF_CODE":"111"}}
{"ts":1763552532572,"action":"FILE_OPENED","file":"/gui/views/main_view.py","tags":{"FILE_LINE_OF_CODE":"561"}}
{"ts":1763552562529,"action":"FILE_CLOSED","file":"/gui/views/main_view.py","tags":{"FILE_LINE_OF_CODE":"561"}}
{"ts":1763552562529,"action":"FILE_OPENED","file":"/gui/app_webview.py","tags":{"FILE_LINE_OF_CODE":"255"}}
{"ts":1763552590573,"action":"IDE_DEACTIVATED"}
{"ts":1763552855148,"action":"IDE_ACTIVATED"}
{"ts":1763552856496,"action":"FILE_CLOSED","file":"/gui/app_webview.py","tags":{"FILE_LINE_OF_CODE":"255"}}
{"ts":1763552856496,"action":"FILE_OPENED","file":"/gui/components/invoice_table.py","tags":{"FILE_LINE_OF_CODE":"753"}}
{"ts":1763552899214,"action":"FILE_CLOSED","file":"/gui/components/invoice_table_19112025.py","tags":{"FILE_LINE_OF_CODE":"753"}}
{"ts":1763552899214,"action":"FILE_OPENED","file":"/gui/components/invoice_table.py","tags":{"FILE_LINE_OF_CODE":"0"}}
{"ts":1763552900178,"action":"IDE_DEACTIVATED"}
{"ts":1763552901048,"action":"IDE_ACTIVATED"}
{"ts":1763552918834,"action":"IDE_DEACTIVATED"}
{"ts":1763552971657,"action":"IDE_ACTIVATED"}
{"ts":1763552973760,"action":"FILE_CLOSED","file":"/gui/components/invoice_table.py","tags":{"FILE_LINE_OF_CODE":"658"}}
{"ts":1763552973760,"action":"FILE_OPENED","file":"/gui/views/main_view.py","tags":{"FILE_LINE_OF_CODE":"561"}}
{"ts":1763552990202,"action":"IDE_DEACTIVATED"}
{"ts":1763553046081,"action":"IDE_ACTIVATED"}
{"ts":1763553048855,"action":"IDE_DEACTIVATED"}
{"ts":1763553054610,"action":"IDE_ACTIVATED"}
{"ts":1763553067056,"action":"FILE_CLOSED","file":"/gui/views/main_view_19112025.py","tags":{"FILE_LINE_OF_CODE":"561"}}
{"ts":1763553067056,"action":"FILE_OPENED","file":"/gui/views/main_view.py","tags":{"FILE_LINE_OF_CODE":"0"}}
{"ts":1763553093363,"action":"IDE_DEACTIVATED"}
{"ts":1763553106499,"action":"IDE_ACTIVATED"}
{"ts":1763553110007,"action":"IDE_DEACTIVATED"}
{"ts":1763553113103,"action":"IDE_ACTIVATED"}
{"ts":1763553121163,"action":"FILE_CLOSED","file":"/gui/views/main_view.py","tags":{"FILE_LINE_OF_CODE":"501"}}
{"ts":1763553121163,"action":"FILE_OPENED","file":"/gui/app.py","tags":{"FILE_LINE_OF_CODE":"238"}}
{"ts":1763553174378,"action":"IDE_DEACTIVATED"}
{"ts":1763553176933,"action":"IDE_ACTIVATED"}
{"ts":1763553191355,"action":"IDE_DEACTIVATED"}
{"ts":1763553222400,"action":"IDE_ACTIVATED"}
{"ts":1763553248809,"action":"IDE_DEACTIVATED"}
{"ts":1763553254294,"action":"IDE_ACTIVATED"}
{"ts":1763553256245,"action":"IDE_DEACTIVATED"}
{"ts":1763553322591,"action":"IDE_ACTIVATED"}
{"ts":1763553324772,"action":"FILE_CLOSED","file":"/gui/app.py","tags":{"FILE_LINE_OF_CODE":"238"}}
{"ts":1763553324772,"action":"FILE_OPENED","file":"/gui/app_webview.py","tags":{"FILE_LINE_OF_CODE":"255"}}
{"ts":1763553336478,"action":"FILE_CLOSED","file":"/gui/app_webview.py","tags":{"FILE_LINE_OF_CODE":"255"}}
{"ts":1763553336478,"action":"FILE_OPENED","file":"/main_webview.py","tags":{"FILE_LINE_OF_CODE":"38"}}
{"ts":1763553339841,"action":"IDE_DEACTIVATED"}
{"ts":1763553375850,"action":"IDE_ACTIVATED"}
{"ts":1763553387861,"action":"FILE_CLOSED","file":"/main_webview.py","tags":{"FILE_LINE_OF_CODE":"38"}}
{"ts":1763553387861,"action":"FILE_OPENED","file":"/gui/components/invoice_table.py","tags":{"FILE_LINE_OF_CODE":"658"}}
{"ts":1763553397300,"action":"IDE_DEACTIVATED"}
{"ts":1763553561225,"action":"IDE_ACTIVATED"}
{"ts":1763553567043,"action":"FILE_CLOSED","file":"/gui/components/invoice_table.py","tags":{"FILE_LINE_OF_CODE":"658"}}
{"ts":1763553567043,"action":"FILE_OPENED","file":"/main.py","tags":{"FILE_LINE_OF_CODE":"19"}}
{"ts":1763553575897,"action":"IDE_DEACTIVATED"}
{"ts":1763553668227,"action":"IDE_ACTIVATED"}
{"ts":1763553672418,"action":"IDE_DEACTIVATED"}
{"ts":1763553759641,"action":"IDE_ACTIVATED"}
{"ts":1763553761549,"action":"IDE_DEACTIVATED"}
{"ts":1763553767562,"action":"IDE_ACTIVATED"}
{"ts":1763553923164,"action":"IDE_DEACTIVATED"}
{"ts":1763554010840,"action":"IDE_ACTIVATED"}
{"ts":1763554012996,"action":"FILE_CLOSED","file":"/main.py","tags":{"FILE_LINE_OF_CODE":"19"}}
{"ts":1763554012996,"action":"FILE_OPENED","file":"/gui/components/invoice_table.py","tags":{"FILE_LINE_OF_CODE":"658"}}
{"ts":1763554020485,"action":"FILE_CLOSED","file":"/gui/components/invoice_table.py","tags":{"FILE_LINE_OF_CODE":"658"}}
{"ts":1763554020485,"action":"FILE_OPENED","file":"/gui/views/main_view.py","tags":{"FILE_LINE_OF_CODE":"501"}}
{"ts":1763554082504,"action":"FILE_CLOSED","file":"/gui/views/main_view.py","tags":{"FILE_LINE_OF_CODE":"501"}}
{"ts":1763554082504,"action":"FILE_OPENED","file":"/main_webview.py","tags":{"FILE_LINE_OF_CODE":"38"}}
{"ts":1763554086775,"action":"IDE_DEACTIVATED"}
{"ts":1763554094211,"action":"IDE_ACTIVATED"}
{"ts":1763554095442,"action":"FILE_CLOSED","file":"/main_webview.py","tags":{"FILE_LINE_OF_CODE":"38"}}
{"ts":1763554095442,"action":"FILE_OPENED","file":"/gui/views/main_view.py","tags":{"FILE_LINE_OF_CODE":"501"}}
{"ts":1763554239752,"action":"IDE_DEACTIVATED"}
{"ts":1763554245461,"action":"IDE_ACTIVATED"}
{"ts":1763554275963,"action":"FILE_CLOSED","file":"/gui/views/main_view.py","tags":{"FILE_LINE_OF_CODE":"501"}}
{"ts":1763554275963,"action":"FILE_OPENED","file":"/gui/theme.py","tags":{"FILE_LINE_OF_CODE":"180"}}
{"ts":1763554290402,"action":"IDE_DEACTIVATED"}
{"ts":1763554292142,"action":"IDE_ACTIVATED"}
{"ts":1763554298000,"action":"FILE_CLOSED","file":"/gui/theme.py","tags":{"FILE_LINE_OF_CODE":"180"}}
{"ts":1763554298000,"action":"FILE_OPENED","file":"/gui/views/main_view.py","tags":{"FILE_LINE_OF_CODE":"501"}}
{"ts":1763554299690,"action":"FILE_CLOSED","file":"/gui/views/main_view.py","tags":{"FILE_LINE_OF_CODE":"501"}}
{"ts":1763554299690,"action":"FILE_OPENED","file":"/main_webview.py","tags":{"FILE_LINE_OF_CODE":"38"}}
{"ts":1763554305677,"action":"FILE_CLOSED","file":"/main_webview.py","tags":{"FILE_LINE_OF_CODE":"38"}}
{"ts":1763554305677,"action":"FILE_OPENED","file":"/gui/views/main_view.py","tags":{"FILE_LINE_OF_CODE":"501"}}
{"ts":1763554325362,"action":"FILE_CLOSED","file":"/gui/views/main_view.py","tags":{"FILE_LINE_OF_CODE":"501"}}
{"ts":1763554325362,"action":"FILE_OPENED","file":"/gui/theme.py","tags":{"FILE_LINE_OF_CODE":"180"}}
{"ts":1763554377495,"action":"FILE_CLOSED","file":"/gui/theme.py","tags":{"FILE_LINE_OF_CODE":"180"}}
{"ts":1763554377495,"action":"FILE_OPENED","file":"/gui/views/main_view.py","tags":{"FILE_LINE_OF_CODE":"501"}}
{"ts":1763554429366,"action":"FILE_CLOSED","file":"/gui/views/main_view.py","tags":{"FILE_LINE_OF_CODE":"502"}}
{"ts":1763554429366,"action":"FILE_OPENED","file":"/main_webview.py","tags":{"FILE_LINE_OF_CODE":"38"}}
{"ts":1763554433787,"action":"IDE_DEACTIVATED"}
{"ts":1763554442166,"action":"IDE_ACTIVATED"}
{"ts":1763554447601,"action":"FILE_CLOSED","file":"/main_webview.py","tags":{"FILE_LINE_OF_CODE":"38"}}
{"ts":1763554447601,"action":"FILE_OPENED","file":"/gui/views/main_view.py","tags":{"FILE_LINE_OF_CODE":"502"}}
{"ts":1763554531687,"action":"FILE_CLOSED","file":"/gui/views/main_view.py","tags":{"FILE_LINE_OF_CODE":"501"}}
{"ts":1763554531687,"action":"FILE_OPENED","file":"/gui/views/main_view_19112025.py","tags":{"FILE_LINE_OF_CODE":"561"}}
{"ts":1763554550559,"action":"IDE_DEACTIVATED"}
{"ts":1763554563466,"action":"IDE_ACTIVATED"}
{"ts":1763554568440,"action":"IDE_DEACTIVATED"}
{"ts":1763554599458,"action":"IDE_ACTIVATED"}
{"ts":1763554602353,"action":"FILE_CLOSED","file":"/gui/views/main_view_19112025.py","tags":{"FILE_LINE_OF_CODE":"561"}}
{"ts":1763554602353,"action":"FILE_OPENED","file":"/main_webview.py","tags":{"FILE_LINE_OF_CODE":"38"}}
{"ts":1763554607022,"action":"IDE_DEACTIVATED"}
{"ts":1763554611942,"action":"IDE_ACTIVATED"}
{"ts":1763554614481,"action":"FILE_CLOSED","file":"/main_webview.py","tags":{"FILE_LINE_OF_CODE":"38"}}
{"ts":1763554614481,"action":"FILE_OPENED","file":"/gui/views/main_view.py","tags":{"FILE_LINE_OF_CODE":"501"}}
{"ts":1763554624766,"action":"IDE_DEACTIVATED"}
{"ts":1763554744321,"action":"IDE_ACTIVATED"}
{"ts":1763554763325,"action":"IDE_DEACTIVATED"}
{"ts":1763554782983,"action":"IDE_ACTIVATED"}
{"ts":1763554795051,"action":"IDE_DEACTIVATED"}
{"ts":1763554866955,"action":"IDE_ACTIVATED"}
{"ts":1763554874328,"action":"IDE_DEACTIVATED"}
{"ts":1763554882500,"action":"IDE_ACTIVATED"}
{"ts":1763554932223,"action":"FILE_CLOSED","file":"/gui/views/main_view.py","tags":{"FILE_LINE_OF_CODE":"535"}}
{"ts":1763554932223,"action":"FILE_OPENED","file":"/main_webview.py","tags":{"FILE_LINE_OF_CODE":"38"}}
{"ts":1763554936056,"action":"IDE_DEACTIVATED"}
{"ts":1763554955927,"action":"IDE_ACTIVATED"}
{"ts":1763554964094,"action":"FILE_CLOSED","file":"/main_webview.py","tags":{"FILE_LINE_OF_CODE":"38"}}
{"ts":1763554964094,"action":"FILE_OPENED","file":"/gui/components/invoice_table.py","tags":{"FILE_LINE_OF_CODE":"658"}}
{"ts":1763555245945,"action":"IDE_DEACTIVATED"}
{"ts":1763555373634,"action":"IDE_ACTIVATED"}
{"ts":1763555933805,"action":"IDE_DEACTIVATED"}
{"ts":1763556808245,"action":"IDE_ACTIVATED"}
{"ts":1763556860252,"action":"IDE_DEACTIVATED"}
{"ts":1763556871418,"action":"IDE_ACTIVATED"}
{"ts":1763556881795,"action":"FILE_CLOSED","file":"/gui/components/invoice_table.py","tags":{"FILE_LINE_OF_CODE":"660"}}
{"ts":1763556881795,"action":"FILE_OPENED","file":"/main_webview.py","tags":{"FILE_LINE_OF_CODE":"38"}}
{"ts":1763556890479,"action":"IDE_DEACTIVATED"}
{"ts":1763558291402,"action":"IDE_ACTIVATED"}
{"ts":1763558294309,"action":"IDE_DEACTIVATED"}
{"ts":1763558652029,"action":"IDE_ACTIVATED"}
{"ts":1763558659685,"action":"FILE_CLOSED","file":"/main_webview.py","tags":{"FILE_LINE_OF_CODE":"38"}}
{"ts":1763558659685,"action":"FILE_OPENED","file":"/gui/views/main_view.py","tags":{"FILE_LINE_OF_CODE":"535"}}
{"ts":1763558682554,"action":"FILE_CLOSED","file":"/gui/views/main_view.py","tags":{"FILE_LINE_OF_CODE":"535"}}
{"ts":1763558682554,"action":"FILE_OPENED","file":"/main.py","tags":{"FILE_LINE_OF_CODE":"19"}}
{"ts":1763558690671,"action":"IDE_DEACTIVATED"}
{"ts":1763559266195,"action":"IDE_ACTIVATED"}
{"ts":1763559275868,"action":"FILE_CLOSED","file":"/main.py","tags":{"FILE_LINE_OF_CODE":"19"}}
{"ts":1763559275868,"action":"FILE_OPENED","file":"/gui/components/invoice_table.py","tags":{"FILE_LINE_OF_CODE":"660"}}
{"ts":1763559572490,"action":"FILE_CLOSED","file":"/gui/components/invoice_table.py","tags":{"FILE_LINE_OF_CODE":"660"}}
{"ts":1763559572490,"action":"FILE_OPENED","file":"/main_webview.py","tags":{"FILE_LINE_OF_CODE":"38"}}
{"ts":1763559576832,"action":"IDE_DEACTIVATED"}
{"ts":1763559598849,"action":"IDE_ACTIVATED"}
{"ts":1763559602835,"action":"FILE_CLOSED","file":"/main_webview.py","tags":{"FILE_LINE_OF_CODE":"38"}}
{"ts":1763559602835,"action":"FILE_OPENED","file":"/gui/components/invoice_table.py","tags":{"FILE_LINE_OF_CODE":"660"}}
{"ts":1763559675985,"action":"IDE_DEACTIVATED"}
{"ts":1763559677452,"action":"IDE_ACTIVATED"}
{"ts":1763559751678,"action":"IDE_DEACTIVATED"}
{"ts":1763559772782,"action":"IDE_ACTIVATED"}
{"ts":1763559785847,"action":"IDE_DEACTIVATED"}
{"ts":1763559792834,"action":"IDE_ACTIVATED"}
{"ts":1763559850569,"action":"FILE_CLOSED","file":"/gui/components/invoice_table.py","tags":{"FILE_LINE_OF_CODE":"660"}}
{"ts":1763559850569,"action":"FILE_OPENED","file":"/main_webview.py","tags":{"FILE_LINE_OF_CODE":"38"}}
{"ts":1763559854627,"action":"IDE_DEACTIVATED"}
{"ts":1763559871830,"action":"IDE_ACTIVATED"}
{"ts":1763559875177,"action":"FILE_CLOSED","file":"/main_webview.py","tags":{"FILE_LINE_OF_CODE":"38"}}
{"ts":1763559875177,"action":"FILE_OPENED","file":"/gui/components/invoice_table.py","tags":{"FILE_LINE_OF_CODE":"660"}}
{"ts":1763559969587,"action":"FILE_CLOSED","file":"/gui/components/invoice_table.py","tags":{"FILE_LINE_OF_CODE":"660"}}
{"ts":1763559969587,"action":"FILE_OPENED","file":"/main_webview.py","tags":{"FILE_LINE_OF_CODE":"38"}}
{"ts":1763559973413,"action":"IDE_DEACTIVATED"}
{"ts":1763559981949,"action":"IDE_ACTIVATED"}
{"ts":1763559985876,"action":"FILE_CLOSED","file":"/main_webview.py","tags":{"FILE_LINE_OF_CODE":"38"}}
{"ts":1763559985876,"action":"FILE_OPENED","file":"/gui/components/invoice_table.py","tags":{"FILE_LINE_OF_CODE":"660"}}
{"ts":1763560005448,"action":"FILE_CLOSED","file":"/gui/components/invoice_table.py","tags":{"FILE_LINE_OF_CODE":"660"}}
{"ts":1763560005448,"action":"FILE_OPENED","file":"/main_webview.py","tags":{"FILE_LINE_OF_CODE":"38"}}
{"ts":1763560009757,"action":"IDE_DEACTIVATED"}
{"ts":1763560016251,"action":"IDE_ACTIVATED"}
{"ts":1763560017361,"action":"FILE_CLOSED","file":"/main_webview.py","tags":{"FILE_LINE_OF_CODE":"38"}}
{"ts":1763560017361,"action":"FILE_OPENED","file":"/gui/components/invoice_table.py","tags":{"FILE_LINE_OF_CODE":"660"}}
{"ts":1763560354012,"action":"FILE_CLOSED","file":"/gui/components/invoice_table.py","tags":{"FILE_LINE_OF_CODE":"660"}}
{"ts":1763560354012,"action":"FILE_OPENED","file":"/main_webview.py","tags":{"FILE_LINE_OF_CODE":"38"}}
{"ts":1763560358391,"action":"IDE_DEACTIVATED"}
{"ts":1763560382667,"action":"IDE_ACTIVATED"}
{"ts":1763560386064,"action":"FILE_CLOSED","file":"/main_webview.py","tags":{"FILE_LINE_OF_CODE":"38"}}
{"ts":1763560386064,"action":"FILE_OPENED","file":"/gui/components/invoice_table.py","tags":{"FILE_LINE_OF_CODE":"660"}}
{"ts":1763560749031,"action":"FILE_CLOSED","file":"/gui/components/invoice_table.py","tags":{"FILE_LINE_OF_CODE":"660"}}
{"ts":1763560749031,"action":"FILE_OPENED","file":"/main_webview.py","tags":{"FILE_LINE_OF_CODE":"38"}}
{"ts":1763560753348,"action":"IDE_DEACTIVATED"}
{"ts":1763560761193,"action":"IDE_ACTIVATED"}
{"ts":1763560763599,"action":"PROJECT_CLOSED","tags":{"PROJECT_NAME":"faktura_scanner"}}
{"ts":1763566907048,"action":"FILE_OPENED","file":"/main_webview.py","tags":{"FILE_LINE_OF_CODE":"38"}}
{"ts":1763566908134,"action":"PROJECT_OPENED","tags":{"PROJECT_NAME":"faktura_scanner"}}
{"ts":1763567366458,"action":"IDE_DEACTIVATED"}
{"ts":1763567366681,"action":"IDE_ACTIVATED"}
{"ts":1763567662690,"action":"IDE_DEACTIVATED"}
{"ts":1763567662791,"action":"IDE_ACTIVATED"}
{"ts":1763567719812,"action":"IDE_DEACTIVATED"}
{"ts":1763567720716,"action":"IDE_ACTIVATED"}
{"ts":1764437047931,"action":"PROJECT_OPENED","tags":{"PROJECT_NAME":"faktura_scanner_flask"}}
{"ts":1764437250679,"action":"IDE_DEACTIVATED"}
{"ts":1764437257761,"action":"IDE_ACTIVATED"}
{"ts":1764438144912,"action":"FILE_OPENED","file":"/main_webview.py","tags":{"FILE_LINE_OF_CODE":"38"}}
{"ts":1764438283113,"action":"FILE_CLOSED","file":"/main_webview.py","tags":{"FILE_LINE_OF_CODE":"38"}}
{"ts":1764438284406,"action":"FILE_OPENED","file":"/main_webview.py","tags":{"FILE_LINE_OF_CODE":"38"}}
{"ts":1764438325894,"action":"FILE_CLOSED","file":"/main_webview.py","tags":{"FILE_LINE_OF_CODE":"38"}}
{"ts":1764438327108,"action":"FILE_OPENED","file":"/main_webview.py","tags":{"FILE_LINE_OF_CODE":"38"}}
{"ts":1764438349694,"action":"FILE_CLOSED","file":"/main_webview.py","tags":{"FILE_LINE_OF_CODE":"38"}}
{"ts":1764438351148,"action":"FILE_OPENED","file":"/main_webview.py","tags":{"FILE_LINE_OF_CODE":"38"}}
{"ts":1764438884392,"action":"IDE_DEACTIVATED"}
{"ts":1764438884397,"action":"IDE_ACTIVATED"}
{"ts":1764438884560,"action":"IDE_DEACTIVATED"}
{"ts":1764438886385,"action":"IDE_ACTIVATED"}
{"ts":1764439594669,"action":"IDE_DEACTIVATED"}
{"ts":1764439627464,"action":"IDE_ACTIVATED"}
{"ts":1764440406089,"action":"PROJECT_CLOSED","tags":{"PROJECT_NAME":"faktura_scanner_flask"}}
{"ts":1764440424920,"action":"FILE_OPENED","file":"/main_webview.py","tags":{"FILE_LINE_OF_CODE":"38"}}
{"ts":1764440425962,"action":"PROJECT_OPENED","tags":{"PROJECT_NAME":"faktura_scanner_flask"}}
{"ts":1764440429058,"action":"FILE_CLOSED","file":"/main_webview.py","tags":{"FILE_LINE_OF_CODE":"38"}}
{"ts":1764441108027,"action":"IDE_DEACTIVATED"}
{"ts":1764441325502,"action":"IDE_ACTIVATED"}
{"ts":1764441336078,"action":"IDE_DEACTIVATED"}
{"ts":1764441454310,"action":"IDE_ACTIVATED"}
{"ts":1764441495576,"action":"IDE_DEACTIVATED"}
{"ts":1764441501822,"action":"IDE_ACTIVATED"}
{"ts":1764441515743,"action":"FILE_OPENED","file":"/main_webview.py","tags":{"FILE_LINE_OF_CODE":"38"}}
{"ts":1764441540438,"action":"IDE_DEACTIVATED"}
{"ts":1764441540549,"action":"IDE_ACTIVATED"}
{"ts":1764441545652,"action":"FILE_CLOSED","file":"/main_webview.py","tags":{"FILE_LINE_OF_CODE":"38"}}
{"ts":1764441545652,"action":"FILE_OPENED","file":"/agent.md","tags":{"FILE_LINE_OF_CODE":"1131"}}
{"ts":1764441564063,"action":"IDE_DEACTIVATED"}
{"ts":1764441585872,"action":"IDE_ACTIVATED"}
{"ts":1764441597398,"action":"FILE_OPENED","file":"/main_webview.py","tags":{"FILE_LINE_OF_CODE":"38"}}
{"ts":1764441717367,"action":"FILE_CLOSED","file":"/main_webview.py","tags":{"FILE_LINE_OF_CODE":"38"}}
{"ts":1764441919641,"action":"IDE_DEACTIVATED"}
{"ts":1764441944712,"action":"IDE_ACTIVATED"}
{"ts":1764442858280,"action":"IDE_DEACTIVATED"}
{"ts":1764443100306,"action":"IDE_ACTIVATED"}
{"ts":1764443862085,"action":"FILE_OPENED","file":"/WEB_APP_README.md","tags":{"FILE_LINE_OF_CODE":"360"}}
{"ts":1764444133651,"action":"FILE_CLOSED","file":"/WEB_APP_README.md","tags":{"FILE_LINE_OF_CODE":"360"}}
{"ts":1764444141444,"action":"FILE_OPENED","file":"/WEB_APP_README.md","tags":{"FILE_LINE_OF_CODE":"360"}}
{"ts":1764444143527,"action":"FILE_CLOSED","file":"/WEB_APP_README.md","tags":{"FILE_LINE_OF_CODE":"360"}}
{"ts":1764444191121,"action":"IDE_DEACTIVATED"}
{"ts":1764444191744,"action":"IDE_ACTIVATED"}
{"ts":1764444206090,"action":"IDE_DEACTIVATED"}
{"ts":1764444206165,"action":"IDE_ACTIVATED"}
{"ts":1764444292736,"action":"IDE_DEACTIVATED"}
{"ts":1764444292824,"action":"IDE_ACTIVATED"}
{"ts":1764444293520,"action":"IDE_DEACTIVATED"}
{"ts":1764444293586,"action":"IDE_ACTIVATED"}
{"ts":1764444364522,"action":"IDE_DEACTIVATED"}
{"ts":1764444364705,"action":"IDE_ACTIVATED"}
{"ts":1764444365861,"action":"IDE_DEACTIVATED"}
{"ts":1764444365944,"action":"IDE_ACTIVATED"}
{"ts":1764444449469,"action":"FILE_OPENED","file":"/tailwind.config.js","tags":{"FILE_LINE_OF_CODE":"49"}}
{"ts":1764444454799,"action":"FILE_CLOSED","file":"/tailwind.config.js","tags":{"FILE_LINE_OF_CODE":"49"}}
{"ts":1764444459885,"action":"FILE_OPENED","file":"/WEB_APP_README.md","tags":{"FILE_LINE_OF_CODE":"360"}}
{"ts":1764444483179,"action":"IDE_DEACTIVATED"}
{"ts":1764444484375,"action":"IDE_ACTIVATED"}
{"ts":1764444685129,"action":"IDE_DEACTIVATED"}
{"ts":1764444724001,"action":"IDE_ACTIVATED"}
{"ts":1764444727793,"action":"IDE_DEACTIVATED"}
{"ts":1764444730366,"action":"IDE_ACTIVATED"}
{"ts":1764444784714,"action":"IDE_DEACTIVATED"}
{"ts":1764444785540,"action":"IDE_ACTIVATED"}
{"ts":1764444806189,"action":"FILE_CLOSED","file":"/WEB_APP_README.md","tags":{"FILE_LINE_OF_CODE":"360"}}
{"ts":1764444806189,"action":"FILE_OPENED","file":"/app.py","tags":{"FILE_LINE_OF_CODE":"84"}}
{"ts":1764444842441,"action":"FILE_CLOSED","file":"/app.py","tags":{"FILE_LINE_OF_CODE":"84"}}
{"ts":1764444842441,"action":"FILE_OPENED","file":"/WEB_APP_README.md","tags":{"FILE_LINE_OF_CODE":"360"}}
{"ts":1764444846351,"action":"FILE_CLOSED","file":"/WEB_APP_README.md","tags":{"FILE_LINE_OF_CODE":"360"}}
{"ts":1764444846351,"action":"FILE_OPENED","file":"/app.py","tags":{"FILE_LINE_OF_CODE":"84"}}
{"ts":1764444875044,"action":"FILE_CLOSED","file":"/app.py","tags":{"FILE_LINE_OF_CODE":"84"}}
{"ts":1764444875044,"action":"FILE_OPENED","file":"/WEB_APP_README.md","tags":{"FILE_LINE_OF_CODE":"360"}}
{"ts":1764444876926,"action":"FILE_CLOSED","file":"/WEB_APP_README.md","tags":{"FILE_LINE_OF_CODE":"360"}}
{"ts":1764444879219,"action":"IDE_DEACTIVATED"}
{"ts":1764444879293,"action":"IDE_ACTIVATED"}
{"ts":1764444883352,"action":"IDE_DEACTIVATED"}
{"ts":1764444883428,"action":"IDE_ACTIVATED"}
{"ts":1764444885535,"action":"FILE_OPENED","file":"/app.py","tags":{"FILE_LINE_OF_CODE":"84"}}
{"ts":1764444913382,"action":"FILE_CLOSED","file":"/app.py","tags":{"FILE_LINE_OF_CODE":"84"}}
{"ts":1764444913383,"action":"FILE_OPENED","file":"/requirements.txt","tags":{"FILE_LINE_OF_CODE":"17"}}
{"ts":1764444924542,"action":"FILE_CLOSED","file":"/requirements.txt","tags":{"FILE_LINE_OF_CODE":"17"}}
{"ts":1764444924542,"action":"FILE_OPENED","file":"/app.py","tags":{"FILE_LINE_OF_CODE":"84"}}
{"ts":1764444931488,"action":"FILE_CLOSED","file":"/app.py","tags":{"FILE_LINE_OF_CODE":"84"}}
{"ts":1764444931488,"action":"FILE_OPENED","file":"/requirements.txt","tags":{"FILE_LINE_OF_CODE":"17"}}
{"ts":1764444944643,"action":"FILE_CLOSED","file":"/requirements.txt","tags":{"FILE_LINE_OF_CODE":"17"}}
{"ts":1764444944643,"action":"FILE_OPENED","file":"/app.py","tags":{"FILE_LINE_OF_CODE":"84"}}
{"ts":1764444995172,"action":"IDE_DEACTIVATED"}
{"ts":1764444995284,"action":"IDE_ACTIVATED"}
{"ts":1764445145157,"action":"FILE_CLOSED","file":"/app.py","tags":{"FILE_LINE_OF_CODE":"84"}}
{"ts":1764445162358,"action":"FILE_OPENED","file":"/app.py","tags":{"FILE_LINE_OF_CODE":"84"}}
{"ts":1764445165647,"action":"IDE_DEACTIVATED"}
{"ts":1764445165725,"action":"IDE_ACTIVATED"}
{"ts":1764445691563,"action":"FILE_CLOSED","file":"/app.py","tags":{"FILE_LINE_OF_CODE":"84"}}
{"ts":1764445691563,"action":"FILE_OPENED","file":"/static/css/input.css","tags":{"FILE_LINE_OF_CODE":"195"}}
{"ts":1764445720228,"action":"FILE_CLOSED","file":"/static/css/input.css","tags":{"FILE_LINE_OF_CODE":"195"}}
{"ts":1764445720228,"action":"FILE_OPENED","file":"/app.py","tags":{"FILE_LINE_OF_CODE":"84"}}
{"ts":1764445734103,"action":"FILE_CLOSED","file":"/app.py","tags":{"FILE_LINE_OF_CODE":"84"}}
{"ts":1764445734103,"action":"FILE_OPENED","file":"/static/css/input.css","tags":{"FILE_LINE_OF_CODE":"195"}}
{"ts":1764445748153,"action":"IDE_DEACTIVATED"}
{"ts":1764445748235,"action":"IDE_ACTIVATED"}
{"ts":1764445790703,"action":"FILE_CLOSED","file":"/static/css/input.css","tags":{"FILE_LINE_OF_CODE":"195"}}
{"ts":1764445802993,"action":"IDE_DEACTIVATED"}
{"ts":1764445803069,"action":"IDE_ACTIVATED"}
{"ts":1764445893866,"action":"IDE_DEACTIVATED"}
{"ts":1764445895028,"action":"IDE_ACTIVATED"}
{"ts":1764445895323,"action":"PROJECT_CLOSED","tags":{"PROJECT_NAME":"faktura_scanner_flask"}}
{"ts":1764445909941,"action":"PROJECT_OPENED","tags":{"PROJECT_NAME":"faktura_scanner_flask"}}
{"ts":1764446001579,"action":"IDE_DEACTIVATED"}
{"ts":1764446009134,"action":"IDE_ACTIVATED"}
{"ts":1764446021560,"action":"PROJECT_CLOSED","tags":{"PROJECT_NAME":"faktura_scanner_flask"}}
{"ts":1764446030873,"action":"IDE_DEACTIVATED"}
{"ts":1764446031502,"action":"PROJECT_OPENED","tags":{"PROJECT_NAME":"faktura_scanner_flask"}}
{"ts":1764446042203,"action":"IDE_ACTIVATED"}
{"ts":1764446053972,"action":"FILE_OPENED","file":"/app.py","tags":{"FILE_LINE_OF_CODE":"84"}}
{"ts":1764446106464,"action":"IDE_DEACTIVATED"}
{"ts":1764446116250,"action":"IDE_ACTIVATED"}
{"ts":1764446123633,"action":"IDE_DEACTIVATED"}
{"ts":1764446154671,"action":"IDE_ACTIVATED"}
{"ts":1764446159176,"action":"IDE_DEACTIVATED"}
{"ts":1764446171889,"action":"IDE_ACTIVATED"}
{"ts":1764446189789,"action":"IDE_DEACTIVATED"}
{"ts":1764446189901,"action":"IDE_ACTIVATED"}
{"ts":1764446198661,"action":"IDE_DEACTIVATED"}
{"ts":1764446198757,"action":"IDE_ACTIVATED"}
{"ts":1764446200377,"action":"IDE_DEACTIVATED"}
{"ts":1764446203162,"action":"IDE_ACTIVATED"}
{"ts":1764446205761,"action":"IDE_DEACTIVATED"}
{"ts":1764446206414,"action":"IDE_ACTIVATED"}
{"ts":1764446230867,"action":"FILE_CLOSED","file":"/app.py","tags":{"FILE_LINE_OF_CODE":"84"}}
{"ts":1764446230867,"action":"FILE_OPENED","file":"/templates/invoices/upload.html","tags":{"FILE_LINE_OF_CODE":"120"}}
{"ts":1764446318056,"action":"IDE_DEACTIVATED"}
{"ts":1764446318770,"action":"IDE_ACTIVATED"}
{"ts":1764446331978,"action":"IDE_DEACTIVATED"}
{"ts":1764446333839,"action":"IDE_ACTIVATED"}
{"ts":1764446340150,"action":"IDE_DEACTIVATED"}
{"ts":1764446344145,"action":"IDE_ACTIVATED"}
{"ts":1764446381837,"action":"IDE_DEACTIVATED"}
{"ts":1764446381841,"action":"IDE_ACTIVATED"}
{"ts":1764446604852,"action":"IDE_DEACTIVATED"}
{"ts":1764446604953,"action":"IDE_ACTIVATED"}
{"ts":1764446604996,"action":"IDE_DEACTIVATED"}
{"ts":1764446634247,"action":"IDE_ACTIVATED"}
{"ts":1764446916374,"action":"FILE_CLOSED","file":"/templates/invoices/upload.html","tags":{"FILE_LINE_OF_CODE":"120"}}
{"ts":1764446942759,"action":"FILE_OPENED","file":"/templates/invoices/upload.html","tags":{"FILE_LINE_OF_CODE":"120"}}
{"ts":1764447003558,"action":"FILE_CLOSED","file":"/templates/invoices/upload.html","tags":{"FILE_LINE_OF_CODE":"120"}}
{"ts":1764447003558,"action":"FILE_OPENED","file":"/app.py","tags":{"FILE_LINE_OF_CODE":"84"}}
{"ts":1764447008167,"action":"IDE_DEACTIVATED"}
{"ts":1764447027299,"action":"IDE_ACTIVATED"}
{"ts":1764447031244,"action":"IDE_DEACTIVATED"}
{"ts":1764447204454,"action":"IDE_ACTIVATED"}
{"ts":1764447215173,"action":"IDE_DEACTIVATED"}
{"ts":1764447219246,"action":"IDE_ACTIVATED"}
{"ts":1764447220542,"action":"IDE_DEACTIVATED"}
{"ts":1764447284193,"action":"IDE_ACTIVATED"}
{"ts":1764447292595,"action":"IDE_DEACTIVATED"}
{"ts":1764447310804,"action":"IDE_ACTIVATED"}
{"ts":1764447435270,"action":"IDE_DEACTIVATED"}
{"ts":1764447441929,"action":"IDE_ACTIVATED"}
{"ts":1764447508143,"action":"IDE_DEACTIVATED"}
{"ts":1764447509010,"action":"IDE_ACTIVATED"}
{"ts":1764447512117,"action":"IDE_DEACTIVATED"}
{"ts":1764447516361,"action":"IDE_ACTIVATED"}
{"ts":1764447516585,"action":"IDE_DEACTIVATED"}
{"ts":1764447585021,"action":"IDE_ACTIVATED"}
{"ts":1764447585044,"action":"FILE_CLOSED","file":"/app.py","tags":{"FILE_LINE_OF_CODE":"84"}}
{"ts":1764447591932,"action":"FILE_OPENED","file":"/templates/invoices/upload.html","tags":{"FILE_LINE_OF_CODE":"120"}}
{"ts":1764447987106,"action":"IDE_DEACTIVATED"}
{"ts":1764447993142,"action":"IDE_ACTIVATED"}
{"ts":1764447995249,"action":"FILE_CLOSED","file":"/templates/invoices/upload.html","tags":{"FILE_LINE_OF_CODE":"120"}}
{"ts":1764447995249,"action":"FILE_OPENED","file":"/app.py","tags":{"FILE_LINE_OF_CODE":"84"}}
{"ts":1764448002534,"action":"IDE_DEACTIVATED"}
{"ts":1764448027296,"action":"IDE_ACTIVATED"}
{"ts":1764448155491,"action":"IDE_DEACTIVATED"}
{"ts":1764448155630,"action":"IDE_ACTIVATED"}
{"ts":1764448182185,"action":"IDE_DEACTIVATED"}
{"ts":1764448213582,"action":"IDE_ACTIVATED"}
{"ts":1764448304249,"action":"IDE_DEACTIVATED"}
{"ts":1764448307995,"action":"IDE_ACTIVATED"}
{"ts":1764448324972,"action":"IDE_DEACTIVATED"}
{"ts":1764448336418,"action":"IDE_ACTIVATED"}
{"ts":1764448344980,"action":"IDE_DEACTIVATED"}
{"ts":1764448361840,"action":"IDE_ACTIVATED"}
{"ts":1764448366667,"action":"IDE_DEACTIVATED"}
{"ts":1764448366764,"action":"IDE_ACTIVATED"}
{"ts":1764448378375,"action":"FILE_CLOSED","file":"/app.py","tags":{"FILE_LINE_OF_CODE":"84"}}
{"ts":1764448388956,"action":"FILE_OPENED","file":"/templates/invoices/upload.html","tags":{"FILE_LINE_OF_CODE":"120"}}
{"ts":1764448391725,"action":"FILE_CLOSED","file":"/templates/invoices/upload.html","tags":{"FILE_LINE_OF_CODE":"120"}}
{"ts":1764448391725,"action":"FILE_OPENED","file":"/app.py","tags":{"FILE_LINE_OF_CODE":"84"}}
{"ts":1764448399209,"action":"IDE_DEACTIVATED"}
{"ts":1764448399338,"action":"IDE_ACTIVATED"}
{"ts":1764448513631,"action":"IDE_DEACTIVATED"}
{"ts":1764448513734,"action":"IDE_ACTIVATED"}
{"ts":1764448543427,"action":"IDE_DEACTIVATED"}
{"ts":1764448586537,"action":"IDE_ACTIVATED"}
{"ts":1764448608200,"action":"IDE_DEACTIVATED"}
{"ts":1764448614158,"action":"IDE_ACTIVATED"}
{"ts":1764448616821,"action":"IDE_DEACTIVATED"}
{"ts":1764448622036,"action":"IDE_ACTIVATED"}
{"ts":1764448628974,"action":"IDE_DEACTIVATED"}
{"ts":1764448665130,"action":"IDE_ACTIVATED"}
{"ts":1764448668959,"action":"IDE_DEACTIVATED"}
{"ts":1764453879867,"action":"IDE_ACTIVATED"}
{"ts":1764453961886,"action":"IDE_DEACTIVATED"}
{"ts":1764453961904,"action":"IDE_ACTIVATED"}
{"ts":1764454139780,"action":"IDE_DEACTIVATED"}
{"ts":1764454154200,"action":"IDE_ACTIVATED"}
{"ts":1764454174208,"action":"IDE_DEACTIVATED"}
{"ts":1764454174284,"action":"IDE_ACTIVATED"}
{"ts":1764454221302,"action":"FILE_CLOSED","file":"/app.py","tags":{"FILE_LINE_OF_CODE":"84"}}
{"ts":1764454221302,"action":"FILE_OPENED","file":"/routes/api_routes.py","tags":{"FILE_LINE_OF_CODE":"461"}}
{"ts":1764454241768,"action":"FILE_CLOSED","file":"/routes/api_routes.py","tags":{"FILE_LINE_OF_CODE":"461"}}
{"ts":1764454241768,"action":"FILE_OPENED","file":"/services/ocr_service.py","tags":{"FILE_LINE_OF_CODE":"136"}}
{"ts":1764454244873,"action":"FILE_CLOSED","file":"/services/ocr_service.py","tags":{"FILE_LINE_OF_CODE":"136"}}
{"ts":1764454244873,"action":"FILE_OPENED","file":"/routes/api_routes.py","tags":{"FILE_LINE_OF_CODE":"461"}}
{"ts":1764454245553,"action":"FILE_CLOSED","file":"/routes/api_routes.py","tags":{"FILE_LINE_OF_CODE":"461"}}
{"ts":1764454245553,"action":"FILE_OPENED","file":"/services/ocr_service.py","tags":{"FILE_LINE_OF_CODE":"136"}}
{"ts":1764454248165,"action":"FILE_CLOSED","file":"/services/ocr_service.py","tags":{"FILE_LINE_OF_CODE":"136"}}
{"ts":1764454248165,"action":"FILE_OPENED","file":"/routes/api_routes.py","tags":{"FILE_LINE_OF_CODE":"461"}}
{"ts":1764454248281,"action":"FILE_CLOSED","file":"/routes/api_routes.py","tags":{"FILE_LINE_OF_CODE":"461"}}
{"ts":1764454248281,"action":"FILE_OPENED","file":"/services/ocr_service.py","tags":{"FILE_LINE_OF_CODE":"136"}}
{"ts":1764454353771,"action":"FILE_CLOSED","file":"/services/ocr_service.py","tags":{"FILE_LINE_OF_CODE":"136"}}
{"ts":1764454353771,"action":"FILE_OPENED","file":"/utils/text_extractor.py","tags":{"FILE_LINE_OF_CODE":"506"}}
{"ts":1764454532042,"action":"FILE_CLOSED","file":"/utils/text_extractor.py","tags":{"FILE_LINE_OF_CODE":"506"}}
{"ts":1764454532042,"action":"FILE_OPENED","file":"/app.py","tags":{"FILE_LINE_OF_CODE":"84"}}
{"ts":1764454603856,"action":"FILE_CLOSED","file":"/app.py","tags":{"FILE_LINE_OF_CODE":"84"}}
{"ts":1764454603856,"action":"FILE_OPENED","file":"/database/models.py","tags":{"FILE_LINE_OF_CODE":"38"}}
{"ts":1764454644021,"action":"FILE_CLOSED","file":"/database/models.py","tags":{"FILE_LINE_OF_CODE":"38"}}
{"ts":1764454644021,"action":"FILE_OPENED","file":"/services/ocr_service.py","tags":{"FILE_LINE_OF_CODE":"136"}}
{"ts":1764454667733,"action":"FILE_CLOSED","file":"/services/ocr_service.py","tags":{"FILE_LINE_OF_CODE":"136"}}
{"ts":1764454667733,"action":"FILE_OPENED","file":"/routes/api_routes.py","tags":{"FILE_LINE_OF_CODE":"461"}}
{"ts":1764454747747,"action":"FILE_CLOSED","file":"/routes/api_routes.py","tags":{"FILE_LINE_OF_CODE":"461"}}
{"ts":1764454747747,"action":"FILE_OPENED","file":"/repositories/invoice_repository.py","tags":{"FILE_LINE_OF_CODE":"226"}}
{"ts":1764454759184,"action":"FILE_CLOSED","file":"/repositories/invoice_repository.py","tags":{"FILE_LINE_OF_CODE":"226"}}
{"ts":1764454759184,"action":"FILE_OPENED","file":"/database/models.py","tags":{"FILE_LINE_OF_CODE":"38"}}
{"ts":1764454762018,"action":"FILE_CLOSED","file":"/database/models.py","tags":{"FILE_LINE_OF_CODE":"38"}}
{"ts":1764454762018,"action":"FILE_OPENED","file":"/routes/api_routes.py","tags":{"FILE_LINE_OF_CODE":"461"}}
{"ts":1764454765206,"action":"FILE_CLOSED","file":"/routes/api_routes.py","tags":{"FILE_LINE_OF_CODE":"461"}}
{"ts":1764454765206,"action":"FILE_OPENED","file":"/database/models.py","tags":{"FILE_LINE_OF_CODE":"38"}}
{"ts":1764454783249,"action":"FILE_CLOSED","file":"/database/models.py","tags":{"FILE_LINE_OF_CODE":"38"}}
{"ts":1764454783249,"action":"FILE_OPENED","file":"/routes/api_routes.py","tags":{"FILE_LINE_OF_CODE":"461"}}
{"ts":1764454809095,"action":"FILE_CLOSED","file":"/routes/api_routes.py","tags":{"FILE_LINE_OF_CODE":"462"}}
{"ts":1764454809095,"action":"FILE_OPENED","file":"/repositories/invoice_repository.py","tags":{"FILE_LINE_OF_CODE":"226"}}
{"ts":1764454830607,"action":"FILE_CLOSED","file":"/repositories/invoice_repository.py","tags":{"FILE_LINE_OF_CODE":"226"}}
{"ts":1764454830607,"action":"FILE_OPENED","file":"/database/models.py","tags":{"FILE_LINE_OF_CODE":"38"}}
{"ts":1764454832296,"action":"FILE_CLOSED","file":"/database/models.py","tags":{"FILE_LINE_OF_CODE":"38"}}
{"ts":1764454832296,"action":"FILE_OPENED","file":"/repositories/invoice_repository.py","tags":{"FILE_LINE_OF_CODE":"226"}}
{"ts":1764454842831,"action":"FILE_CLOSED","file":"/repositories/invoice_repository.py","tags":{"FILE_LINE_OF_CODE":"226"}}
{"ts":1764454842831,"action":"FILE_OPENED","file":"/database/models.py","tags":{"FILE_LINE_OF_CODE":"38"}}
{"ts":1764454854540,"action":"FILE_CLOSED","file":"/database/models.py","tags":{"FILE_LINE_OF_CODE":"38"}}
{"ts":1764454854540,"action":"FILE_OPENED","file":"/database/models.py","tags":{"FILE_LINE_OF_CODE":"38"}}
{"ts":1764454856345,"action":"FILE_CLOSED","file":"/database/models.py","tags":{"FILE_LINE_OF_CODE":"38"}}
{"ts":1764454856347,"action":"FILE_OPENED","file":"/database/models.py","tags":{"FILE_LINE_OF_CODE":"38"}}
{"ts":1764454857367,"action":"FILE_CLOSED","file":"/database/models.py","tags":{"FILE_LINE_OF_CODE":"38"}}
{"ts":1764454857371,"action":"FILE_OPENED","file":"/repositories/invoice_repository.py","tags":{"FILE_LINE_OF_CODE":"226"}}
{"ts":1764454859347,"action":"FILE_CLOSED","file":"/repositories/invoice_repository.py","tags":{"FILE_LINE_OF_CODE":"226"}}
{"ts":1764454859347,"action":"FILE_OPENED","file":"/services/ocr_service.py","tags":{"FILE_LINE_OF_CODE":"136"}}
{"ts":1764454864004,"action":"FILE_CLOSED","file":"/services/ocr_service.py","tags":{"FILE_LINE_OF_CODE":"136"}}
{"ts":1764454864004,"action":"FILE_OPENED","file":"/database/models.py","tags":{"FILE_LINE_OF_CODE":"38"}}
{"ts":1764454867069,"action":"FILE_CLOSED","file":"/database/models.py","tags":{"FILE_LINE_OF_CODE":"38"}}
{"ts":1764454867069,"action":"FILE_OPENED","file":"/routes/api_routes.py","tags":{"FILE_LINE_OF_CODE":"462"}}
{"ts":1764454971453,"action":"FILE_CLOSED","file":"/routes/api_routes.py","tags":{"FILE_LINE_OF_CODE":"462"}}
{"ts":1764454971453,"action":"FILE_OPENED","file":"/repositories/invoice_repository.py","tags":{"FILE_LINE_OF_CODE":"226"}}
{"ts":1764454987009,"action":"FILE_CLOSED","file":"/repositories/invoice_repository.py","tags":{"FILE_LINE_OF_CODE":"226"}}
{"ts":1764454987009,"action":"FILE_OPENED","file":"/routes/api_routes.py","tags":{"FILE_LINE_OF_CODE":"462"}}
{"ts":1764455062950,"action":"FILE_CLOSED","file":"/routes/api_routes.py","tags":{"FILE_LINE_OF_CODE":"461"}}
{"ts":1764455062950,"action":"FILE_OPENED","file":"/routes/main_routes.py","tags":{"FILE_LINE_OF_CODE":"41"}}
{"ts":1764455112193,"action":"FILE_CLOSED","file":"/routes/main_routes.py","tags":{"FILE_LINE_OF_CODE":"41"}}
{"ts":1764455112193,"action":"FILE_OPENED","file":"/routes/api_routes.py","tags":{"FILE_LINE_OF_CODE":"461"}}
{"ts":1764455409736,"action":"FILE_CLOSED","file":"/routes/api_routes.py","tags":{"FILE_LINE_OF_CODE":"475"}}
{"ts":1764455409736,"action":"FILE_OPENED","file":"/repositories/invoice_repository.py","tags":{"FILE_LINE_OF_CODE":"226"}}
{"ts":1764455409741,"action":"FILE_CLOSED","file":"/repositories/invoice_repository.py","tags":{"FILE_LINE_OF_CODE":"226"}}
{"ts":1764455409741,"action":"FILE_OPENED","file":"/database/models.py","tags":{"FILE_LINE_OF_CODE":"38"}}
{"ts":1764455412201,"action":"FILE_CLOSED","file":"/database/models.py","tags":{"FILE_LINE_OF_CODE":"38"}}
{"ts":1764455570139,"action":"IDE_DEACTIVATED"}
{"ts":1764455576134,"action":"IDE_ACTIVATED"}
{"ts":1764455576321,"action":"IDE_DEACTIVATED"}
{"ts":1764455589907,"action":"IDE_ACTIVATED"}
{"ts":1764456747924,"action":"IDE_DEACTIVATED"}
{"ts":1764456748023,"action":"IDE_ACTIVATED"}
{"ts":1764456753326,"action":"FILE_OPENED","file":"/app.py","tags":{"FILE_LINE_OF_CODE":"84"}}
{"ts":1764456763931,"action":"IDE_DEACTIVATED"}
{"ts":1764456807468,"action":"IDE_ACTIVATED"}
{"ts":1764456813108,"action":"IDE_DEACTIVATED"}
{"ts":1764456813221,"action":"IDE_ACTIVATED"}
{"ts":1764456825876,"action":"IDE_DEACTIVATED"}
{"ts":1764456832667,"action":"IDE_ACTIVATED"}
{"ts":1764456922177,"action":"FILE_CLOSED","file":"/app.py","tags":{"FILE_LINE_OF_CODE":"84"}}
{"ts":1764456922177,"action":"FILE_OPENED","file":"/routes/api_routes.py","tags":{"FILE_LINE_OF_CODE":"475"}}
{"ts":1764457150981,"action":"FILE_CLOSED","file":"/routes/api_routes.py","tags":{"FILE_LINE_OF_CODE":"475"}}
{"ts":1764457150981,"action":"FILE_OPENED","file":"/repositories/invoice_repository.py","tags":{"FILE_LINE_OF_CODE":"226"}}
{"ts":1764457930810,"action":"IDE_DEACTIVATED"}
{"ts":1764457933375,"action":"IDE_ACTIVATED"}
{"ts":1764457945440,"action":"IDE_DEACTIVATED"}
{"ts":1764457949747,"action":"IDE_ACTIVATED"}
{"ts":1764458022087,"action":"IDE_DEACTIVATED"}
{"ts":1764458022092,"action":"IDE_ACTIVATED"}
{"ts":1764458022172,"action":"IDE_DEACTIVATED"}
{"ts":1764458032506,"action":"IDE_ACTIVATED"}
{"ts":1764462439588,"action":"IDE_DEACTIVATED"}
{"ts":1764582583082,"action":"IDE_ACTIVATED"}
{"ts":1764582583876,"action":"PROJECT_CLOSED","tags":{"PROJECT_NAME":"faktura_scanner_flask"}}
{"ts":1764590212284,"action":"FILE_OPENED","file":"/repositories/invoice_repository.py","tags":{"FILE_LINE_OF_CODE":"226"}}
{"ts":1764590213294,"action":"PROJECT_OPENED","tags":{"PROJECT_NAME":"faktura_scanner_flask"}}
{"ts":1764590257452,"action":"PROJECT_CLOSED","tags":{"PROJECT_NAME":"faktura_scanner_flask"}}
{"ts":1764608297081,"action":"FILE_OPENED","file":"/repositories/invoice_repository.py","tags":{"FILE_LINE_OF_CODE":"226"}}
{"ts":1764608299496,"action":"PROJECT_OPENED","tags":{"PROJECT_NAME":"faktura_scanner_flask"}}
{"ts":1764609065591,"action":"IDE_DEACTIVATED"}
{"ts":1764609065598,"action":"IDE_ACTIVATED"}
{"ts":1764609065687,"action":"IDE_DEACTIVATED"}
{"ts":1764609316288,"action":"IDE_ACTIVATED"}
{"ts":1764609371871,"action":"IDE_DEACTIVATED"}
{"ts":1764609375588,"action":"IDE_ACTIVATED"}
{"ts":1764609377421,"action":"IDE_DEACTIVATED"}
{"ts":1764609379293,"action":"IDE_ACTIVATED"}
{"ts":1764609379764,"action":"IDE_DEACTIVATED"}
{"ts":1764609380472,"action":"IDE_ACTIVATED"}
{"ts":1764609380837,"action":"IDE_DEACTIVATED"}
{"ts":1764609524685,"action":"IDE_ACTIVATED"}
{"ts":1764609525111,"action":"IDE_DEACTIVATED"}
{"ts":1764609619132,"action":"IDE_ACTIVATED"}
{"ts":1764609620777,"action":"PROJECT_CLOSED","tags":{"PROJECT_NAME":"faktura_scanner_flask"}}
{"ts":1765488353803,"action":"FILE_OPENED","file":"/repositories/invoice_repository.py","tags":{"FILE_LINE_OF_CODE":"226"}}
{"ts":1765488354889,"action":"PROJECT_OPENED","tags":{"PROJECT_NAME":"faktura_scanner_flask"}}
{"ts":1765488363466,"action":"FILE_CLOSED","file":"/repositories/invoice_repository.py","tags":{"FILE_LINE_OF_CODE":"226"}}
{"ts":1765488363466,"action":"FILE_OPENED","file":"/faktury.db","tags":{"FILE_LINE_OF_CODE":"null"}}
{"ts":1765488381350,"action":"FILE_CLOSED","file":"/faktury.db","tags":{"FILE_LINE_OF_CODE":"null"}}
{"ts":1765488381350,"action":"FILE_OPENED","file":"/app.py","tags":{"FILE_LINE_OF_CODE":"84"}}
{"ts":1765488424064,"action":"IDE_DEACTIVATED"}
{"ts":1765488460869,"action":"IDE_ACTIVATED"}
{"ts":1765488476250,"action":"IDE_DEACTIVATED"}
{"ts":1765488482114,"action":"IDE_ACTIVATED"}
{"ts":1765488508388,"action":"IDE_DEACTIVATED"}
{"ts":1765488561561,"action":"IDE_ACTIVATED"}
{"ts":1765488928146,"action":"IDE_DEACTIVATED"}
{"ts":1765489063275,"action":"IDE_ACTIVATED"}
{"ts":1765489074127,"action":"IDE_DEACTIVATED"}
{"ts":1765489075499,"action":"IDE_ACTIVATED"}
{"ts":1765489108199,"action":"FILE_CLOSED","file":"/app.py","tags":{"FILE_LINE_OF_CODE":"84"}}
{"ts":1765489108199,"action":"FILE_OPENED","file":"/requirements.txt","tags":{"FILE_LINE_OF_CODE":"17"}}
{"ts":1765489156077,"action":"IDE_DEACTIVATED"}
{"ts":1765489169170,"action":"IDE_ACTIVATED"}
{"ts":1765489313302,"action":"IDE_DEACTIVATED"}
{"ts":1765489321846,"action":"IDE_ACTIVATED"}
{"ts":1765489487369,"action":"FILE_CLOSED","file":"/requirements.txt","tags":{"FILE_LINE_OF_CODE":"17"}}
{"ts":1765489487369,"action":"FILE_OPENED","file":"/app.py","tags":{"FILE_LINE_OF_CODE":"84"}}
{"ts":1765489561965,"action":"FILE_CLOSED","file":"/app.py","tags":{"FILE_LINE_OF_CODE":"83"}}
{"ts":1765489561965,"action":"FILE_OPENED","file":"/config/database.py","tags":{"FILE_LINE_OF_CODE":"77"}}
{"ts":1765489570517,"action":"IDE_DEACTIVATED"}
{"ts":1765489571260,"action":"IDE_ACTIVATED"}
{"ts":1765489585572,"action":"IDE_DEACTIVATED"}
{"ts":1765489588971,"action":"IDE_ACTIVATED"}
{"ts":1765489607497,"action":"FILE_CLOSED","file":"/config/database.py","tags":{"FILE_LINE_OF_CODE":"77"}}
{"ts":1765489607497,"action":"FILE_OPENED","file":"/app.py","tags":{"FILE_LINE_OF_CODE":"83"}}
{"ts":1765489671957,"action":"FILE_CLOSED","file":"/app.py","tags":{"FILE_LINE_OF_CODE":"83"}}
{"ts":1765489671957,"action":"FILE_OPENED","file":"/config/database.py","tags":{"FILE_LINE_OF_CODE":"77"}}
{"ts":1765489756525,"action":"IDE_DEACTIVATED"}
{"ts":1765489768109,"action":"IDE_ACTIVATED"}
{"ts":1765489784140,"action":"FILE_CLOSED","file":"/config/database.py","tags":{"FILE_LINE_OF_CODE":"77"}}
{"ts":1765489788719,"action":"FILE_OPENED","file":"/config/database.py","tags":{"FILE_LINE_OF_CODE":"77"}}
{"ts":1765489842573,"action":"FILE_CLOSED","file":"/config/database.py","tags":{"FILE_LINE_OF_CODE":"77"}}
{"ts":1765489842573,"action":"FILE_OPENED","file":"/app.py","tags":{"FILE_LINE_OF_CODE":"83"}}
{"ts":1765489896697,"action":"IDE_DEACTIVATED"}
{"ts":1765489923628,"action":"IDE_ACTIVATED"}
{"ts":1765489933558,"action":"IDE_DEACTIVATED"}
{"ts":1765489950533,"action":"IDE_ACTIVATED"}
{"ts":1765489975346,"action":"IDE_DEACTIVATED"}
{"ts":1765489975578,"action":"IDE_ACTIVATED"}
{"ts":1765490089263,"action":"IDE_DEACTIVATED"}
{"ts":1765490109016,"action":"IDE_ACTIVATED"}
{"ts":1765490346955,"action":"IDE_DEACTIVATED"}
{"ts":1765490347125,"action":"IDE_ACTIVATED"}
{"ts":1765490349815,"action":"IDE_DEACTIVATED"}
{"ts":1765490349878,"action":"IDE_ACTIVATED"}
{"ts":1765490367822,"action":"IDE_DEACTIVATED"}
{"ts":1765490408164,"action":"IDE_ACTIVATED"}
{"ts":1765490430421,"action":"IDE_DEACTIVATED"}
{"ts":1765490430525,"action":"IDE_ACTIVATED"}
{"ts":1765490440181,"action":"IDE_DEACTIVATED"}
{"ts":1765490461495,"action":"IDE_ACTIVATED"}
{"ts":1765490463360,"action":"IDE_DEACTIVATED"}
{"ts":1765490463467,"action":"IDE_ACTIVATED"}
{"ts":1765490476036,"action":"IDE_DEACTIVATED"}
{"ts":1765490476130,"action":"IDE_ACTIVATED"}
{"ts":1765490528600,"action":"FILE_CLOSED","file":"/app.py","tags":{"FILE_LINE_OF_CODE":"83"}}
{"ts":1765490528600,"action":"FILE_OPENED","file":"/utils/text_extractor.py","tags":{"FILE_LINE_OF_CODE":"506"}}
{"ts":1765490588254,"action":"IDE_DEACTIVATED"}
{"ts":1765490588377,"action":"IDE_ACTIVATED"}
{"ts":1765490939337,"action":"FILE_CLOSED","file":"/utils/text_extractor.py","tags":{"FILE_LINE_OF_CODE":"506"}}
{"ts":1765490939337,"action":"FILE_OPENED","file":"/app.py","tags":{"FILE_LINE_OF_CODE":"83"}}
{"ts":1765490945768,"action":"IDE_DEACTIVATED"}
{"ts":1765490959488,"action":"IDE_ACTIVATED"}
{"ts":1765490974081,"action":"IDE_DEACTIVATED"}
{"ts":1765490974207,"action":"IDE_ACTIVATED"}
{"ts":1765491019225,"action":"IDE_DEACTIVATED"}
{"ts":1765491019319,"action":"IDE_ACTIVATED"}
{"ts":1765491090060,"action":"IDE_DEACTIVATED"}
{"ts":1765491090119,"action":"IDE_ACTIVATED"}
{"ts":1765491095460,"action":"IDE_DEACTIVATED"}
{"ts":1765491128417,"action":"IDE_ACTIVATED"}
{"ts":1765491143004,"action":"IDE_DEACTIVATED"}
{"ts":1765491143132,"action":"IDE_ACTIVATED"}
{"ts":1765491158904,"action":"IDE_DEACTIVATED"}
{"ts":1765491159012,"action":"IDE_ACTIVATED"}
{"ts":1765491364482,"action":"IDE_DEACTIVATED"}
{"ts":1765491364504,"action":"IDE_ACTIVATED"}
{"ts":1765491364567,"action":"IDE_DEACTIVATED"}
{"ts":1765491402538,"action":"IDE_ACTIVATED"}
{"ts":1765491428520,"action":"IDE_DEACTIVATED"}
{"ts":1765491432185,"action":"IDE_ACTIVATED"}
{"ts":1765491435707,"action":"IDE_DEACTIVATED"}
{"ts":1765491439384,"action":"IDE_ACTIVATED"}
{"ts":1765491442947,"action":"FILE_CLOSED","file":"/app.py","tags":{"FILE_LINE_OF_CODE":"83"}}
{"ts":1765491442947,"action":"FILE_OPENED","file":"/faktury.db","tags":{"FILE_LINE_OF_CODE":"null"}}
{"ts":1765491453162,"action":"IDE_DEACTIVATED"}
{"ts":1765491467930,"action":"IDE_ACTIVATED"}
{"ts":1765491468944,"action":"IDE_DEACTIVATED"}
{"ts":1765491469360,"action":"IDE_ACTIVATED"}
{"ts":1765491527922,"action":"FILE_CLOSED","file":"/faktury.db","tags":{"FILE_LINE_OF_CODE":"null"}}
{"ts":1765491527922,"action":"FILE_OPENED","file":"/app.py","tags":{"FILE_LINE_OF_CODE":"83"}}
{"ts":1765491530795,"action":"IDE_DEACTIVATED"}
{"ts":1765491530894,"action":"IDE_ACTIVATED"}
{"ts":1765491649739,"action":"IDE_DEACTIVATED"}
{"ts":1765491674038,"action":"IDE_ACTIVATED"}
{"ts":1765491677801,"action":"IDE_DEACTIVATED"}
{"ts":1765491677894,"action":"IDE_ACTIVATED"}
{"ts":1765491679134,"action":"IDE_DEACTIVATED"}
{"ts":1765491679230,"action":"IDE_ACTIVATED"}
{"ts":1765491680430,"action":"IDE_DEACTIVATED"}
{"ts":1765491718532,"action":"IDE_ACTIVATED"}
{"ts":1765491718983,"action":"IDE_DEACTIVATED"}
{"ts":1765491719644,"action":"IDE_ACTIVATED"}
{"ts":1765491799422,"action":"FILE_CLOSED","file":"/app.py","tags":{"FILE_LINE_OF_CODE":"83"}}
{"ts":1765491799422,"action":"FILE_OPENED","file":"/CLAUDE.md","tags":{"FILE_LINE_OF_CODE":"840"}}
{"ts":1765492035444,"action":"IDE_DEACTIVATED"}
{"ts":1765492035530,"action":"IDE_ACTIVATED"}
{"ts":1765492048369,"action":"IDE_DEACTIVATED"}
{"ts":1765492049916,"action":"IDE_ACTIVATED"}
{"ts":1765492053253,"action":"FILE_CLOSED","file":"/CLAUDE.md","tags":{"FILE_LINE_OF_CODE":"840"}}
{"ts":1765492053253,"action":"FILE_OPENED","file":"/app.py","tags":{"FILE_LINE_OF_CODE":"83"}}
{"ts":1765492058577,"action":"IDE_DEACTIVATED"}
{"ts":1765492105573,"action":"IDE_ACTIVATED"}
{"ts":1765492202663,"action":"IDE_DEACTIVATED"}
{"ts":1765492202777,"action":"IDE_ACTIVATED"}
{"ts":1765492210517,"action":"IDE_DEACTIVATED"}
{"ts":1765492210627,"action":"IDE_ACTIVATED"}
{"ts":1765492244400,"action":"IDE_DEACTIVATED"}
{"ts":1765492280537,"action":"IDE_ACTIVATED"}
{"ts":1765492360737,"action":"IDE_DEACTIVATED"}
{"ts":1765492374461,"action":"IDE_ACTIVATED"}
{"ts":1765492395124,"action":"IDE_DEACTIVATED"}
{"ts":1765492398310,"action":"IDE_ACTIVATED"}
{"ts":1765492398773,"action":"IDE_DEACTIVATED"}
{"ts":1765492428001,"action":"IDE_ACTIVATED"}
{"ts":1765492481099,"action":"IDE_DEACTIVATED"}
{"ts":1765492632120,"action":"IDE_ACTIVATED"}
{"ts":1765492655768,"action":"IDE_DEACTIVATED"}
{"ts":1765492668288,"action":"IDE_ACTIVATED"}
{"ts":1765492790413,"action":"IDE_DEACTIVATED"}
{"ts":1765492790499,"action":"IDE_ACTIVATED"}
{"ts":1765492794360,"action":"IDE_DEACTIVATED"}
{"ts":1765492794446,"action":"IDE_ACTIVATED"}
{"ts":1765492800421,"action":"IDE_DEACTIVATED"}
{"ts":1765492800492,"action":"IDE_ACTIVATED"}
{"ts":1765492809877,"action":"IDE_DEACTIVATED"}
{"ts":1765492826437,"action":"IDE_ACTIVATED"}
{"ts":1765492828829,"action":"IDE_DEACTIVATED"}
{"ts":1765492829884,"action":"IDE_ACTIVATED"}
{"ts":1765492850167,"action":"IDE_DEACTIVATED"}
{"ts":1765492850300,"action":"IDE_ACTIVATED"}
{"ts":1765492850974,"action":"IDE_DEACTIVATED"}
{"ts":1765492854796,"action":"IDE_ACTIVATED"}
{"ts":1765492871996,"action":"FILE_CLOSED","file":"/app.py","tags":{"FILE_LINE_OF_CODE":"83"}}
{"ts":1765492871996,"action":"FILE_OPENED","file":"/templates/invoices/list.html","tags":{"FILE_LINE_OF_CODE":"159"}}
{"ts":1765492953171,"action":"FILE_CLOSED","file":"/templates/invoices/list.html","tags":{"FILE_LINE_OF_CODE":"159"}}
{"ts":1765492953171,"action":"FILE_OPENED","file":"/gui/views/main_view.py","tags":{"FILE_LINE_OF_CODE":"535"}}
{"ts":1765492973205,"action":"FILE_CLOSED","file":"/gui/views/main_view.py","tags":{"FILE_LINE_OF_CODE":"535"}}
{"ts":1765492973205,"action":"FILE_OPENED","file":"/static/js/invoices/list.js","tags":{"FILE_LINE_OF_CODE":"312"}}
{"ts":1765493187151,"action":"FILE_CLOSED","file":"/static/js/invoices/list.js","tags":{"FILE_LINE_OF_CODE":"312"}}
{"ts":1765493187151,"action":"FILE_OPENED","file":"/static/js/utils.js","tags":{"FILE_LINE_OF_CODE":"120"}}
{"ts":1765493204740,"action":"FILE_CLOSED","file":"/static/js/utils.js","tags":{"FILE_LINE_OF_CODE":"120"}}
{"ts":1765493204740,"action":"FILE_OPENED","file":"/static/css/output.css","tags":{"FILE_LINE_OF_CODE":"1716"}}
{"ts":1765493208463,"action":"FILE_CLOSED","file":"/static/css/output.css","tags":{"FILE_LINE_OF_CODE":"1716"}}
{"ts":1765493208463,"action":"FILE_OPENED","file":"/static/css/input.css","tags":{"FILE_LINE_OF_CODE":"195"}}
{"ts":1765493216589,"action":"FILE_CLOSED","file":"/static/css/input.css","tags":{"FILE_LINE_OF_CODE":"195"}}
{"ts":1765493216589,"action":"FILE_OPENED","file":"/templates/invoices/list.html","tags":{"FILE_LINE_OF_CODE":"159"}}
{"ts":1765493391267,"action":"FILE_CLOSED","file":"/templates/invoices/list.html","tags":{"FILE_LINE_OF_CODE":"159"}}
{"ts":1765493391267,"action":"FILE_OPENED","file":"/templates/base.html","tags":{"FILE_LINE_OF_CODE":"116"}}
{"ts":1765493443244,"action":"FILE_CLOSED","file":"/templates/base.html","tags":{"FILE_LINE_OF_CODE":"116"}}
{"ts":1765493443244,"action":"FILE_OPENED","file":"/static/js/utils.js","tags":{"FILE_LINE_OF_CODE":"120"}}
{"ts":1765493458490,"action":"FILE_CLOSED","file":"/static/js/utils.js","tags":{"FILE_LINE_OF_CODE":"120"}}
{"ts":1765493458490,"action":"FILE_OPENED","file":"/static/js/api.js","tags":{"FILE_LINE_OF_CODE":"147"}}
{"ts":1765493512619,"action":"FILE_CLOSED","file":"/static/js/api.js","tags":{"FILE_LINE_OF_CODE":"147"}}
{"ts":1765493512619,"action":"FILE_OPENED","file":"/static/js/notifications.js","tags":{"FILE_LINE_OF_CODE":"126"}}
{"ts":1765493531696,"action":"FILE_CLOSED","file":"/static/js/notifications.js","tags":{"FILE_LINE_OF_CODE":"126"}}
{"ts":1765493531696,"action":"FILE_OPENED","file":"/static/css/input.css","tags":{"FILE_LINE_OF_CODE":"195"}}
{"ts":1765493583448,"action":"FILE_CLOSED","file":"/static/css/input.css","tags":{"FILE_LINE_OF_CODE":"195"}}
{"ts":1765493583448,"action":"FILE_OPENED","file":"/tailwind.config.js","tags":{"FILE_LINE_OF_CODE":"49"}}
{"ts":1765493607308,"action":"FILE_CLOSED","file":"/tailwind.config.js","tags":{"FILE_LINE_OF_CODE":"49"}}
{"ts":1765493607308,"action":"FILE_OPENED","file":"/WEB_APP_README.md","tags":{"FILE_LINE_OF_CODE":"360"}}
{"ts":1765493702739,"action":"FILE_CLOSED","file":"/WEB_APP_README.md","tags":{"FILE_LINE_OF_CODE":"360"}}
{"ts":1765493702739,"action":"FILE_OPENED","file":"/static/js/invoices/list.js","tags":{"FILE_LINE_OF_CODE":"312"}}
{"ts":1765493796067,"action":"IDE_DEACTIVATED"}
{"ts":1765493796149,"action":"IDE_ACTIVATED"}
{"ts":1765493805804,"action":"FILE_CLOSED","file":"/static/js/invoices/list.js","tags":{"FILE_LINE_OF_CODE":"312"}}
{"ts":1765493805804,"action":"FILE_OPENED","file":"/app.py","tags":{"FILE_LINE_OF_CODE":"83"}}
{"ts":1765493813679,"action":"IDE_DEACTIVATED"}
{"ts":1765493819713,"action":"IDE_ACTIVATED"}
{"ts":1765493822258,"action":"IDE_DEACTIVATED"}
{"ts":1765493822304,"action":"IDE_ACTIVATED"}
{"ts":1765493872852,"action":"IDE_DEACTIVATED"}
{"ts":1765493872975,"action":"IDE_ACTIVATED"}
{"ts":1765493873683,"action":"IDE_DEACTIVATED"}
{"ts":1765493875882,"action":"IDE_ACTIVATED"}
{"ts":1765493876761,"action":"IDE_DEACTIVATED"}
{"ts":1765493879203,"action":"IDE_ACTIVATED"}
{"ts":1765493922253,"action":"IDE_DEACTIVATED"}
{"ts":1765493937202,"action":"IDE_ACTIVATED"}
{"ts":1765493949306,"action":"IDE_DEACTIVATED"}
{"ts":1765493968838,"action":"IDE_ACTIVATED"}
{"ts":1765494075963,"action":"IDE_DEACTIVATED"}
{"ts":1765494082275,"action":"IDE_ACTIVATED"}
{"ts":1765494122355,"action":"IDE_DEACTIVATED"}
{"ts":1765494126306,"action":"IDE_ACTIVATED"}
{"ts":1765494127609,"action":"IDE_DEACTIVATED"}
{"ts":1765494160073,"action":"IDE_ACTIVATED"}
{"ts":1765494196197,"action":"IDE_DEACTIVATED"}
{"ts":1765494197251,"action":"IDE_ACTIVATED"}
{"ts":1765494203960,"action":"IDE_DEACTIVATED"}
{"ts":1765494205161,"action":"IDE_ACTIVATED"}
{"ts":1765494281199,"action":"IDE_DEACTIVATED"}
{"ts":1765494319517,"action":"IDE_ACTIVATED"}
{"ts":1765494324583,"action":"IDE_DEACTIVATED"}
{"ts":1765494324700,"action":"IDE_ACTIVATED"}
{"ts":1765494344702,"action":"IDE_DEACTIVATED"}
{"ts":1765494346825,"action":"IDE_ACTIVATED"}
{"ts":1765494358568,"action":"IDE_DEACTIVATED"}
{"ts":1765494408189,"action":"IDE_ACTIVATED"}
{"ts":1765494571941,"action":"IDE_DEACTIVATED"}
{"ts":1765494576034,"action":"IDE_ACTIVATED"}
{"ts":1765494607915,"action":"IDE_DEACTIVATED"}
{"ts":1765494709256,"action":"IDE_ACTIVATED"}
{"ts":1765494711460,"action":"IDE_DEACTIVATED"}
{"ts":1765494737746,"action":"IDE_ACTIVATED"}
{"ts":1765494741906,"action":"IDE_DEACTIVATED"}
{"ts":1765494751199,"action":"IDE_ACTIVATED"}
{"ts":1765494807841,"action":"IDE_DEACTIVATED"}
{"ts":1765494841705,"action":"IDE_ACTIVATED"}
{"ts":1765494844278,"action":"IDE_DEACTIVATED"}
{"ts":1765494876299,"action":"IDE_ACTIVATED"}
{"ts":1765494890900,"action":"IDE_DEACTIVATED"}
{"ts":1765494891005,"action":"IDE_ACTIVATED"}
{"ts":1765494929313,"action":"IDE_DEACTIVATED"}
{"ts":1765494944830,"action":"IDE_ACTIVATED"}
{"ts":1765494959376,"action":"IDE_DEACTIVATED"}
{"ts":1765495026856,"action":"IDE_ACTIVATED"}
{"ts":1765495106901,"action":"IDE_DEACTIVATED"}
{"ts":1765495114408,"action":"IDE_ACTIVATED"}
{"ts":1765495123407,"action":"IDE_DEACTIVATED"}
{"ts":1765495152513,"action":"IDE_ACTIVATED"}
{"ts":1765495156751,"action":"IDE_DEACTIVATED"}
{"ts":1765495156851,"action":"IDE_ACTIVATED"}
{"ts":1765495507923,"action":"IDE_DEACTIVATED"}
{"ts":1765495511003,"action":"IDE_ACTIVATED"}
{"ts":1765495672332,"action":"IDE_DEACTIVATED"}
{"ts":1765495672400,"action":"IDE_ACTIVATED"}
{"ts":1765495996495,"action":"IDE_DEACTIVATED"}
{"ts":1765495996571,"action":"IDE_ACTIVATED"}
{"ts":1765496020660,"action":"IDE_DEACTIVATED"}
{"ts":1765496020739,"action":"IDE_ACTIVATED"}
{"ts":1765496023512,"action":"IDE_DEACTIVATED"}
{"ts":1765496031796,"action":"IDE_ACTIVATED"}
{"ts":1765496103604,"action":"IDE_DEACTIVATED"}
{"ts":1765496103688,"action":"IDE_ACTIVATED"}
{"ts":1765496147833,"action":"IDE_DEACTIVATED"}
{"ts":1765496225864,"action":"IDE_ACTIVATED"}
{"ts":1765496227217,"action":"IDE_DEACTIVATED"}
{"ts":1765496227310,"action":"IDE_ACTIVATED"}
{"ts":1765496344141,"action":"FILE_CLOSED","file":"/app.py","tags":{"FILE_LINE_OF_CODE":"83"}}
{"ts":1765496344141,"action":"FILE_OPENED","file":"/config/email_settings.py","tags":{"FILE_LINE_OF_CODE":"83"}}
{"ts":1765496355370,"action":"FILE_CLOSED","file":"/config/email_settings.py","tags":{"FILE_LINE_OF_CODE":"83"}}
{"ts":1765496355370,"action":"FILE_OPENED","file":"/config/email_config.json","tags":{"FILE_LINE_OF_CODE":"8"}}
{"ts":1765496358579,"action":"FILE_CLOSED","file":"/config/email_config.json","tags":{"FILE_LINE_OF_CODE":"8"}}
{"ts":1765496358579,"action":"FILE_OPENED","file":"/config/database.py","tags":{"FILE_LINE_OF_CODE":"77"}}
{"ts":1765496381761,"action":"FILE_CLOSED","file":"/config/database.py","tags":{"FILE_LINE_OF_CODE":"77"}}
{"ts":1765496381761,"action":"FILE_OPENED","file":"/config/email_settings.py","tags":{"FILE_LINE_OF_CODE":"83"}}
{"ts":1765496473148,"action":"FILE_CLOSED","file":"/config/email_settings.py","tags":{"FILE_LINE_OF_CODE":"83"}}
{"ts":1765496473148,"action":"FILE_OPENED","file":"/database/models.py","tags":{"FILE_LINE_OF_CODE":"38"}}
{"ts":1765496489485,"action":"FILE_CLOSED","file":"/database/models.py","tags":{"FILE_LINE_OF_CODE":"38"}}
{"ts":1765496489485,"action":"FILE_OPENED","file":"/database/__init__.py","tags":{"FILE_LINE_OF_CODE":"0"}}
{"ts":1765496492032,"action":"FILE_CLOSED","file":"/database/__init__.py","tags":{"FILE_LINE_OF_CODE":"0"}}
{"ts":1765496492032,"action":"FILE_OPENED","file":"/database/schema.sql","tags":{"FILE_LINE_OF_CODE":"48"}}
{"ts":1765496520156,"action":"FILE_CLOSED","file":"/database/schema.sql","tags":{"FILE_LINE_OF_CODE":"48"}}
{"ts":1765496520156,"action":"FILE_OPENED","file":"/database/models.py","tags":{"FILE_LINE_OF_CODE":"38"}}
{"ts":1765496564096,"action":"IDE_DEACTIVATED"}
{"ts":1765496564182,"action":"IDE_ACTIVATED"}
{"ts":1765496580916,"action":"IDE_DEACTIVATED"}
{"ts":1765497119457,"action":"IDE_ACTIVATED"}
{"ts":1765497142549,"action":"PROJECT_CLOSED","tags":{"PROJECT_NAME":"faktura_scanner_flask"}}
{"ts":1767378040350,"action":"PROJECT_OPENED","tags":{"PROJECT_NAME":"faktura_scanner_flask"}}
{"ts":1767378080815,"action":"FILE_CLOSED","file":"/repositories/invoice_repository.py","tags":{"FILE_LINE_OF_CODE":"287"}}
{"ts":1767378080815,"action":"FILE_OPENED","file":"/app.py","tags":{"FILE_LINE_OF_CODE":"105"}}
{"ts":1767378102947,"action":"IDE_DEACTIVATED"}
{"ts":1767378123942,"action":"IDE_ACTIVATED"}
{"ts":1767378160100,"action":"IDE_DEACTIVATED"}
{"ts":1767378166013,"action":"IDE_ACTIVATED"}
{"ts":1767378167801,"action":"IDE_DEACTIVATED"}
{"ts":1767378266348,"action":"IDE_ACTIVATED"}
{"ts":1767378283877,"action":"IDE_DEACTIVATED"}
{"ts":1767378284372,"action":"IDE_ACTIVATED"}
{"ts":1767378286755,"action":"IDE_DEACTIVATED"}
{"ts":1767378287038,"action":"IDE_ACTIVATED"}
{"ts":1767378299660,"action":"IDE_DEACTIVATED"}
{"ts":1767378344758,"action":"IDE_ACTIVATED"}
{"ts":1767378357636,"action":"IDE_DEACTIVATED"}
{"ts":1767378359302,"action":"IDE_ACTIVATED"}
{"ts":1767378374197,"action":"IDE_DEACTIVATED"}
{"ts":1767378533914,"action":"IDE_ACTIVATED"}
{"ts":1767378550028,"action":"IDE_DEACTIVATED"}
{"ts":1767378550112,"action":"IDE_ACTIVATED"}
{"ts":1767378576121,"action":"IDE_DEACTIVATED"}
{"ts":1767378578826,"action":"IDE_ACTIVATED"}
{"ts":1767378597623,"action":"IDE_DEACTIVATED"}
{"ts":1767378599561,"action":"IDE_ACTIVATED"}
{"ts":1767378604785,"action":"IDE_DEACTIVATED"}
{"ts":1767378623307,"action":"IDE_ACTIVATED"}
{"ts":1767378733652,"action":"IDE_DEACTIVATED"}
{"ts":1767378739962,"action":"IDE_ACTIVATED"}
{"ts":1767378750862,"action":"IDE_DEACTIVATED"}
{"ts":1767378784116,"action":"IDE_ACTIVATED"}
{"ts":1767378805474,"action":"IDE_DEACTIVATED"}
{"ts":1767378826624,"action":"IDE_ACTIVATED"}
{"ts":1767378849685,"action":"IDE_DEACTIVATED"}
{"ts":1767378871158,"action":"IDE_ACTIVATED"}
{"ts":1767379144200,"action":"IDE_DEACTIVATED"}
{"ts":1767379144218,"action":"IDE_ACTIVATED"}
{"ts":1767379840905,"action":"IDE_DEACTIVATED"}
{"ts":1767379940133,"action":"IDE_ACTIVATED"}
{"ts":1767379947099,"action":"IDE_DEACTIVATED"}
{"ts":1767379954834,"action":"IDE_ACTIVATED"}
{"ts":1767379983341,"action":"IDE_DEACTIVATED"}
{"ts":1767379983425,"action":"IDE_ACTIVATED"}
{"ts":1767380103052,"action":"IDE_DEACTIVATED"}
{"ts":1767380103150,"action":"IDE_ACTIVATED"}
{"ts":1767380488844,"action":"IDE_DEACTIVATED"}
{"ts":1767380499351,"action":"IDE_ACTIVATED"}
{"ts":1767380501012,"action":"IDE_DEACTIVATED"}
{"ts":1767380526375,"action":"IDE_ACTIVATED"}
{"ts":1767380533273,"action":"IDE_DEACTIVATED"}
{"ts":1767380561188,"action":"IDE_ACTIVATED"}
{"ts":1767380565895,"action":"IDE_DEACTIVATED"}
{"ts":1767380571350,"action":"IDE_ACTIVATED"}
{"ts":1767380640620,"action":"IDE_DEACTIVATED"}
{"ts":1767380941389,"action":"IDE_ACTIVATED"}
{"ts":1767380988460,"action":"IDE_DEACTIVATED"}
{"ts":1767381156162,"action":"IDE_ACTIVATED"}
{"ts":1767381630554,"action":"IDE_DEACTIVATED"}
{"ts":1767381630642,"action":"IDE_ACTIVATED"}
{"ts":1767381999289,"action":"IDE_DEACTIVATED"}
{"ts":1767381999367,"action":"IDE_ACTIVATED"}
{"ts":1767382077376,"action":"IDE_DEACTIVATED"}
{"ts":1767382077469,"action":"IDE_ACTIVATED"}
{"ts":1767382221538,"action":"IDE_DEACTIVATED"}
{"ts":1767382677214,"action":"IDE_ACTIVATED"}
{"ts":1767382782310,"action":"IDE_DEACTIVATED"}
{"ts":1767382842557,"action":"IDE_ACTIVATED"}
{"ts":1767382872525,"action":"IDE_DEACTIVATED"}
{"ts":1767382872624,"action":"IDE_ACTIVATED"}
{"ts":1767382872973,"action":"IDE_DEACTIVATED"}
{"ts":1767382908757,"action":"IDE_ACTIVATED"}
{"ts":1767383050742,"action":"IDE_DEACTIVATED"}
{"ts":1767383050817,"action":"IDE_ACTIVATED"}
{"ts":1767383172062,"action":"IDE_DEACTIVATED"}
{"ts":1767383172143,"action":"IDE_ACTIVATED"}
{"ts":1767383281110,"action":"IDE_DEACTIVATED"}
{"ts":1767383281202,"action":"IDE_ACTIVATED"}
{"ts":1767383391085,"action":"IDE_DEACTIVATED"}
{"ts":1767383391150,"action":"IDE_ACTIVATED"}
{"ts":1767383601949,"action":"IDE_DEACTIVATED"}
{"ts":1767383702692,"action":"IDE_ACTIVATED"}
{"ts":1767383968321,"action":"IDE_DEACTIVATED"}
{"ts":1767383997223,"action":"IDE_ACTIVATED"}
{"ts":1767384295663,"action":"IDE_DEACTIVATED"}
{"ts":1767384297949,"action":"IDE_ACTIVATED"}
{"ts":1767384346049,"action":"IDE_DEACTIVATED"}
{"ts":1767384353098,"action":"IDE_ACTIVATED"}
{"ts":1767384359867,"action":"IDE_DEACTIVATED"}
{"ts":1767384405733,"action":"IDE_ACTIVATED"}
{"ts":1767384427635,"action":"IDE_DEACTIVATED"}
{"ts":1767384433518,"action":"IDE_ACTIVATED"}
{"ts":1767385229316,"action":"IDE_DEACTIVATED"}
{"ts":1767385229392,"action":"IDE_ACTIVATED"}
{"ts":1767385408038,"action":"IDE_DEACTIVATED"}
{"ts":1767385408851,"action":"IDE_ACTIVATED"}
{"ts":1767385459644,"action":"IDE_DEACTIVATED"}
{"ts":1767385495763,"action":"IDE_ACTIVATED"}
{"ts":1767385589457,"action":"IDE_DEACTIVATED"}
{"ts":1767385606267,"action":"IDE_ACTIVATED"}
{"ts":1767385650601,"action":"IDE_DEACTIVATED"}
{"ts":1767385663157,"action":"IDE_ACTIVATED"}
{"ts":1767385735164,"action":"IDE_DEACTIVATED"}
{"ts":1767385744801,"action":"IDE_ACTIVATED"}
{"ts":1767385746710,"action":"IDE_DEACTIVATED"}
{"ts":1767385747334,"action":"IDE_ACTIVATED"}
{"ts":1767385869738,"action":"IDE_DEACTIVATED"}
{"ts":1767385883749,"action":"IDE_ACTIVATED"}
{"ts":1767385889684,"action":"IDE_DEACTIVATED"}
{"ts":1767385947876,"action":"IDE_ACTIVATED"}
{"ts":1767385968561,"action":"IDE_DEACTIVATED"}
{"ts":1767386001509,"action":"IDE_ACTIVATED"}
{"ts":1767386124660,"action":"IDE_DEACTIVATED"}
{"ts":1767386142039,"action":"IDE_ACTIVATED"}
{"ts":1767386825840,"action":"IDE_DEACTIVATED"}
{"ts":1767387307928,"action":"IDE_ACTIVATED"}
{"ts":1767387404456,"action":"IDE_DEACTIVATED"}
{"ts":1767387436102,"action":"IDE_ACTIVATED"}
{"ts":1767387469500,"action":"IDE_DEACTIVATED"}
{"ts":1767387484590,"action":"IDE_ACTIVATED"}
{"ts":1767387507000,"action":"IDE_DEACTIVATED"}
{"ts":1767387518239,"action":"IDE_ACTIVATED"}
{"ts":1767387521223,"action":"IDE_DEACTIVATED"}
{"ts":1767387571652,"action":"IDE_ACTIVATED"}
{"ts":1767387601852,"action":"IDE_DEACTIVATED"}
{"ts":1767387609282,"action":"IDE_ACTIVATED"}
{"ts":1767387690305,"action":"IDE_DEACTIVATED"}
{"ts":1767387699249,"action":"IDE_ACTIVATED"}
{"ts":1767387716825,"action":"IDE_DEACTIVATED"}
{"ts":1767387727969,"action":"IDE_ACTIVATED"}
{"ts":1767387749980,"action":"IDE_DEACTIVATED"}
{"ts":1767387752263,"action":"IDE_ACTIVATED"}
{"ts":1767387768969,"action":"IDE_DEACTIVATED"}
{"ts":1767387775225,"action":"IDE_ACTIVATED"}
{"ts":1767387794196,"action":"IDE_DEACTIVATED"}
{"ts":1767387796239,"action":"IDE_ACTIVATED"}
{"ts":1767387842142,"action":"IDE_DEACTIVATED"}
{"ts":1767387847019,"action":"IDE_ACTIVATED"}
{"ts":1767387858410,"action":"IDE_DEACTIVATED"}
{"ts":1767387861052,"action":"IDE_ACTIVATED"}
{"ts":1767387890508,"action":"IDE_DEACTIVATED"}
{"ts":1767387905958,"action":"IDE_ACTIVATED"}
{"ts":1767387916127,"action":"IDE_DEACTIVATED"}
{"ts":1767387918718,"action":"IDE_ACTIVATED"}
{"ts":1767387922380,"action":"IDE_DEACTIVATED"}
{"ts":1767387923371,"action":"IDE_ACTIVATED"}
{"ts":1767387928107,"action":"IDE_DEACTIVATED"}
{"ts":1767387929234,"action":"IDE_ACTIVATED"}
{"ts":1767387934814,"action":"IDE_DEACTIVATED"}
{"ts":1767387936577,"action":"IDE_ACTIVATED"}
{"ts":1767387944364,"action":"IDE_DEACTIVATED"}
{"ts":1767387945885,"action":"IDE_ACTIVATED"}
{"ts":1767388016515,"action":"IDE_DEACTIVATED"}
{"ts":1767388031381,"action":"IDE_ACTIVATED"}
{"ts":1767388243768,"action":"IDE_DEACTIVATED"}
{"ts":1767388266301,"action":"IDE_ACTIVATED"}
{"ts":1767388274413,"action":"IDE_DEACTIVATED"}
{"ts":1767388278763,"action":"IDE_ACTIVATED"}
{"ts":1767388284024,"action":"IDE_DEACTIVATED"}
{"ts":1767388346435,"action":"IDE_ACTIVATED"}
{"ts":1767388457137,"action":"IDE_DEACTIVATED"}
{"ts":1767388543306,"action":"IDE_ACTIVATED"}
{"ts":1767388555112,"action":"IDE_DEACTIVATED"}
{"ts":1767388557024,"action":"IDE_ACTIVATED"}
{"ts":1767388643894,"action":"IDE_DEACTIVATED"}
{"ts":1767388716264,"action":"IDE_ACTIVATED"}
{"ts":1767388741335,"action":"IDE_DEACTIVATED"}
{"ts":1767388747094,"action":"IDE_ACTIVATED"}
{"ts":1767388760171,"action":"IDE_DEACTIVATED"}
{"ts":1767388764648,"action":"IDE_ACTIVATED"}
{"ts":1767388784263,"action":"IDE_DEACTIVATED"}
{"ts":1767388793336,"action":"IDE_ACTIVATED"}
{"ts":1767388800522,"action":"IDE_DEACTIVATED"}
{"ts":1767388807342,"action":"IDE_ACTIVATED"}
{"ts":1767388811906,"action":"IDE_DEACTIVATED"}
{"ts":1767388822167,"action":"IDE_ACTIVATED"}
{"ts":1767388827546,"action":"IDE_DEACTIVATED"}
{"ts":1767388868630,"action":"IDE_ACTIVATED"}
{"ts":1767388890668,"action":"IDE_DEACTIVATED"}
{"ts":1767388915880,"action":"IDE_ACTIVATED"}
{"ts":1767388917755,"action":"IDE_DEACTIVATED"}
{"ts":1767388928468,"action":"IDE_ACTIVATED"}
{"ts":1767388932457,"action":"IDE_DEACTIVATED"}
{"ts":1767388937972,"action":"IDE_ACTIVATED"}
{"ts":1767388941919,"action":"IDE_DEACTIVATED"}
{"ts":1767388953374,"action":"IDE_ACTIVATED"}
{"ts":1767389029810,"action":"IDE_DEACTIVATED"}
{"ts":1767389044999,"action":"IDE_ACTIVATED"}
{"ts":1767389048750,"action":"IDE_DEACTIVATED"}
{"ts":1767389052599,"action":"IDE_ACTIVATED"}
{"ts":1767389061081,"action":"IDE_DEACTIVATED"}
{"ts":1767389067812,"action":"IDE_ACTIVATED"}
{"ts":1767389075198,"action":"IDE_DEACTIVATED"}
{"ts":1767389078151,"action":"IDE_ACTIVATED"}
{"ts":1767389135501,"action":"IDE_DEACTIVATED"}
{"ts":1767389141361,"action":"IDE_ACTIVATED"}
{"ts":1767389158932,"action":"IDE_DEACTIVATED"}
{"ts":1767389201223,"action":"IDE_ACTIVATED"}
{"ts":1767389254547,"action":"IDE_DEACTIVATED"}
{"ts":1767389259023,"action":"IDE_ACTIVATED"}
{"ts":1767389264605,"action":"IDE_DEACTIVATED"}
{"ts":1767389266687,"action":"IDE_ACTIVATED"}
{"ts":1767389270212,"action":"IDE_DEACTIVATED"}
{"ts":1767389275554,"action":"IDE_ACTIVATED"}
{"ts":1767389286237,"action":"IDE_DEACTIVATED"}
{"ts":1767389413899,"action":"IDE_ACTIVATED"}
{"ts":1767389419306,"action":"IDE_DEACTIVATED"}
{"ts":1767389431489,"action":"IDE_ACTIVATED"}
{"ts":1767389463021,"action":"IDE_DEACTIVATED"}
{"ts":1767389465421,"action":"IDE_ACTIVATED"}
{"ts":1767389468866,"action":"IDE_DEACTIVATED"}
{"ts":1767389478900,"action":"IDE_ACTIVATED"}
{"ts":1767389519023,"action":"IDE_DEACTIVATED"}
{"ts":1767389522674,"action":"IDE_ACTIVATED"}
{"ts":1767389534526,"action":"IDE_DEACTIVATED"}
{"ts":1767389536637,"action":"IDE_ACTIVATED"}
{"ts":1767389543287,"action":"IDE_DEACTIVATED"}
{"ts":1767389549567,"action":"IDE_ACTIVATED"}
{"ts":1767389583155,"action":"IDE_DEACTIVATED"}
{"ts":1767389584893,"action":"IDE_ACTIVATED"}
{"ts":1767389597458,"action":"IDE_DEACTIVATED"}
{"ts":1767389602201,"action":"IDE_ACTIVATED"}
{"ts":1767389623296,"action":"IDE_DEACTIVATED"}
{"ts":1767389625992,"action":"IDE_ACTIVATED"}
{"ts":1767389628004,"action":"IDE_DEACTIVATED"}
{"ts":1767389630106,"action":"IDE_ACTIVATED"}
{"ts":1767389657902,"action":"IDE_DEACTIVATED"}
{"ts":1767390083872,"action":"IDE_ACTIVATED"}
{"ts":1767390088053,"action":"IDE_DEACTIVATED"}
{"ts":1767390095946,"action":"IDE_ACTIVATED"}
{"ts":1767390115176,"action":"IDE_DEACTIVATED"}
{"ts":1767390552176,"action":"IDE_ACTIVATED"}
{"ts":1767390791816,"action":"IDE_DEACTIVATED"}
{"ts":1767393251591,"action":"IDE_ACTIVATED"}
{"ts":1767393262748,"action":"IDE_DEACTIVATED"}
{"ts":1767393272666,"action":"IDE_ACTIVATED"}
{"ts":1767393283977,"action":"IDE_DEACTIVATED"}
{"ts":1767393300564,"action":"IDE_ACTIVATED"}
{"ts":1767393318545,"action":"FILE_CLOSED","file":"/app.py","tags":{"FILE_LINE_OF_CODE":"105"}}
{"ts":1767393318545,"action":"FILE_OPENED","file":"/templates/dashboard/index.html","tags":{"FILE_LINE_OF_CODE":"686"}}
{"ts":1767393715870,"action":"FILE_CLOSED","file":"/templates/dashboard/index.html","tags":{"FILE_LINE_OF_CODE":"686"}}
{"ts":1767393715870,"action":"FILE_OPENED","file":"/routes/api_routes.py","tags":{"FILE_LINE_OF_CODE":"1425"}}
{"ts":1767393739571,"action":"FILE_CLOSED","file":"/routes/api_routes.py","tags":{"FILE_LINE_OF_CODE":"1425"}}
{"ts":1767393739571,"action":"FILE_OPENED","file":"/routes/main_routes.py","tags":{"FILE_LINE_OF_CODE":"57"}}
{"ts":1767393767566,"action":"FILE_CLOSED","file":"/routes/main_routes.py","tags":{"FILE_LINE_OF_CODE":"57"}}
{"ts":1767393767566,"action":"FILE_OPENED","file":"/static/js/api.js","tags":{"FILE_LINE_OF_CODE":"158"}}
{"ts":1767393796389,"action":"FILE_CLOSED","file":"/static/js/api.js","tags":{"FILE_LINE_OF_CODE":"158"}}
{"ts":1767393796389,"action":"FILE_OPENED","file":"/static/js/utils.js","tags":{"FILE_LINE_OF_CODE":"175"}}
{"ts":1767393837464,"action":"FILE_CLOSED","file":"/static/js/utils.js","tags":{"FILE_LINE_OF_CODE":"175"}}
{"ts":1767393837464,"action":"FILE_OPENED","file":"/templates/base.html","tags":{"FILE_LINE_OF_CODE":"240"}}
{"ts":1767393881301,"action":"FILE_CLOSED","file":"/templates/base.html","tags":{"FILE_LINE_OF_CODE":"240"}}
{"ts":1767393881301,"action":"FILE_OPENED","file":"/app.py","tags":{"FILE_LINE_OF_CODE":"105"}}
{"ts":1767393961050,"action":"FILE_CLOSED","file":"/app.py","tags":{"FILE_LINE_OF_CODE":"105"}}
{"ts":1767393961050,"action":"FILE_OPENED","file":"/repositories/invoice_repository.py","tags":{"FILE_LINE_OF_CODE":"329"}}
{"ts":1767394035239,"action":"FILE_CLOSED","file":"/repositories/invoice_repository.py","tags":{"FILE_LINE_OF_CODE":"329"}}
{"ts":1767394035239,"action":"FILE_OPENED","file":"/routes/__init__.py","tags":{"FILE_LINE_OF_CODE":"2"}}
{"ts":1767394098428,"action":"FILE_CLOSED","file":"/routes/__init__.py","tags":{"FILE_LINE_OF_CODE":"2"}}
{"ts":1767394098428,"action":"FILE_OPENED","file":"/repositories/seller_repository.py","tags":{"FILE_LINE_OF_CODE":"186"}}
{"ts":1767394159233,"action":"FILE_CLOSED","file":"/repositories/seller_repository.py","tags":{"FILE_LINE_OF_CODE":"186"}}
{"ts":1767394159233,"action":"FILE_OPENED","file":"/routes/api_routes.py","tags":{"FILE_LINE_OF_CODE":"1425"}}
{"ts":1767394326047,"action":"FILE_CLOSED","file":"/routes/api_routes.py","tags":{"FILE_LINE_OF_CODE":"1425"}}
{"ts":1767394326047,"action":"FILE_OPENED","file":"/repositories/seller_repository.py","tags":{"FILE_LINE_OF_CODE":"186"}}
{"ts":1767394374871,"action":"FILE_CLOSED","file":"/repositories/seller_repository.py","tags":{"FILE_LINE_OF_CODE":"186"}}
{"ts":1767394374871,"action":"FILE_OPENED","file":"/static/js/api.js","tags":{"FILE_LINE_OF_CODE":"158"}}
{"ts":1767394397611,"action":"FILE_CLOSED","file":"/static/js/api.js","tags":{"FILE_LINE_OF_CODE":"158"}}
{"ts":1767394397612,"action":"FILE_OPENED","file":"/static/js/invoices/list.js","tags":{"FILE_LINE_OF_CODE":"298"}}
{"ts":1767394482207,"action":"FILE_CLOSED","file":"/static/js/invoices/list.js","tags":{"FILE_LINE_OF_CODE":"298"}}
{"ts":1767394482207,"action":"FILE_OPENED","file":"/templates/dashboard/index.html","tags":{"FILE_LINE_OF_CODE":"686"}}
{"ts":1767395112402,"action":"IDE_DEACTIVATED"}
{"ts":1767395841912,"action":"IDE_ACTIVATED"}
{"ts":1767395930216,"action":"IDE_DEACTIVATED"}
{"ts":1767395945899,"action":"IDE_ACTIVATED"}
{"ts":1767396261433,"action":"FILE_CLOSED","file":"/templates/dashboard/index.html","tags":{"FILE_LINE_OF_CODE":"686"}}
{"ts":1767396261433,"action":"FILE_OPENED","file":"/app.py","tags":{"FILE_LINE_OF_CODE":"105"}}
{"ts":1767396265207,"action":"IDE_DEACTIVATED"}
{"ts":1767396269091,"action":"IDE_ACTIVATED"}
{"ts":1767396301399,"action":"IDE_DEACTIVATED"}
{"ts":1767396306099,"action":"IDE_ACTIVATED"}
{"ts":1767396311438,"action":"IDE_DEACTIVATED"}
{"ts":1767396383690,"action":"IDE_ACTIVATED"}
{"ts":1767396390192,"action":"IDE_DEACTIVATED"}
{"ts":1767397383449,"action":"IDE_ACTIVATED"}
{"ts":1767397403385,"action":"IDE_DEACTIVATED"}
{"ts":1767397910483,"action":"IDE_ACTIVATED"}
{"ts":1767397949383,"action":"IDE_DEACTIVATED"}
{"ts":1767398582954,"action":"IDE_ACTIVATED"}
{"ts":1767398635356,"action":"IDE_DEACTIVATED"}
{"ts":1767398636929,"action":"IDE_ACTIVATED"}
{"ts":1767398709116,"action":"IDE_DEACTIVATED"}
{"ts":1767398801492,"action":"IDE_ACTIVATED"}
{"ts":1767398809776,"action":"IDE_DEACTIVATED"}
{"ts":1767398954152,"action":"IDE_ACTIVATED"}
{"ts":1767399851844,"action":"IDE_DEACTIVATED"}
{"ts":1767400204246,"action":"IDE_ACTIVATED"}
{"ts":1767400257983,"action":"IDE_DEACTIVATED"}
{"ts":1767400357694,"action":"IDE_ACTIVATED"}
{"ts":1767411201784,"action":"IDE_DEACTIVATED"}
{"ts":1767447097683,"action":"IDE_ACTIVATED"}
{"ts":1767447149856,"action":"PROJECT_CLOSED","tags":{"PROJECT_NAME":"faktura_scanner_flask"}}
{"ts":1767447162417,"action":"FILE_OPENED","file":"/app.py","tags":{"FILE_LINE_OF_CODE":"105"}}
{"ts":1767447164280,"action":"PROJECT_OPENED","tags":{"PROJECT_NAME":"faktura_scanner_flask"}}
{"ts":1767447451541,"action":"FILE_CLOSED","file":"/app.py","tags":{"FILE_LINE_OF_CODE":"104"}}
{"ts":1767447451541,"action":"FILE_OPENED","file":"/requirements.txt","tags":{"FILE_LINE_OF_CODE":"19"}}
{"ts":1767447546585,"action":"FILE_CLOSED","file":"/requirements.txt","tags":{"FILE_LINE_OF_CODE":"19"}}
{"ts":1767447546585,"action":"FILE_OPENED","file":"/app.py","tags":{"FILE_LINE_OF_CODE":"104"}}
{"ts":1767447616054,"action":"FILE_CLOSED","file":"/app.py","tags":{"FILE_LINE_OF_CODE":"104"}}
{"ts":1767447616054,"action":"FILE_OPENED","file":"/requirements.txt","tags":{"FILE_LINE_OF_CODE":"19"}}
{"ts":1767447624460,"action":"FILE_CLOSED","file":"/requirements.txt","tags":{"FILE_LINE_OF_CODE":"19"}}
{"ts":1767447624460,"action":"FILE_OPENED","file":"/app.py","tags":{"FILE_LINE_OF_CODE":"104"}}
{"ts":1767447698929,"action":"IDE_DEACTIVATED"}
{"ts":1767448198262,"action":"IDE_ACTIVATED"}
{"ts":1767448319682,"action":"IDE_DEACTIVATED"}
{"ts":1767449069383,"action":"IDE_ACTIVATED"}
{"ts":1767449144639,"action":"PROJECT_CLOSED","tags":{"PROJECT_NAME":"faktura_scanner_flask"}}
{"ts":1767449159411,"action":"FILE_OPENED","file":"/app.py","tags":{"FILE_LINE_OF_CODE":"104"}}
{"ts":1767449162610,"action":"PROJECT_OPENED","tags":{"PROJECT_NAME":"faktura_scanner_flask"}}
{"ts":1767449254750,"action":"IDE_DEACTIVATED"}
{"ts":1767449521302,"action":"IDE_ACTIVATED"}
{"ts":1767449529885,"action":"IDE_DEACTIVATED"}
{"ts":1767449556754,"action":"IDE_ACTIVATED"}
{"ts":1767449568491,"action":"IDE_DEACTIVATED"}
{"ts":1767449571289,"action":"IDE_ACTIVATED"}
{"ts":1767449594550,"action":"IDE_DEACTIVATED"}
{"ts":1767449598219,"action":"IDE_ACTIVATED"}
{"ts":1767449624906,"action":"IDE_DEACTIVATED"}
{"ts":1767449627976,"action":"IDE_ACTIVATED"}
{"ts":1767449630861,"action":"IDE_DEACTIVATED"}
{"ts":1767449645433,"action":"IDE_ACTIVATED"}
{"ts":1767449676411,"action":"IDE_DEACTIVATED"}
{"ts":1767449681817,"action":"IDE_ACTIVATED"}
{"ts":1767449686605,"action":"IDE_DEACTIVATED"}
{"ts":1767449696067,"action":"IDE_ACTIVATED"}
{"ts":1767449716193,"action":"IDE_DEACTIVATED"}
{"ts":1767449718298,"action":"IDE_ACTIVATED"}
{"ts":1767449719299,"action":"IDE_DEACTIVATED"}
{"ts":1767449741505,"action":"IDE_ACTIVATED"}
{"ts":1767449748741,"action":"IDE_DEACTIVATED"}
{"ts":1767449773688,"action":"IDE_ACTIVATED"}
{"ts":1767449778591,"action":"IDE_DEACTIVATED"}
{"ts":1767449798114,"action":"IDE_ACTIVATED"}
{"ts":1767449847671,"action":"IDE_DEACTIVATED"}
{"ts":1767449861593,"action":"IDE_ACTIVATED"}
{"ts":1767449944665,"action":"IDE_DEACTIVATED"}
{"ts":1767449996576,"action":"IDE_ACTIVATED"}
{"ts":1767450065947,"action":"IDE_DEACTIVATED"}
{"ts":1767450162307,"action":"IDE_ACTIVATED"}
{"ts":1767793795891,"action":"IDE_DEACTIVATED"}
{"ts":1767793830906,"action":"IDE_ACTIVATED"}
{"ts":1767793844307,"action":"IDE_DEACTIVATED"}
{"ts":1767793847112,"action":"IDE_ACTIVATED"}
{"ts":1767793852286,"action":"IDE_DEACTIVATED"}
{"ts":1767794100039,"action":"IDE_ACTIVATED"}
{"ts":1767794168985,"action":"IDE_DEACTIVATED"}
{"ts":1767794184043,"action":"IDE_ACTIVATED"}
{"ts":1767794361618,"action":"IDE_DEACTIVATED"}
{"ts":1767794370184,"action":"IDE_ACTIVATED"}
{"ts":1767794619545,"action":"IDE_DEACTIVATED"}
{"ts":1767794619654,"action":"IDE_ACTIVATED"}
{"ts":1767794623056,"action":"PROJECT_CLOSED","tags":{"PROJECT_NAME":"faktura_scanner_flask"}}
{"ts":1769794813004,"action":"FILE_OPENED","file":"/app.py","tags":{"FILE_LINE_OF_CODE":"107"}}
{"ts":1769794813269,"action":"PROJECT_OPENED","tags":{"PROJECT_NAME":"faktura_scanner_flask"}}
{"ts":1769794853620,"action":"FILE_CLOSED","file":"/app.py","tags":{"FILE_LINE_OF_CODE":"107"}}
{"ts":1769794853621,"action":"FILE_OPENED","file":"/VPS_DEPLOYMENT.md","tags":{"FILE_LINE_OF_CODE":"110"}}
{"ts":1769794857033,"action":"FILE_CLOSED","file":"/VPS_DEPLOYMENT.md","tags":{"FILE_LINE_OF_CODE":"110"}}
{"ts":1769794857033,"action":"FILE_OPENED","file":"/WEB_APP_README.md","tags":{"FILE_LINE_OF_CODE":"360"}}
{"ts":1769794874209,"action":"FILE_CLOSED","file":"/WEB_APP_README.md","tags":{"FILE_LINE_OF_CODE":"360"}}
{"ts":1769794874209,"action":"FILE_OPENED","file":"/VPS_DEPLOYMENT.md","tags":{"FILE_LINE_OF_CODE":"110"}}
{"ts":1769794878406,"action":"FILE_CLOSED","file":"/VPS_DEPLOYMENT.md","tags":{"FILE_LINE_OF_CODE":"110"}}
{"ts":1769794878406,"action":"FILE_OPENED","file":"/VERCEL_DEPLOYMENT.md","tags":{"FILE_LINE_OF_CODE":"32"}}
{"ts":1769794890483,"action":"FILE_OPENED","file":"/WEB_APP_README.md","tags":{"FILE_LINE_OF_CODE":"360"}}
{"ts":1769794897131,"action":"FILE_CLOSED","file":"/WEB_APP_README.md","tags":{"FILE_LINE_OF_CODE":"360"}}
{"ts":1769794897131,"action":"FILE_OPENED","file":"/GEMINI.md","tags":{"FILE_LINE_OF_CODE":"113"}}
{"ts":1769794905502,"action":"FILE_CLOSED","file":"/GEMINI.md","tags":{"FILE_LINE_OF_CODE":"113"}}
{"ts":1769794905502,"action":"FILE_OPENED","file":"/CLAUDE.md","tags":{"FILE_LINE_OF_CODE":"840"}}
{"ts":1769794952538,"action":"FILE_CLOSED","file":"/CLAUDE.md","tags":{"FILE_LINE_OF_CODE":"840"}}
{"ts":1769794952538,"action":"FILE_OPENED","file":"/GUI_improvements.txt","tags":{"FILE_LINE_OF_CODE":"2123"}}
{"ts":1769794999894,"action":"FILE_CLOSED","file":"/GUI_improvements.txt","tags":{"FILE_LINE_OF_CODE":"2123"}}
{"ts":1769794999894,"action":"FILE_OPENED","file":"/GEMINI.md","tags":{"FILE_LINE_OF_CODE":"113"}}
{"ts":1769795008501,"action":"FILE_CLOSED","file":"/GEMINI.md","tags":{"FILE_LINE_OF_CODE":"113"}}
{"ts":1769795008501,"action":"FILE_OPENED","file":"/CLAUDE.md","tags":{"FILE_LINE_OF_CODE":"840"}}
{"ts":1769795049379,"action":"IDE_DEACTIVATED"}
{"ts":1769795455017,"action":"IDE_ACTIVATED"}
{"ts":1769795455777,"action":"IDE_DEACTIVATED"}
{"ts":1769795457087,"action":"IDE_ACTIVATED"}
{"ts":1769795468546,"action":"FILE_CLOSED","file":"/CLAUDE.md","tags":{"FILE_LINE_OF_CODE":"840"}}
{"ts":1769795468546,"action":"FILE_OPENED","file":"/app.py","tags":{"FILE_LINE_OF_CODE":"107"}}
{"ts":1769795476363,"action":"IDE_DEACTIVATED"}
{"ts":1769795688039,"action":"IDE_ACTIVATED"}
{"ts":1769795716418,"action":"IDE_DEACTIVATED"}
{"ts":1769795725278,"action":"IDE_ACTIVATED"}
{"ts":1769795938664,"action":"IDE_DEACTIVATED"}
{"ts":1769795940725,"action":"IDE_ACTIVATED"}
{"ts":1769795945130,"action":"IDE_DEACTIVATED"}
{"ts":1769798830274,"action":"IDE_ACTIVATED"}
{"ts":1769799416542,"action":"FILE_CLOSED","file":"/app.py","tags":{"FILE_LINE_OF_CODE":"107"}}
{"ts":1769799416542,"action":"FILE_OPENED","file":"/VPS_DEPLOYMENT.md","tags":{"FILE_LINE_OF_CODE":"110"}}
{"ts":1769799416569,"action":"FILE_CLOSED","file":"/VPS_DEPLOYMENT.md","tags":{"FILE_LINE_OF_CODE":"110"}}
{"ts":1769799480076,"action":"IDE_DEACTIVATED"}
{"ts":1769800117075,"action":"IDE_ACTIVATED"}
{"ts":1769800295982,"action":"IDE_DEACTIVATED"}
{"ts":1769800465099,"action":"IDE_ACTIVATED"}
{"ts":1769800568624,"action":"IDE_DEACTIVATED"}
{"ts":1769800606687,"action":"IDE_ACTIVATED"}
{"ts":1769800612082,"action":"IDE_DEACTIVATED"}
{"ts":1769800624456,"action":"IDE_ACTIVATED"}
{"ts":1769800638376,"action":"IDE_DEACTIVATED"}
{"ts":1769800646376,"action":"IDE_ACTIVATED"}
{"ts":1769800661119,"action":"IDE_DEACTIVATED"}
{"ts":1769800672327,"action":"IDE_ACTIVATED"}
{"ts":1769800672880,"action":"IDE_DEACTIVATED"}
{"ts":1769800677520,"action":"IDE_ACTIVATED"}
{"ts":1769800693746,"action":"IDE_DEACTIVATED"}
{"ts":1769800714436,"action":"IDE_ACTIVATED"}
{"ts":1769800772403,"action":"IDE_DEACTIVATED"}
{"ts":1769800781582,"action":"IDE_ACTIVATED"}
{"ts":1769800790456,"action":"IDE_DEACTIVATED"}
{"ts":1769800833200,"action":"IDE_ACTIVATED"}
{"ts":1769800839536,"action":"IDE_DEACTIVATED"}
{"ts":1769800862552,"action":"IDE_ACTIVATED"}
{"ts":1769800863282,"action":"IDE_DEACTIVATED"}
{"ts":1769800865963,"action":"IDE_ACTIVATED"}
{"ts":1769800869819,"action":"IDE_DEACTIVATED"}
{"ts":1769800891427,"action":"IDE_ACTIVATED"}
{"ts":1769800946077,"action":"IDE_DEACTIVATED"}
{"ts":1769800967182,"action":"IDE_ACTIVATED"}
{"ts":1769800973542,"action":"IDE_DEACTIVATED"}
{"ts":1769800986228,"action":"IDE_ACTIVATED"}
{"ts":1769800988400,"action":"IDE_DEACTIVATED"}
{"ts":1769800996748,"action":"IDE_ACTIVATED"}
{"ts":1769800997197,"action":"IDE_DEACTIVATED"}
{"ts":1769801044864,"action":"IDE_ACTIVATED"}
{"ts":1769801051325,"action":"IDE_DEACTIVATED"}
{"ts":1769801055029,"action":"IDE_ACTIVATED"}
{"ts":1769801057706,"action":"IDE_DEACTIVATED"}
{"ts":1769801072424,"action":"IDE_ACTIVATED"}
{"ts":1769801079274,"action":"IDE_DEACTIVATED"}
{"ts":1769801099696,"action":"IDE_ACTIVATED"}
{"ts":1769801112854,"action":"IDE_DEACTIVATED"}
{"ts":1769801123291,"action":"IDE_ACTIVATED"}
{"ts":1769801127815,"action":"IDE_DEACTIVATED"}
{"ts":1769801142709,"action":"IDE_ACTIVATED"}
{"ts":1769801176174,"action":"IDE_DEACTIVATED"}
{"ts":1769801187426,"action":"IDE_ACTIVATED"}
{"ts":1769801193795,"action":"IDE_DEACTIVATED"}
{"ts":1769801197220,"action":"IDE_ACTIVATED"}
{"ts":1769801317712,"action":"IDE_DEACTIVATED"}
{"ts":1769801325869,"action":"IDE_ACTIVATED"}
{"ts":1769801345434,"action":"IDE_DEACTIVATED"}
{"ts":1769801362879,"action":"IDE_ACTIVATED"}
{"ts":1769801495362,"action":"IDE_DEACTIVATED"}
{"ts":1769801513660,"action":"IDE_ACTIVATED"}
{"ts":1769801543478,"action":"IDE_DEACTIVATED"}
{"ts":1769801552370,"action":"IDE_ACTIVATED"}
{"ts":1769801566974,"action":"IDE_DEACTIVATED"}
{"ts":1769801589081,"action":"IDE_ACTIVATED"}
{"ts":1769801599612,"action":"IDE_DEACTIVATED"}
{"ts":1769801611370,"action":"IDE_ACTIVATED"}
{"ts":1769801623286,"action":"IDE_DEACTIVATED"}
{"ts":1769801633274,"action":"IDE_ACTIVATED"}
{"ts":1769801667893,"action":"IDE_DEACTIVATED"}
{"ts":1769801729068,"action":"IDE_ACTIVATED"}
{"ts":1769802154935,"action":"IDE_DEACTIVATED"}
{"ts":1769802177841,"action":"IDE_ACTIVATED"}
{"ts":1769802185993,"action":"IDE_DEACTIVATED"}
{"ts":1769802197338,"action":"IDE_ACTIVATED"}
{"ts":1769802324251,"action":"FILE_OPENED","file":"/templates/invoices/list.html","tags":{"FILE_LINE_OF_CODE":"315"}}
{"ts":1769802330177,"action":"IDE_DEACTIVATED"}
{"ts":1769802332674,"action":"IDE_ACTIVATED"}
{"ts":1769802336409,"action":"IDE_DEACTIVATED"}
{"ts":1769802348622,"action":"IDE_ACTIVATED"}
{"ts":1769802352818,"action":"IDE_DEACTIVATED"}
{"ts":1769802364704,"action":"IDE_ACTIVATED"}
{"ts":1769803095936,"action":"IDE_DEACTIVATED"}
{"ts":1769803128747,"action":"IDE_ACTIVATED"}
{"ts":1769803174668,"action":"FILE_CLOSED","file":"/templates/invoices/list.html","tags":{"FILE_LINE_OF_CODE":"300"}}
{"ts":1769803174668,"action":"FILE_OPENED","file":"/templates/components/scrollable_table.html","tags":{"FILE_LINE_OF_CODE":"302"}}
{"ts":1769803203445,"action":"IDE_DEACTIVATED"}
{"ts":1769803207230,"action":"IDE_ACTIVATED"}
{"ts":1769803208805,"action":"IDE_DEACTIVATED"}
{"ts":1769803211613,"action":"IDE_ACTIVATED"}
{"ts":1769803236769,"action":"IDE_DEACTIVATED"}
{"ts":1769803276083,"action":"IDE_ACTIVATED"}
{"ts":1769803306212,"action":"FILE_CLOSED","file":"/templates/components/scrollable_table.html","tags":{"FILE_LINE_OF_CODE":"302"}}
{"ts":1769803306212,"action":"FILE_OPENED","file":"/templates/invoices/list.html","tags":{"FILE_LINE_OF_CODE":"300"}}
{"ts":1769803471696,"action":"IDE_DEACTIVATED"}
{"ts":1769803490753,"action":"IDE_ACTIVATED"}
{"ts":1769803492162,"action":"FILE_CLOSED","file":"/templates/invoices/list.html","tags":{"FILE_LINE_OF_CODE":"300"}}
{"ts":1769803492162,"action":"FILE_OPENED","file":"/templates/components/scrollable_table.html","tags":{"FILE_LINE_OF_CODE":"302"}}
{"ts":1769803665162,"action":"FILE_CLOSED","file":"/templates/components/scrollable_table.html","tags":{"FILE_LINE_OF_CODE":"302"}}
{"ts":1769803665162,"action":"FILE_OPENED","file":"/app.py","tags":{"FILE_LINE_OF_CODE":"107"}}
{"ts":1769803676463,"action":"IDE_DEACTIVATED"}
{"ts":1769803712633,"action":"IDE_ACTIVATED"}
{"ts":1769814544918,"action":"IDE_DEACTIVATED"}
{"ts":1770016163239,"action":"IDE_ACTIVATED"}
{"ts":1770016167994,"action":"PROJECT_CLOSED","tags":{"PROJECT_NAME":"faktura_scanner_flask"}}
{"ts":1770033797464,"action":"FILE_OPENED","file":"/app.py","tags":{"FILE_LINE_OF_CODE":"107"}}
{"ts":1770033798140,"action":"PROJECT_OPENED","tags":{"PROJECT_NAME":"faktura_scanner_flask"}}
{"ts":1770033843466,"action":"FILE_CLOSED","file":"/app.py","tags":{"FILE_LINE_OF_CODE":"107"}}
{"ts":1770033843466,"action":"FILE_OPENED","file":"/templates/base.html","tags":{"FILE_LINE_OF_CODE":"84"}}
{"ts":1770034376423,"action":"IDE_DEACTIVATED"}
{"ts":1770034410480,"action":"IDE_ACTIVATED"}
{"ts":1770034412622,"action":"PROJECT_CLOSED","tags":{"PROJECT_NAME":"faktura_scanner_flask"}}
{"ts":1770053076243,"action":"FILE_OPENED","file":"/templates/base.html","tags":{"FILE_LINE_OF_CODE":"84"}}
{"ts":1770053078867,"action":"PROJECT_OPENED","tags":{"PROJECT_NAME":"faktura_scanner_flask"}}
{"ts":1770053094074,"action":"IDE_DEACTIVATED"}
{"ts":1770053098848,"action":"IDE_ACTIVATED"}
{"ts":1770053114207,"action":"FILE_CLOSED","file":"/templates/base.html","tags":{"FILE_LINE_OF_CODE":"84"}}
{"ts":1770053114207,"action":"FILE_OPENED","file":"/static/css/output.css","tags":{"FILE_LINE_OF_CODE":"1"}}
{"ts":1770053117084,"action":"FILE_CLOSED","file":"/static/css/output.css","tags":{"FILE_LINE_OF_CODE":"1"}}
{"ts":1770053117084,"action":"FILE_OPENED","file":"/static/css/input.css","tags":{"FILE_LINE_OF_CODE":"312"}}
{"ts":1770053121335,"action":"IDE_DEACTIVATED"}
{"ts":1770053128432,"action":"IDE_ACTIVATED"}
{"ts":1770053140067,"action":"FILE_CLOSED","file":"/static/css/input.css","tags":{"FILE_LINE_OF_CODE":"312"}}
{"ts":1770053140067,"action":"FILE_OPENED","file":"/static/js/ui.js","tags":{"FILE_LINE_OF_CODE":"302"}}
{"ts":1770053143389,"action":"IDE_DEACTIVATED"}
{"ts":1770053165973,"action":"IDE_ACTIVATED"}
{"ts":1770053167072,"action":"IDE_DEACTIVATED"}
{"ts":1770053248468,"action":"IDE_ACTIVATED"}
{"ts":1770053248968,"action":"IDE_DEACTIVATED"}
{"ts":1770053448144,"action":"IDE_ACTIVATED"}
{"ts":1770053449138,"action":"IDE_DEACTIVATED"}
{"ts":1770053481342,"action":"IDE_ACTIVATED"}
{"ts":1770053481650,"action":"IDE_DEACTIVATED"}
{"ts":1770053654083,"action":"IDE_ACTIVATED"}
{"ts":1770053654666,"action":"IDE_DEACTIVATED"}
{"ts":1770053698391,"action":"IDE_ACTIVATED"}
{"ts":1770053698907,"action":"IDE_DEACTIVATED"}
{"ts":1770053797611,"action":"IDE_ACTIVATED"}
{"ts":1770053798158,"action":"IDE_DEACTIVATED"}
{"ts":1770053900918,"action":"IDE_ACTIVATED"}
{"ts":1770053901563,"action":"IDE_DEACTIVATED"}
{"ts":1770053928233,"action":"IDE_ACTIVATED"}
{"ts":1770053928786,"action":"IDE_DEACTIVATED"}
{"ts":1770054066487,"action":"IDE_ACTIVATED"}
{"ts":1770054067615,"action":"IDE_DEACTIVATED"}
{"ts":1770054260487,"action":"IDE_ACTIVATED"}
{"ts":1770054375439,"action":"IDE_DEACTIVATED"}
{"ts":1770054455212,"action":"IDE_ACTIVATED"}
{"ts":1770054503398,"action":"IDE_DEACTIVATED"}
{"ts":1770054588557,"action":"IDE_ACTIVATED"}
{"ts":1770054591373,"action":"PROJECT_CLOSED","tags":{"PROJECT_NAME":"faktura_scanner_flask"}}
{"ts":1770054605277,"action":"FILE_OPENED","file":"/static/js/ui.js","tags":{"FILE_LINE_OF_CODE":"302"}}
{"ts":1770054606552,"action":"PROJECT_OPENED","tags":{"PROJECT_NAME":"faktura_scanner_flask"}}
{"ts":1770054686632,"action":"IDE_DEACTIVATED"}
{"ts":1770054690835,"action":"IDE_ACTIVATED"}
{"ts":1770054692349,"action":"IDE_DEACTIVATED"}
{"ts":1770054695746,"action":"IDE_ACTIVATED"}
{"ts":1770054698152,"action":"IDE_DEACTIVATED"}
{"ts":1770054703481,"action":"IDE_ACTIVATED"}
{"ts":1770054936284,"action":"IDE_DEACTIVATED"}
{"ts":1770054941828,"action":"IDE_ACTIVATED"}
{"ts":1770054945193,"action":"FILE_CLOSED","file":"/static/js/ui.js","tags":{"FILE_LINE_OF_CODE":"302"}}
{"ts":1770054945193,"action":"FILE_OPENED","file":"/app.py","tags":{"FILE_LINE_OF_CODE":"107"}}
{"ts":1770055023245,"action":"IDE_DEACTIVATED"}
{"ts":1770055044449,"action":"IDE_ACTIVATED"}
{"ts":1770055134926,"action":"IDE_DEACTIVATED"}
{"ts":1770055137870,"action":"IDE_ACTIVATED"}
{"ts":1770055139151,"action":"IDE_DEACTIVATED"}
{"ts":1770055180114,"action":"IDE_ACTIVATED"}
{"ts":1770055218080,"action":"FILE_CLOSED","file":"/app.py","tags":{"FILE_LINE_OF_CODE":"107"}}
{"ts":1770055218080,"action":"FILE_OPENED","file":"/templates/invoices/list_refined.html","tags":{"FILE_LINE_OF_CODE":"1199"}}
{"ts":1770055233063,"action":"IDE_DEACTIVATED"}
{"ts":1770055233724,"action":"IDE_ACTIVATED"}
{"ts":1770055260403,"action":"IDE_DEACTIVATED"}
{"ts":1770055357789,"action":"IDE_ACTIVATED"}
{"ts":1770055358996,"action":"IDE_DEACTIVATED"}
{"ts":1770055360767,"action":"IDE_ACTIVATED"}
{"ts":1770055365219,"action":"FILE_CLOSED","file":"/templates/invoices/list_refined.html","tags":{"FILE_LINE_OF_CODE":"1199"}}
{"ts":1770055365219,"action":"FILE_OPENED","file":"/templates/invoices/list.html","tags":{"FILE_LINE_OF_CODE":"300"}}
{"ts":1770055378653,"action":"FILE_CLOSED","file":"/templates/invoices/list.html","tags":{"FILE_LINE_OF_CODE":"300"}}
{"ts":1770055378653,"action":"FILE_OPENED","file":"/templates/base.html","tags":{"FILE_LINE_OF_CODE":"87"}}
{"ts":1770055382591,"action":"IDE_DEACTIVATED"}
{"ts":1770055385066,"action":"IDE_ACTIVATED"}
{"ts":1770055432087,"action":"IDE_DEACTIVATED"}
{"ts":1770055471720,"action":"IDE_ACTIVATED"}
{"ts":1770055488099,"action":"IDE_DEACTIVATED"}
{"ts":1770055498066,"action":"IDE_ACTIVATED"}
{"ts":1770055501400,"action":"IDE_DEACTIVATED"}
{"ts":1770055511051,"action":"IDE_ACTIVATED"}
{"ts":1770055517498,"action":"FILE_CLOSED","file":"/templates/base.html","tags":{"FILE_LINE_OF_CODE":"87"}}
{"ts":1770055517498,"action":"FILE_OPENED","file":"/app.py","tags":{"FILE_LINE_OF_CODE":"107"}}
{"ts":1770055522557,"action":"IDE_DEACTIVATED"}
{"ts":1770055591514,"action":"IDE_ACTIVATED"}
{"ts":1770055601439,"action":"IDE_DEACTIVATED"}
{"ts":1770055616860,"action":"IDE_ACTIVATED"}
{"ts":1770055618692,"action":"IDE_DEACTIVATED"}
{"ts":1770055622349,"action":"IDE_ACTIVATED"}
{"ts":1770055651034,"action":"IDE_DEACTIVATED"}
{"ts":1770055653150,"action":"IDE_ACTIVATED"}
{"ts":1770055653699,"action":"IDE_DEACTIVATED"}
{"ts":1770055654894,"action":"IDE_ACTIVATED"}
{"ts":1770055667950,"action":"IDE_DEACTIVATED"}
{"ts":1770055670732,"action":"IDE_ACTIVATED"}
{"ts":1770055686562,"action":"IDE_DEACTIVATED"}
{"ts":1770055693038,"action":"IDE_ACTIVATED"}
{"ts":1770055694949,"action":"IDE_DEACTIVATED"}
{"ts":1770055697352,"action":"IDE_ACTIVATED"}
{"ts":1770055744801,"action":"IDE_DEACTIVATED"}
{"ts":1770055748245,"action":"IDE_ACTIVATED"}
{"ts":1770055782951,"action":"IDE_DEACTIVATED"}
{"ts":1770055787460,"action":"IDE_ACTIVATED"}
{"ts":1770055802244,"action":"IDE_DEACTIVATED"}
{"ts":1770055811853,"action":"IDE_ACTIVATED"}
{"ts":1770056008213,"action":"IDE_DEACTIVATED"}
{"ts":1770056010150,"action":"IDE_ACTIVATED"}
{"ts":1770056013074,"action":"IDE_DEACTIVATED"}
{"ts":1770056061584,"action":"IDE_ACTIVATED"}
{"ts":1770056103308,"action":"IDE_DEACTIVATED"}
{"ts":1770056111606,"action":"IDE_ACTIVATED"}
{"ts":1770056164348,"action":"IDE_DEACTIVATED"}
{"ts":1770056188540,"action":"IDE_ACTIVATED"}
{"ts":1770056369174,"action":"IDE_DEACTIVATED"}
{"ts":1770056475974,"action":"IDE_ACTIVATED"}
{"ts":1770056499435,"action":"IDE_DEACTIVATED"}
{"ts":1770056525215,"action":"IDE_ACTIVATED"}
{"ts":1770056687092,"action":"IDE_DEACTIVATED"}
{"ts":1770056696422,"action":"IDE_ACTIVATED"}
{"ts":1770056722597,"action":"IDE_DEACTIVATED"}
{"ts":1770056742826,"action":"IDE_ACTIVATED"}
{"ts":1770056743160,"action":"IDE_DEACTIVATED"}
{"ts":1770056751470,"action":"IDE_ACTIVATED"}
{"ts":1770056841652,"action":"IDE_DEACTIVATED"}
{"ts":1770056865757,"action":"IDE_ACTIVATED"}
{"ts":1770057808601,"action":"IDE_DEACTIVATED"}
{"ts":1770057811942,"action":"IDE_ACTIVATED"}
{"ts":1770057828126,"action":"IDE_DEACTIVATED"}
{"ts":1770057869921,"action":"IDE_ACTIVATED"}
{"ts":1770057940414,"action":"IDE_DEACTIVATED"}
{"ts":1770057960502,"action":"IDE_ACTIVATED"}
{"ts":1770058149541,"action":"IDE_DEACTIVATED"}
{"ts":1770058575423,"action":"IDE_ACTIVATED"}
{"ts":1770058591534,"action":"FILE_CLOSED","file":"/app.py","tags":{"FILE_LINE_OF_CODE":"107"}}
{"ts":1770058591534,"action":"FILE_OPENED","file":"/templates/sellers/create.html","tags":{"FILE_LINE_OF_CODE":"287"}}
{"ts":1770058664599,"action":"IDE_DEACTIVATED"}
{"ts":1770058673268,"action":"IDE_ACTIVATED"}
{"ts":1770058677850,"action":"IDE_DEACTIVATED"}
{"ts":1770058690855,"action":"IDE_ACTIVATED"}
{"ts":1770058693064,"action":"IDE_DEACTIVATED"}
{"ts":1770058722735,"action":"IDE_ACTIVATED"}
{"ts":1770058785011,"action":"IDE_DEACTIVATED"}
{"ts":1770058852504,"action":"IDE_ACTIVATED"}
{"ts":1770059103726,"action":"IDE_DEACTIVATED"}
{"ts":1770059164537,"action":"IDE_ACTIVATED"}
{"ts":1770059288852,"action":"FILE_CLOSED","file":"/templates/sellers/create.html","tags":{"FILE_LINE_OF_CODE":"287"}}
{"ts":1770059288852,"action":"FILE_OPENED","file":"/app.py","tags":{"FILE_LINE_OF_CODE":"107"}}
{"ts":1770059293003,"action":"IDE_DEACTIVATED"}
{"ts":1770059423811,"action":"IDE_ACTIVATED"}
{"ts":1770059428643,"action":"FILE_CLOSED","file":"/app.py","tags":{"FILE_LINE_OF_CODE":"107"}}
{"ts":1770059428643,"action":"FILE_OPENED","file":"/templates/sellers/create.html","tags":{"FILE_LINE_OF_CODE":"287"}}
{"ts":1770059444910,"action":"FILE_CLOSED","file":"/templates/sellers/create.html","tags":{"FILE_LINE_OF_CODE":"287"}}
{"ts":1770059444910,"action":"FILE_OPENED","file":"/templates/invoices/create.html","tags":{"FILE_LINE_OF_CODE":"981"}}
{"ts":1770059499417,"action":"IDE_DEACTIVATED"}
{"ts":1770059505223,"action":"IDE_ACTIVATED"}
{"ts":1770059543747,"action":"IDE_DEACTIVATED"}
{"ts":1770059549407,"action":"IDE_ACTIVATED"}
{"ts":1770059590319,"action":"IDE_DEACTIVATED"}
{"ts":1770059596464,"action":"IDE_ACTIVATED"}
{"ts":1770059643045,"action":"IDE_DEACTIVATED"}
{"ts":1770059646221,"action":"IDE_ACTIVATED"}
{"ts":1770059648970,"action":"IDE_DEACTIVATED"}
{"ts":1770059649886,"action":"IDE_ACTIVATED"}
{"ts":1770059690065,"action":"IDE_DEACTIVATED"}
{"ts":1770059714864,"action":"IDE_ACTIVATED"}
{"ts":1770059859515,"action":"IDE_DEACTIVATED"}
{"ts":1770059864845,"action":"IDE_ACTIVATED"}
{"ts":1770059902708,"action":"IDE_DEACTIVATED"}
{"ts":1770059904279,"action":"IDE_ACTIVATED"}
{"ts":1770059927157,"action":"IDE_DEACTIVATED"}
{"ts":1770059946150,"action":"IDE_ACTIVATED"}
{"ts":1770059979663,"action":"FILE_CLOSED","file":"/templates/invoices/create.html","tags":{"FILE_LINE_OF_CODE":"980"}}
{"ts":1770059979663,"action":"FILE_OPENED","file":"/templates/base.html","tags":{"FILE_LINE_OF_CODE":"87"}}
{"ts":1770060046958,"action":"IDE_DEACTIVATED"}
{"ts":1770060050142,"action":"IDE_ACTIVATED"}
{"ts":1770060097349,"action":"FILE_CLOSED","file":"/templates/base.html","tags":{"FILE_LINE_OF_CODE":"87"}}
{"ts":1770060097349,"action":"FILE_OPENED","file":"/templates/invoices/create.html","tags":{"FILE_LINE_OF_CODE":"980"}}
{"ts":1770060097773,"action":"IDE_DEACTIVATED"}
{"ts":1770060099288,"action":"IDE_ACTIVATED"}
{"ts":1770060116238,"action":"IDE_DEACTIVATED"}
{"ts":1770060118094,"action":"IDE_ACTIVATED"}
{"ts":1770060121259,"action":"IDE_DEACTIVATED"}
{"ts":1770060126719,"action":"IDE_ACTIVATED"}
{"ts":1770060130130,"action":"IDE_DEACTIVATED"}
{"ts":1770060139009,"action":"IDE_ACTIVATED"}
{"ts":1770060141461,"action":"IDE_DEACTIVATED"}
{"ts":1770060148052,"action":"IDE_ACTIVATED"}
{"ts":1770060201082,"action":"FILE_CLOSED","file":"/templates/invoices/create.html","tags":{"FILE_LINE_OF_CODE":"980"}}
{"ts":1770060201082,"action":"FILE_OPENED","file":"/static/js/ui.js","tags":{"FILE_LINE_OF_CODE":"302"}}
{"ts":1770060313394,"action":"FILE_CLOSED","file":"/static/js/ui.js","tags":{"FILE_LINE_OF_CODE":"302"}}
{"ts":1770060313394,"action":"FILE_OPENED","file":"/static/js/api.js","tags":{"FILE_LINE_OF_CODE":"175"}}
{"ts":1770060342980,"action":"FILE_CLOSED","file":"/static/js/api.js","tags":{"FILE_LINE_OF_CODE":"175"}}
{"ts":1770060342980,"action":"FILE_OPENED","file":"/static/js/utils.js","tags":{"FILE_LINE_OF_CODE":"175"}}
{"ts":1770060386416,"action":"FILE_CLOSED","file":"/static/js/utils.js","tags":{"FILE_LINE_OF_CODE":"175"}}
{"ts":1770060386416,"action":"FILE_OPENED","file":"/templates/base.html","tags":{"FILE_LINE_OF_CODE":"87"}}
{"ts":1770060410442,"action":"IDE_DEACTIVATED"}
{"ts":1770060413262,"action":"IDE_ACTIVATED"}
{"ts":1770060441298,"action":"IDE_DEACTIVATED"}
{"ts":1770060443573,"action":"IDE_ACTIVATED"}
{"ts":1770060479906,"action":"FILE_CLOSED","file":"/templates/base.html","tags":{"FILE_LINE_OF_CODE":"87"}}
{"ts":1770060479906,"action":"FILE_OPENED","file":"/static/css/output.css","tags":{"FILE_LINE_OF_CODE":"1"}}
{"ts":1770060486054,"action":"FILE_CLOSED","file":"/static/css/output.css","tags":{"FILE_LINE_OF_CODE":"1"}}
{"ts":1770060486054,"action":"FILE_OPENED","file":"/static/css/input.css","tags":{"FILE_LINE_OF_CODE":"312"}}
{"ts":1770060516990,"action":"FILE_CLOSED","file":"/static/css/input.css","tags":{"FILE_LINE_OF_CODE":"312"}}
{"ts":1770060516990,"action":"FILE_OPENED","file":"/scratches/style.css","tags":{"FILE_LINE_OF_CODE":"523"}}
{"ts":1770060560012,"action":"FILE_CLOSED","file":"/scratches/style.css","tags":{"FILE_LINE_OF_CODE":"523"}}
{"ts":1770060560012,"action":"FILE_OPENED","file":"/static/css/output.css","tags":{"FILE_LINE_OF_CODE":"1"}}
{"ts":1770060592319,"action":"IDE_DEACTIVATED"}
{"ts":1770060593335,"action":"IDE_ACTIVATED"}
{"ts":1770060596018,"action":"FILE_CLOSED","file":"/static/css/output.css","tags":{"FILE_LINE_OF_CODE":"1"}}
{"ts":1770060596018,"action":"FILE_OPENED","file":"/templates/invoices/create.html","tags":{"FILE_LINE_OF_CODE":"980"}}
{"ts":1770060648954,"action":"FILE_CLOSED","file":"/templates/invoices/create.html","tags":{"FILE_LINE_OF_CODE":"980"}}
{"ts":1770060648954,"action":"FILE_OPENED","file":"/templates/base.html","tags":{"FILE_LINE_OF_CODE":"87"}}
{"ts":1770060882867,"action":"IDE_DEACTIVATED"}
{"ts":1770060892813,"action":"IDE_ACTIVATED"}
{"ts":1770060900437,"action":"IDE_DEACTIVATED"}
{"ts":1770060902080,"action":"IDE_ACTIVATED"}
{"ts":1770060909882,"action":"IDE_DEACTIVATED"}
{"ts":1770060910972,"action":"IDE_ACTIVATED"}
{"ts":1770060925481,"action":"IDE_DEACTIVATED"}
{"ts":1770060927180,"action":"IDE_ACTIVATED"}
{"ts":1770060944612,"action":"IDE_DEACTIVATED"}
{"ts":1770060948160,"action":"IDE_ACTIVATED"}
{"ts":1770061013283,"action":"IDE_DEACTIVATED"}
{"ts":1770061067895,"action":"IDE_ACTIVATED"}
{"ts":1770061074102,"action":"FILE_CLOSED","file":"/templates/base.html","tags":{"FILE_LINE_OF_CODE":"71"}}
{"ts":1770061074102,"action":"FILE_OPENED","file":"/templates/invoices/edit.html","tags":{"FILE_LINE_OF_CODE":"1269"}}
{"ts":1770061076964,"action":"IDE_DEACTIVATED"}
{"ts":1770061078139,"action":"IDE_ACTIVATED"}
{"ts":1770061086207,"action":"IDE_DEACTIVATED"}
{"ts":1770061086801,"action":"IDE_ACTIVATED"}
{"ts":1770061131272,"action":"IDE_DEACTIVATED"}
{"ts":1770061152613,"action":"IDE_ACTIVATED"}
{"ts":1770061290547,"action":"IDE_DEACTIVATED"}
{"ts":1770061297993,"action":"IDE_ACTIVATED"}
{"ts":1770061300604,"action":"IDE_DEACTIVATED"}
{"ts":1770061310057,"action":"IDE_ACTIVATED"}
{"ts":1770061320333,"action":"IDE_DEACTIVATED"}
{"ts":1770061322760,"action":"IDE_ACTIVATED"}
{"ts":1770061333584,"action":"IDE_DEACTIVATED"}
{"ts":1770061334997,"action":"IDE_ACTIVATED"}
{"ts":1770061353375,"action":"IDE_DEACTIVATED"}
{"ts":1770061354434,"action":"IDE_ACTIVATED"}
{"ts":1770061376888,"action":"IDE_DEACTIVATED"}
{"ts":1770061446983,"action":"IDE_ACTIVATED"}
{"ts":1770061531864,"action":"IDE_DEACTIVATED"}
{"ts":1770061532046,"action":"IDE_ACTIVATED"}
{"ts":1770061532103,"action":"IDE_DEACTIVATED"}
{"ts":1770061536324,"action":"IDE_ACTIVATED"}
{"ts":1770061536576,"action":"IDE_DEACTIVATED"}
{"ts":1770061560459,"action":"IDE_ACTIVATED"}
{"ts":1770062047760,"action":"IDE_DEACTIVATED"}
{"ts":1770062056927,"action":"IDE_ACTIVATED"}
{"ts":1770062066470,"action":"IDE_DEACTIVATED"}
{"ts":1770062066473,"action":"IDE_ACTIVATED"}
{"ts":1770062074522,"action":"IDE_DEACTIVATED"}
{"ts":1770062093135,"action":"IDE_ACTIVATED"}
{"ts":1770062124494,"action":"IDE_DEACTIVATED"}
{"ts":1770062126347,"action":"IDE_ACTIVATED"}
{"ts":1770062465191,"action":"FILE_CLOSED","file":"/templates/invoices/edit.html","tags":{"FILE_LINE_OF_CODE":"1268"}}
{"ts":1770062721936,"action":"IDE_DEACTIVATED"}
{"ts":1770062722019,"action":"IDE_ACTIVATED"}
{"ts":1770063222308,"action":"IDE_DEACTIVATED"}
{"ts":1770063224188,"action":"IDE_ACTIVATED"}
{"ts":1770063257071,"action":"IDE_DEACTIVATED"}
{"ts":1770063263681,"action":"IDE_ACTIVATED"}
{"ts":1770063268409,"action":"IDE_DEACTIVATED"}
{"ts":1770063276840,"action":"IDE_ACTIVATED"}
{"ts":1770063281473,"action":"IDE_DEACTIVATED"}
{"ts":1770063449997,"action":"IDE_ACTIVATED"}
{"ts":1770063479275,"action":"IDE_DEACTIVATED"}
{"ts":1770063525018,"action":"IDE_ACTIVATED"}
{"ts":1770063525769,"action":"IDE_DEACTIVATED"}
{"ts":1770063526964,"action":"IDE_ACTIVATED"}
{"ts":1770063632824,"action":"IDE_DEACTIVATED"}
{"ts":1770063967042,"action":"IDE_ACTIVATED"}
{"ts":1770064038320,"action":"IDE_DEACTIVATED"}
{"ts":1770064117604,"action":"IDE_ACTIVATED"}
{"ts":1770064126425,"action":"IDE_DEACTIVATED"}
{"ts":1770064289601,"action":"IDE_ACTIVATED"}
{"ts":1770064321955,"action":"IDE_DEACTIVATED"}
{"ts":1770064564555,"action":"IDE_ACTIVATED"}
{"ts":1770064575196,"action":"IDE_DEACTIVATED"}
{"ts":1770064614111,"action":"IDE_ACTIVATED"}
{"ts":1770064645150,"action":"FILE_OPENED","file":"/templates/invoices/upload.html","tags":{"FILE_LINE_OF_CODE":"258"}}
{"ts":1770064788774,"action":"FILE_CLOSED","file":"/templates/invoices/upload.html","tags":{"FILE_LINE_OF_CODE":"258"}}
{"ts":1770064788774,"action":"FILE_OPENED","file":"/static/js/invoices/upload.js","tags":{"FILE_LINE_OF_CODE":"1499"}}
{"ts":1770064949156,"action":"FILE_CLOSED","file":"/static/js/invoices/upload.js","tags":{"FILE_LINE_OF_CODE":"1499"}}
{"ts":1770064949156,"action":"FILE_OPENED","file":"/routes/upload_routes.py","tags":{"FILE_LINE_OF_CODE":"541"}}
{"ts":1770064955179,"action":"IDE_DEACTIVATED"}
{"ts":1770065211308,"action":"IDE_ACTIVATED"}
{"ts":1770065296084,"action":"FILE_CLOSED","file":"/routes/upload_routes.py","tags":{"FILE_LINE_OF_CODE":"541"}}
{"ts":1770065296084,"action":"FILE_OPENED","file":"/routes/api_routes.py","tags":{"FILE_LINE_OF_CODE":"1834"}}
{"ts":1770065311223,"action":"FILE_CLOSED","file":"/routes/api_routes.py","tags":{"FILE_LINE_OF_CODE":"1834"}}
{"ts":1770065311223,"action":"FILE_OPENED","file":"/routes/main_routes.py","tags":{"FILE_LINE_OF_CODE":"79"}}
{"ts":1770065384249,"action":"FILE_CLOSED","file":"/routes/main_routes.py","tags":{"FILE_LINE_OF_CODE":"79"}}
{"ts":1770065384249,"action":"FILE_OPENED","file":"/routes/__init__.py","tags":{"FILE_LINE_OF_CODE":"2"}}
{"ts":1770065396741,"action":"FILE_CLOSED","file":"/routes/__init__.py","tags":{"FILE_LINE_OF_CODE":"2"}}
{"ts":1770065396741,"action":"FILE_OPENED","file":"/routes/main_routes.py","tags":{"FILE_LINE_OF_CODE":"79"}}
{"ts":1770065419579,"action":"FILE_CLOSED","file":"/routes/main_routes.py","tags":{"FILE_LINE_OF_CODE":"79"}}
{"ts":1770065419579,"action":"FILE_OPENED","file":"/routes/upload_routes.py","tags":{"FILE_LINE_OF_CODE":"541"}}
{"ts":1770065519391,"action":"IDE_DEACTIVATED"}
{"ts":1770065524810,"action":"IDE_ACTIVATED"}
{"ts":1770065528564,"action":"IDE_DEACTIVATED"}
{"ts":1770065539318,"action":"IDE_ACTIVATED"}
{"ts":1770065711698,"action":"FILE_CLOSED","file":"/routes/upload_routes.py","tags":{"FILE_LINE_OF_CODE":"541"}}
{"ts":1770065711698,"action":"FILE_OPENED","file":"/repositories/upload_staging_repository.py","tags":{"FILE_LINE_OF_CODE":"179"}}
{"ts":1770065725407,"action":"FILE_CLOSED","file":"/repositories/upload_staging_repository.py","tags":{"FILE_LINE_OF_CODE":"179"}}
{"ts":1770065725407,"action":"FILE_OPENED","file":"/routes/main_routes.py","tags":{"FILE_LINE_OF_CODE":"79"}}
{"ts":1770065729297,"action":"FILE_CLOSED","file":"/routes/main_routes.py","tags":{"FILE_LINE_OF_CODE":"79"}}
{"ts":1770065729297,"action":"FILE_OPENED","file":"/routes/api_routes.py","tags":{"FILE_LINE_OF_CODE":"1834"}}
{"ts":1770065739574,"action":"FILE_CLOSED","file":"/routes/api_routes.py","tags":{"FILE_LINE_OF_CODE":"1834"}}
{"ts":1770065739575,"action":"FILE_OPENED","file":"/routes/upload_routes.py","tags":{"FILE_LINE_OF_CODE":"541"}}
{"ts":1770065787119,"action":"IDE_DEACTIVATED"}
{"ts":1770065801286,"action":"IDE_ACTIVATED"}
{"ts":1770066236413,"action":"IDE_DEACTIVATED"}
{"ts":1770066301140,"action":"IDE_ACTIVATED"}
{"ts":1770066358376,"action":"IDE_DEACTIVATED"}
{"ts":1770066394599,"action":"IDE_ACTIVATED"}
{"ts":1770066462088,"action":"IDE_DEACTIVATED"}
{"ts":1770066641902,"action":"IDE_ACTIVATED"}
{"ts":1770066671062,"action":"IDE_DEACTIVATED"}
{"ts":1770066678400,"action":"IDE_ACTIVATED"}
{"ts":1770066686542,"action":"IDE_DEACTIVATED"}
{"ts":1770066698608,"action":"IDE_ACTIVATED"}
{"ts":1770066703690,"action":"IDE_DEACTIVATED"}
{"ts":1770066708180,"action":"IDE_ACTIVATED"}
{"ts":1770066710883,"action":"IDE_DEACTIVATED"}
{"ts":1770066720381,"action":"IDE_ACTIVATED"}
{"ts":1770066731702,"action":"IDE_DEACTIVATED"}
{"ts":1770066802783,"action":"IDE_ACTIVATED"}
{"ts":1770066972484,"action":"FILE_CLOSED","file":"/routes/upload_routes.py","tags":{"FILE_LINE_OF_CODE":"541"}}
{"ts":1770066972484,"action":"FILE_OPENED","file":"/services/email_service.py","tags":{"FILE_LINE_OF_CODE":"451"}}
{"ts":1770067270027,"action":"FILE_CLOSED","file":"/services/email_service.py","tags":{"FILE_LINE_OF_CODE":"451"}}
{"ts":1770067270027,"action":"FILE_OPENED","file":"/routes/upload_routes.py","tags":{"FILE_LINE_OF_CODE":"541"}}
{"ts":1770067433689,"action":"FILE_CLOSED","file":"/routes/upload_routes.py","tags":{"FILE_LINE_OF_CODE":"541"}}
{"ts":1770067433689,"action":"FILE_OPENED","file":"/repositories/upload_staging_repository.py","tags":{"FILE_LINE_OF_CODE":"179"}}
{"ts":1770067474600,"action":"FILE_CLOSED","file":"/repositories/upload_staging_repository.py","tags":{"FILE_LINE_OF_CODE":"179"}}
{"ts":1770067474600,"action":"FILE_OPENED","file":"/routes/upload_routes.py","tags":{"FILE_LINE_OF_CODE":"541"}}
{"ts":1770067503851,"action":"FILE_CLOSED","file":"/routes/upload_routes.py","tags":{"FILE_LINE_OF_CODE":"541"}}
{"ts":1770067503851,"action":"FILE_OPENED","file":"/repositories/upload_staging_repository.py","tags":{"FILE_LINE_OF_CODE":"179"}}
{"ts":1770067516223,"action":"FILE_CLOSED","file":"/repositories/upload_staging_repository.py","tags":{"FILE_LINE_OF_CODE":"179"}}
{"ts":1770067516223,"action":"FILE_OPENED","file":"/routes/upload_routes.py","tags":{"FILE_LINE_OF_CODE":"541"}}
{"ts":1770067646030,"action":"IDE_DEACTIVATED"}
{"ts":1770067649039,"action":"IDE_ACTIVATED"}
{"ts":1770068224986,"action":"PROJECT_CLOSED","tags":{"PROJECT_NAME":"faktura_scanner_flask"}}
{"ts":1770068248917,"action":"FILE_OPENED","file":"/routes/upload_routes.py","tags":{"FILE_LINE_OF_CODE":"541"}}
{"ts":1770068251105,"action":"PROJECT_OPENED","tags":{"PROJECT_NAME":"faktura_scanner_flask"}}
{"ts":1770068259555,"action":"FILE_CLOSED","file":"/routes/upload_routes.py","tags":{"FILE_LINE_OF_CODE":"541"}}
{"ts":1770068281835,"action":"FILE_OPENED","file":"/services/email_service.py","tags":{"FILE_LINE_OF_CODE":"451"}}
{"ts":1770068376388,"action":"IDE_DEACTIVATED"}
{"ts":1770068488105,"action":"IDE_ACTIVATED"}
{"ts":1770068501706,"action":"IDE_DEACTIVATED"}
{"ts":1770068629243,"action":"IDE_ACTIVATED"}
{"ts":1770068629998,"action":"IDE_DEACTIVATED"}
{"ts":1770069585887,"action":"IDE_ACTIVATED"}
{"ts":1770069933784,"action":"IDE_DEACTIVATED"}
{"ts":1770069947442,"action":"IDE_ACTIVATED"}
{"ts":1770069982837,"action":"IDE_DEACTIVATED"}
{"ts":1770070349247,"action":"IDE_ACTIVATED"}
{"ts":1770070421140,"action":"IDE_DEACTIVATED"}
{"ts":1770070435213,"action":"IDE_ACTIVATED"}
{"ts":1770070880909,"action":"IDE_DEACTIVATED"}
{"ts":1770070888685,"action":"IDE_ACTIVATED"}
{"ts":1770071023694,"action":"IDE_DEACTIVATED"}
{"ts":1770071032369,"action":"IDE_ACTIVATED"}
{"ts":1770071355020,"action":"IDE_DEACTIVATED"}
{"ts":1770071384172,"action":"IDE_ACTIVATED"}
{"ts":1770071590689,"action":"FILE_CLOSED","file":"/services/email_service.py","tags":{"FILE_LINE_OF_CODE":"451"}}
{"ts":1770071590689,"action":"FILE_OPENED","file":"/repositories/upload_staging_repository.py","tags":{"FILE_LINE_OF_CODE":"179"}}
{"ts":1770071592959,"action":"FILE_CLOSED","file":"/repositories/upload_staging_repository.py","tags":{"FILE_LINE_OF_CODE":"179"}}
{"ts":1770071592959,"action":"FILE_OPENED","file":"/routes/__init__.py","tags":{"FILE_LINE_OF_CODE":"2"}}
{"ts":1770071598719,"action":"FILE_CLOSED","file":"/routes/__init__.py","tags":{"FILE_LINE_OF_CODE":"2"}}
{"ts":1770072348557,"action":"IDE_DEACTIVATED"}
{"ts":1770072362436,"action":"IDE_ACTIVATED"}
{"ts":1770072898059,"action":"IDE_DEACTIVATED"}
{"ts":1770072945818,"action":"IDE_ACTIVATED"}
{"ts":1770072980185,"action":"IDE_DEACTIVATED"}
{"ts":1770073788038,"action":"IDE_ACTIVATED"}
{"ts":1770073871936,"action":"IDE_DEACTIVATED"}
{"ts":1770073877671,"action":"IDE_ACTIVATED"}
{"ts":1770074046825,"action":"IDE_DEACTIVATED"}
{"ts":1770074056093,"action":"IDE_ACTIVATED"}
{"ts":1770074109065,"action":"IDE_DEACTIVATED"}
{"ts":1770074132230,"action":"IDE_ACTIVATED"}
{"ts":1770074297415,"action":"IDE_DEACTIVATED"}
{"ts":1770074304059,"action":"IDE_ACTIVATED"}
{"ts":1770074306929,"action":"IDE_DEACTIVATED"}
{"ts":1770074452641,"action":"IDE_ACTIVATED"}
{"ts":1770074514544,"action":"IDE_DEACTIVATED"}
{"ts":1770074522145,"action":"IDE_ACTIVATED"}
{"ts":1770074525146,"action":"IDE_DEACTIVATED"}
{"ts":1770074536782,"action":"IDE_ACTIVATED"}
{"ts":1770074663066,"action":"IDE_DEACTIVATED"}
{"ts":1770074664689,"action":"IDE_ACTIVATED"}
{"ts":1770074667264,"action":"IDE_DEACTIVATED"}
{"ts":1770074716965,"action":"IDE_ACTIVATED"}
{"ts":1770074743969,"action":"IDE_DEACTIVATED"}
{"ts":1770074749633,"action":"IDE_ACTIVATED"}
{"ts":1770074809889,"action":"IDE_DEACTIVATED"}
{"ts":1770074846289,"action":"IDE_ACTIVATED"}
{"ts":1770074847607,"action":"IDE_DEACTIVATED"}
{"ts":1770074861254,"action":"IDE_ACTIVATED"}
{"ts":1770074871175,"action":"IDE_DEACTIVATED"}
{"ts":1770074871267,"action":"IDE_ACTIVATED"}
{"ts":1770074871278,"action":"IDE_DEACTIVATED"}
{"ts":1770074878004,"action":"IDE_ACTIVATED"}
{"ts":1770074886038,"action":"IDE_DEACTIVATED"}
{"ts":1770074897042,"action":"IDE_ACTIVATED"}
{"ts":1770074907174,"action":"IDE_DEACTIVATED"}
{"ts":1770075422051,"action":"IDE_ACTIVATED"}
{"ts":1770075675855,"action":"IDE_DEACTIVATED"}
{"ts":1770075706344,"action":"IDE_ACTIVATED"}
{"ts":1770075715171,"action":"IDE_DEACTIVATED"}
{"ts":1770075723780,"action":"IDE_ACTIVATED"}
{"ts":1770075730093,"action":"IDE_DEACTIVATED"}
{"ts":1770076237112,"action":"IDE_ACTIVATED"}
{"ts":1770076366581,"action":"IDE_DEACTIVATED"}
{"ts":1770076718446,"action":"IDE_ACTIVATED"}
{"ts":1770076723257,"action":"FILE_OPENED","file":"/templates/invoices/upload.html","tags":{"FILE_LINE_OF_CODE":"260"}}
{"ts":1770076890772,"action":"IDE_DEACTIVATED"}
{"ts":1770076996819,"action":"IDE_ACTIVATED"}
{"ts":1770077029443,"action":"IDE_DEACTIVATED"}
{"ts":1770077209408,"action":"IDE_ACTIVATED"}
{"ts":1770077210989,"action":"IDE_DEACTIVATED"}
{"ts":1770077241664,"action":"IDE_ACTIVATED"}
{"ts":1770077281703,"action":"IDE_DEACTIVATED"}
{"ts":1770077293540,"action":"IDE_ACTIVATED"}
{"ts":1770077413315,"action":"IDE_DEACTIVATED"}
{"ts":1770077423647,"action":"IDE_ACTIVATED"}
{"ts":1770077438370,"action":"IDE_DEACTIVATED"}
{"ts":1770077636731,"action":"IDE_ACTIVATED"}
{"ts":1770077637453,"action":"IDE_DEACTIVATED"}
{"ts":1770077697958,"action":"IDE_ACTIVATED"}
{"ts":1770077772467,"action":"IDE_DEACTIVATED"}
{"ts":1770077837005,"action":"IDE_ACTIVATED"}
{"ts":1770077842749,"action":"IDE_DEACTIVATED"}
{"ts":1770077903260,"action":"IDE_ACTIVATED"}
{"ts":1770077906559,"action":"IDE_DEACTIVATED"}
{"ts":1770077937155,"action":"IDE_ACTIVATED"}
{"ts":1770077985773,"action":"IDE_DEACTIVATED"}
{"ts":1770078036585,"action":"IDE_ACTIVATED"}
{"ts":1770078038962,"action":"IDE_DEACTIVATED"}
{"ts":1770078047460,"action":"IDE_ACTIVATED"}
{"ts":1770078071973,"action":"IDE_DEACTIVATED"}
{"ts":1770078122341,"action":"IDE_ACTIVATED"}
{"ts":1770078172635,"action":"IDE_DEACTIVATED"}
{"ts":1770078195070,"action":"IDE_ACTIVATED"}
{"ts":1770078228412,"action":"IDE_DEACTIVATED"}
{"ts":1770078233221,"action":"IDE_ACTIVATED"}
{"ts":1770078299001,"action":"IDE_DEACTIVATED"}
{"ts":1770078406884,"action":"IDE_ACTIVATED"}
{"ts":1770078446800,"action":"IDE_DEACTIVATED"}
{"ts":1770078466724,"action":"IDE_ACTIVATED"}
{"ts":1770078470839,"action":"IDE_DEACTIVATED"}
{"ts":1770078521214,"action":"IDE_ACTIVATED"}
{"ts":1770078724072,"action":"IDE_DEACTIVATED"}
{"ts":1770078754131,"action":"IDE_ACTIVATED"}
{"ts":1770078762407,"action":"IDE_DEACTIVATED"}
{"ts":1770078763216,"action":"IDE_ACTIVATED"}
{"ts":1770078959313,"action":"IDE_DEACTIVATED"}
{"ts":1770079054463,"action":"IDE_ACTIVATED"}
{"ts":1770079209864,"action":"IDE_DEACTIVATED"}
{"ts":1770079216854,"action":"IDE_ACTIVATED"}
{"ts":1770079371340,"action":"IDE_DEACTIVATED"}
{"ts":1770079434822,"action":"IDE_ACTIVATED"}
{"ts":1770079574299,"action":"IDE_DEACTIVATED"}
{"ts":1770079584390,"action":"IDE_ACTIVATED"}
{"ts":1770079792815,"action":"IDE_DEACTIVATED"}
{"ts":1770079814498,"action":"IDE_ACTIVATED"}
{"ts":1770079845002,"action":"IDE_DEACTIVATED"}
{"ts":1770079879902,"action":"IDE_ACTIVATED"}
{"ts":1770079953028,"action":"IDE_DEACTIVATED"}
{"ts":1770079953112,"action":"IDE_ACTIVATED"}
{"ts":1770678969260,"action":"IDE_DEACTIVATED"}
{"ts":1770678970732,"action":"IDE_ACTIVATED"}
{"ts":1770678976465,"action":"IDE_DEACTIVATED"}
{"ts":1770678976691,"action":"IDE_ACTIVATED"}
{"ts":1770678978614,"action":"IDE_DEACTIVATED"}
{"ts":1770678978791,"action":"IDE_ACTIVATED"}
{"ts":1770678987422,"action":"IDE_DEACTIVATED"}
{"ts":1770678988216,"action":"IDE_ACTIVATED"}
{"ts":1770678988847,"action":"IDE_DEACTIVATED"}
{"ts":1770678988978,"action":"IDE_ACTIVATED"}
{"ts":1770678998854,"action":"IDE_DEACTIVATED"}
{"ts":1770679007985,"action":"IDE_ACTIVATED"}
{"ts":1770679025509,"action":"IDE_DEACTIVATED"}
{"ts":1770679026942,"action":"IDE_ACTIVATED"}
{"ts":1770679090531,"action":"IDE_DEACTIVATED"}
{"ts":1770679091663,"action":"IDE_ACTIVATED"}
{"ts":1770679104057,"action":"IDE_DEACTIVATED"}
{"ts":1770679104411,"action":"IDE_ACTIVATED"}
{"ts":1770679120375,"action":"IDE_DEACTIVATED"}
{"ts":1770679120640,"action":"IDE_ACTIVATED"}
{"ts":1770679148229,"action":"IDE_DEACTIVATED"}
{"ts":1770679149121,"action":"IDE_ACTIVATED"}
{"ts":1770679200286,"action":"IDE_DEACTIVATED"}
{"ts":1770679200371,"action":"IDE_ACTIVATED"}
{"ts":1770679229922,"action":"IDE_DEACTIVATED"}
{"ts":1770679275998,"action":"IDE_ACTIVATED"}
{"ts":1770679319860,"action":"IDE_DEACTIVATED"}
{"ts":1770679327871,"action":"IDE_ACTIVATED"}
{"ts":1770679367980,"action":"IDE_DEACTIVATED"}
{"ts":1770679370754,"action":"IDE_ACTIVATED"}
{"ts":1770679376969,"action":"IDE_DEACTIVATED"}
{"ts":1770679378892,"action":"IDE_ACTIVATED"}
{"ts":1770679384493,"action":"IDE_DEACTIVATED"}
{"ts":1770679384588,"action":"IDE_ACTIVATED"}
{"ts":1770679395329,"action":"IDE_DEACTIVATED"}
{"ts":1770679399368,"action":"IDE_ACTIVATED"}
{"ts":1770679400247,"action":"IDE_DEACTIVATED"}
{"ts":1770679401309,"action":"IDE_ACTIVATED"}
{"ts":1770679404073,"action":"IDE_DEACTIVATED"}
{"ts":1770679404983,"action":"IDE_ACTIVATED"}
{"ts":1770679410223,"action":"IDE_DEACTIVATED"}
{"ts":1770679420989,"action":"IDE_ACTIVATED"}
{"ts":1770679443893,"action":"IDE_DEACTIVATED"}
{"ts":1770679461541,"action":"IDE_ACTIVATED"}
{"ts":1770679481379,"action":"IDE_DEACTIVATED"}
{"ts":1770679493412,"action":"IDE_ACTIVATED"}
{"ts":1770679493837,"action":"IDE_DEACTIVATED"}
{"ts":1770679501250,"action":"IDE_ACTIVATED"}
{"ts":1770679548826,"action":"IDE_DEACTIVATED"}
{"ts":1770679554418,"action":"IDE_ACTIVATED"}
{"ts":1770679568708,"action":"IDE_DEACTIVATED"}
{"ts":1770679569880,"action":"IDE_ACTIVATED"}
{"ts":1770679576036,"action":"IDE_DEACTIVATED"}
{"ts":1770679581905,"action":"IDE_ACTIVATED"}
{"ts":1770679584457,"action":"IDE_DEACTIVATED"}
{"ts":1770679585970,"action":"IDE_ACTIVATED"}
{"ts":1770679590747,"action":"IDE_DEACTIVATED"}
{"ts":1770679590822,"action":"IDE_ACTIVATED"}
{"ts":1770679601820,"action":"IDE_DEACTIVATED"}
{"ts":1770679601959,"action":"IDE_ACTIVATED"}
{"ts":1770679611509,"action":"IDE_DEACTIVATED"}
{"ts":1770679623939,"action":"IDE_ACTIVATED"}
{"ts":1770679777777,"action":"IDE_DEACTIVATED"}
{"ts":1770679786190,"action":"IDE_ACTIVATED"}
{"ts":1770679831130,"action":"IDE_DEACTIVATED"}
{"ts":1770679846867,"action":"IDE_ACTIVATED"}
{"ts":1770679967171,"action":"IDE_DEACTIVATED"}
{"ts":1770680008252,"action":"IDE_ACTIVATED"}
{"ts":1770680008622,"action":"IDE_DEACTIVATED"}
{"ts":1770680021613,"action":"IDE_ACTIVATED"}
{"ts":1770680272219,"action":"IDE_DEACTIVATED"}
{"ts":1770680273897,"action":"IDE_ACTIVATED"}
{"ts":1770680297629,"action":"IDE_DEACTIVATED"}
{"ts":1770680298833,"action":"IDE_ACTIVATED"}
{"ts":1770680330577,"action":"IDE_DEACTIVATED"}
{"ts":1770680332089,"action":"IDE_ACTIVATED"}
{"ts":1770680436026,"action":"IDE_DEACTIVATED"}
{"ts":1770680437448,"action":"IDE_ACTIVATED"}
{"ts":1770680439617,"action":"IDE_DEACTIVATED"}
{"ts":1770680439870,"action":"IDE_ACTIVATED"}
{"ts":1770680447153,"action":"IDE_DEACTIVATED"}
{"ts":1770680447274,"action":"IDE_ACTIVATED"}
{"ts":1770680468444,"action":"IDE_DEACTIVATED"}
{"ts":1770680468558,"action":"IDE_ACTIVATED"}
{"ts":1770680471828,"action":"IDE_DEACTIVATED"}
{"ts":1770680471958,"action":"IDE_ACTIVATED"}
{"ts":1770680484262,"action":"IDE_DEACTIVATED"}
{"ts":1770680484600,"action":"IDE_ACTIVATED"}
{"ts":1770680486326,"action":"IDE_DEACTIVATED"}
{"ts":1770680486442,"action":"IDE_ACTIVATED"}
{"ts":1770680492656,"action":"IDE_DEACTIVATED"}
{"ts":1770680493503,"action":"IDE_ACTIVATED"}
{"ts":1770680495138,"action":"IDE_DEACTIVATED"}
{"ts":1770680495264,"action":"IDE_ACTIVATED"}
{"ts":1770680503962,"action":"IDE_DEACTIVATED"}
{"ts":1770680504115,"action":"IDE_ACTIVATED"}
{"ts":1770680505631,"action":"IDE_DEACTIVATED"}
{"ts":1770680505772,"action":"IDE_ACTIVATED"}
{"ts":1770680514342,"action":"IDE_DEACTIVATED"}
{"ts":1770680519355,"action":"IDE_ACTIVATED"}
{"ts":1770680533941,"action":"IDE_DEACTIVATED"}
{"ts":1770680534928,"action":"IDE_ACTIVATED"}
{"ts":1770680535419,"action":"IDE_DEACTIVATED"}
{"ts":1770680535576,"action":"IDE_ACTIVATED"}
{"ts":1770680713553,"action":"IDE_DEACTIVATED"}
{"ts":1770680725765,"action":"IDE_ACTIVATED"}
{"ts":1770680740800,"action":"IDE_DEACTIVATED"}
{"ts":1770680748675,"action":"IDE_ACTIVATED"}
{"ts":1770680831849,"action":"IDE_DEACTIVATED"}
{"ts":1770680840531,"action":"IDE_ACTIVATED"}
{"ts":1770680844420,"action":"IDE_DEACTIVATED"}
{"ts":1770680845695,"action":"IDE_ACTIVATED"}
{"ts":1770680868833,"action":"IDE_DEACTIVATED"}
{"ts":1770680871650,"action":"IDE_ACTIVATED"}
{"ts":1770680945244,"action":"IDE_DEACTIVATED"}
{"ts":1770680951362,"action":"IDE_ACTIVATED"}
{"ts":1770680963870,"action":"IDE_DEACTIVATED"}
{"ts":1770680965106,"action":"IDE_ACTIVATED"}
{"ts":1770680982777,"action":"IDE_DEACTIVATED"}
{"ts":1770680985658,"action":"IDE_ACTIVATED"}
{"ts":1770681744066,"action":"IDE_DEACTIVATED"}
{"ts":1770681747840,"action":"IDE_ACTIVATED"}
{"ts":1770681827998,"action":"IDE_DEACTIVATED"}
{"ts":1770681992819,"action":"IDE_ACTIVATED"}
{"ts":1770682002363,"action":"IDE_DEACTIVATED"}
{"ts":1770682007020,"action":"IDE_ACTIVATED"}
{"ts":1770682074262,"action":"IDE_DEACTIVATED"}
{"ts":1770682075440,"action":"IDE_ACTIVATED"}
{"ts":1770682093681,"action":"IDE_DEACTIVATED"}
{"ts":1770682097811,"action":"IDE_ACTIVATED"}
{"ts":1770682102810,"action":"IDE_DEACTIVATED"}
{"ts":1770682107259,"action":"IDE_ACTIVATED"}
{"ts":1770682307600,"action":"IDE_DEACTIVATED"}
{"ts":1770682307717,"action":"IDE_ACTIVATED"}
{"ts":1770682308455,"action":"IDE_DEACTIVATED"}
{"ts":1770682308514,"action":"IDE_ACTIVATED"}
{"ts":1770682318237,"action":"IDE_DEACTIVATED"}
{"ts":1770682318326,"action":"IDE_ACTIVATED"}
{"ts":1770682328463,"action":"IDE_DEACTIVATED"}
{"ts":1770682365833,"action":"IDE_ACTIVATED"}
{"ts":1770682388132,"action":"IDE_DEACTIVATED"}
{"ts":1770682388206,"action":"IDE_ACTIVATED"}
{"ts":1770682441531,"action":"IDE_DEACTIVATED"}
{"ts":1770682441711,"action":"IDE_ACTIVATED"}
{"ts":1770682442400,"action":"IDE_DEACTIVATED"}
{"ts":1770682455422,"action":"IDE_ACTIVATED"}
{"ts":1770682469322,"action":"IDE_DEACTIVATED"}
{"ts":1770682472458,"action":"IDE_ACTIVATED"}
{"ts":1770682480645,"action":"IDE_DEACTIVATED"}
{"ts":1770682480735,"action":"IDE_ACTIVATED"}
{"ts":1770682497606,"action":"IDE_DEACTIVATED"}
{"ts":1770682501933,"action":"IDE_ACTIVATED"}
{"ts":1770682506695,"action":"IDE_DEACTIVATED"}
{"ts":1770682789213,"action":"IDE_ACTIVATED"}
{"ts":1770682792711,"action":"IDE_DEACTIVATED"}
{"ts":1770682824552,"action":"IDE_ACTIVATED"}
{"ts":1770682952199,"action":"IDE_DEACTIVATED"}
{"ts":1770682959839,"action":"IDE_ACTIVATED"}
{"ts":1770682973627,"action":"IDE_DEACTIVATED"}
{"ts":1770682974502,"action":"IDE_ACTIVATED"}
{"ts":1770682995761,"action":"IDE_DEACTIVATED"}
{"ts":1770683003761,"action":"IDE_ACTIVATED"}
{"ts":1770683008452,"action":"IDE_DEACTIVATED"}
{"ts":1770683014384,"action":"IDE_ACTIVATED"}
{"ts":1770683031575,"action":"IDE_DEACTIVATED"}
{"ts":1770683040409,"action":"IDE_ACTIVATED"}
{"ts":1770683044227,"action":"IDE_DEACTIVATED"}
{"ts":1770683064742,"action":"IDE_ACTIVATED"}
{"ts":1770683066950,"action":"IDE_DEACTIVATED"}
{"ts":1770683070493,"action":"IDE_ACTIVATED"}
{"ts":1770683123652,"action":"IDE_DEACTIVATED"}
{"ts":1770683150866,"action":"IDE_ACTIVATED"}
{"ts":1770683162562,"action":"IDE_DEACTIVATED"}
{"ts":1770683166298,"action":"IDE_ACTIVATED"}
{"ts":1770683178410,"action":"IDE_DEACTIVATED"}
{"ts":1770683267004,"action":"IDE_ACTIVATED"}
{"ts":1770683280477,"action":"IDE_DEACTIVATED"}
{"ts":1770683387694,"action":"IDE_ACTIVATED"}
{"ts":1770683470775,"action":"IDE_DEACTIVATED"}
{"ts":1770683547036,"action":"IDE_ACTIVATED"}
{"ts":1770683561016,"action":"IDE_DEACTIVATED"}
{"ts":1770683579306,"action":"IDE_ACTIVATED"}
{"ts":1770683590924,"action":"IDE_DEACTIVATED"}
{"ts":1770683611967,"action":"IDE_ACTIVATED"}
{"ts":1770683641152,"action":"IDE_DEACTIVATED"}
{"ts":1770683648714,"action":"IDE_ACTIVATED"}
{"ts":1770683701712,"action":"IDE_DEACTIVATED"}
{"ts":1770683711796,"action":"IDE_ACTIVATED"}
{"ts":1770683753110,"action":"IDE_DEACTIVATED"}
{"ts":1770683755190,"action":"IDE_ACTIVATED"}
{"ts":1770683771270,"action":"IDE_DEACTIVATED"}
{"ts":1770683773830,"action":"IDE_ACTIVATED"}
{"ts":1770683797602,"action":"IDE_DEACTIVATED"}
{"ts":1770683857854,"action":"IDE_ACTIVATED"}
{"ts":1770683874007,"action":"IDE_DEACTIVATED"}
{"ts":1770683880125,"action":"IDE_ACTIVATED"}
{"ts":1770683889250,"action":"IDE_DEACTIVATED"}
{"ts":1770683891183,"action":"IDE_ACTIVATED"}
{"ts":1770683901220,"action":"IDE_DEACTIVATED"}
{"ts":1770683908556,"action":"IDE_ACTIVATED"}
{"ts":1770683912386,"action":"IDE_DEACTIVATED"}
{"ts":1770683913714,"action":"IDE_ACTIVATED"}
{"ts":1770683989615,"action":"IDE_DEACTIVATED"}
{"ts":1770683997575,"action":"IDE_ACTIVATED"}
{"ts":1770683998264,"action":"IDE_DEACTIVATED"}
{"ts":1770684004728,"action":"IDE_ACTIVATED"}
{"ts":1770684052615,"action":"IDE_DEACTIVATED"}
{"ts":1770684077518,"action":"IDE_ACTIVATED"}
{"ts":1770684088294,"action":"IDE_DEACTIVATED"}
{"ts":1770684089406,"action":"IDE_ACTIVATED"}
{"ts":1770684108238,"action":"IDE_DEACTIVATED"}
{"ts":1770684110695,"action":"IDE_ACTIVATED"}
{"ts":1770684115302,"action":"IDE_DEACTIVATED"}
{"ts":1770684115391,"action":"IDE_ACTIVATED"}
{"ts":1770684123859,"action":"IDE_DEACTIVATED"}
{"ts":1770684130147,"action":"IDE_ACTIVATED"}
{"ts":1770684148136,"action":"IDE_DEACTIVATED"}
{"ts":1770684148275,"action":"IDE_ACTIVATED"}
{"ts":1770684157843,"action":"IDE_DEACTIVATED"}
{"ts":1770684173596,"action":"IDE_ACTIVATED"}
{"ts":1770684203306,"action":"IDE_DEACTIVATED"}
{"ts":1770684211163,"action":"IDE_ACTIVATED"}
{"ts":1770684325475,"action":"IDE_DEACTIVATED"}
{"ts":1770684326686,"action":"IDE_ACTIVATED"}
{"ts":1770684568079,"action":"IDE_DEACTIVATED"}
{"ts":1770684577428,"action":"IDE_ACTIVATED"}
{"ts":1770684582242,"action":"IDE_DEACTIVATED"}
{"ts":1770684585559,"action":"IDE_ACTIVATED"}
{"ts":1770684587541,"action":"IDE_DEACTIVATED"}
{"ts":1770684591243,"action":"IDE_ACTIVATED"}
{"ts":1770684593142,"action":"IDE_DEACTIVATED"}
{"ts":1770684614978,"action":"IDE_ACTIVATED"}
{"ts":1770684621048,"action":"PROJECT_CLOSED","tags":{"PROJECT_NAME":"faktura_scanner_flask"}}
{"ts":1770762442414,"action":"IDE_ACTIVATED"}
{"ts":1770762443001,"action":"PROJECT_OPENED","tags":{"PROJECT_NAME":"faktura_scanner_flask"}}
{"ts":1770762781414,"action":"IDE_DEACTIVATED"}
{"ts":1770762930439,"action":"IDE_ACTIVATED"}
{"ts":1770762952207,"action":"IDE_DEACTIVATED"}
{"ts":1770763622036,"action":"IDE_ACTIVATED"}
{"ts":1770763630185,"action":"PROJECT_CLOSED","tags":{"PROJECT_NAME":"faktura_scanner_flask"}}
{"ts":1770805892945,"action":"PROJECT_OPENED","tags":{"PROJECT_NAME":"faktura_scanner_flask"}}
{"ts":1770805985662,"action":"IDE_DEACTIVATED"}
{"ts":1770806224773,"action":"IDE_ACTIVATED"}
{"ts":1770806226060,"action":"PROJECT_CLOSED","tags":{"PROJECT_NAME":"faktura_scanner_flask"}}
{"ts":1771182852836,"action":"PROJECT_OPENED","tags":{"PROJECT_NAME":"faktura_scanner_flask"}}
{"ts":1771182854690,"action":"IDE_DEACTIVATED"}
{"ts":1771182854759,"action":"IDE_ACTIVATED"}
{"ts":1771182856443,"action":"IDE_DEACTIVATED"}
{"ts":1771182860069,"action":"IDE_ACTIVATED"}
{"ts":1771182861787,"action":"IDE_DEACTIVATED"}
{"ts":1771182898476,"action":"IDE_ACTIVATED"}
{"ts":1771182906897,"action":"IDE_DEACTIVATED"}
{"ts":1771183099206,"action":"IDE_ACTIVATED"}
{"ts":1771183102598,"action":"IDE_DEACTIVATED"}
{"ts":1771183122486,"action":"IDE_ACTIVATED"}
{"ts":1771183141422,"action":"IDE_DEACTIVATED"}
{"ts":1771183577742,"action":"IDE_ACTIVATED"}
{"ts":1771183580393,"action":"IDE_DEACTIVATED"}
{"ts":1771183769069,"action":"IDE_ACTIVATED"}
{"ts":1771183771987,"action":"IDE_DEACTIVATED"}
{"ts":1771183942120,"action":"IDE_ACTIVATED"}
{"ts":1771183949876,"action":"IDE_DEACTIVATED"}
{"ts":1771183969038,"action":"IDE_ACTIVATED"}
{"ts":1771183972060,"action":"IDE_DEACTIVATED"}
{"ts":1771183972184,"action":"IDE_ACTIVATED"}
{"ts":1771184028415,"action":"IDE_DEACTIVATED"}
{"ts":1771184033395,"action":"IDE_ACTIVATED"}
{"ts":1771184034664,"action":"IDE_DEACTIVATED"}
{"ts":1771184040700,"action":"IDE_ACTIVATED"}
{"ts":1771184042294,"action":"IDE_DEACTIVATED"}
{"ts":1771184042400,"action":"IDE_ACTIVATED"}
{"ts":1771184044340,"action":"IDE_DEACTIVATED"}
{"ts":1771184044419,"action":"IDE_ACTIVATED"}
{"ts":1771184067494,"action":"IDE_DEACTIVATED"}
{"ts":1771184069171,"action":"IDE_ACTIVATED"}
{"ts":1771184081280,"action":"IDE_DEACTIVATED"}
{"ts":1771184082609,"action":"IDE_ACTIVATED"}
{"ts":1771184083710,"action":"IDE_DEACTIVATED"}
{"ts":1771184083796,"action":"IDE_ACTIVATED"}
{"ts":1771184088544,"action":"IDE_DEACTIVATED"}
{"ts":1771184088642,"action":"IDE_ACTIVATED"}
{"ts":1771184092286,"action":"IDE_DEACTIVATED"}
{"ts":1771184092362,"action":"IDE_ACTIVATED"}
{"ts":1771184093018,"action":"IDE_DEACTIVATED"}
{"ts":1771184093085,"action":"IDE_ACTIVATED"}
{"ts":1771184119764,"action":"IDE_DEACTIVATED"}
{"ts":1771184119921,"action":"IDE_ACTIVATED"}
{"ts":1771184135402,"action":"IDE_DEACTIVATED"}
{"ts":1771184161458,"action":"IDE_ACTIVATED"}
{"ts":1771184188428,"action":"IDE_DEACTIVATED"}
{"ts":1771184188542,"action":"IDE_ACTIVATED"}
{"ts":1771184192740,"action":"IDE_DEACTIVATED"}
{"ts":1771184198106,"action":"IDE_ACTIVATED"}
{"ts":1771184198142,"action":"IDE_DEACTIVATED"}
{"ts":1771184244415,"action":"IDE_ACTIVATED"}
{"ts":1771184253099,"action":"IDE_DEACTIVATED"}
{"ts":1771184254638,"action":"IDE_ACTIVATED"}
{"ts":1771184255213,"action":"IDE_DEACTIVATED"}
{"ts":1771184298055,"action":"IDE_ACTIVATED"}
{"ts":1771184299532,"action":"IDE_DEACTIVATED"}
{"ts":1771184357462,"action":"IDE_ACTIVATED"}
{"ts":1771184358107,"action":"IDE_DEACTIVATED"}
{"ts":1771184389356,"action":"IDE_ACTIVATED"}
{"ts":1771184399006,"action":"IDE_DEACTIVATED"}
{"ts":1771184399074,"action":"IDE_ACTIVATED"}
{"ts":1771184403030,"action":"IDE_DEACTIVATED"}
{"ts":1771184403116,"action":"IDE_ACTIVATED"}
{"ts":1771184410113,"action":"IDE_DEACTIVATED"}
{"ts":1771184614280,"action":"IDE_ACTIVATED"}
{"ts":1771184616282,"action":"IDE_DEACTIVATED"}
{"ts":1771184673505,"action":"IDE_ACTIVATED"}
{"ts":1771184676226,"action":"IDE_DEACTIVATED"}
{"ts":1771184676324,"action":"IDE_ACTIVATED"}
{"ts":1771184676868,"action":"IDE_DEACTIVATED"}
{"ts":1771184684459,"action":"IDE_ACTIVATED"}
{"ts":1771184685472,"action":"IDE_DEACTIVATED"}
{"ts":1771184686112,"action":"IDE_ACTIVATED"}
{"ts":1771184689560,"action":"IDE_DEACTIVATED"}
{"ts":1771184689641,"action":"IDE_ACTIVATED"}
{"ts":1771184690211,"action":"IDE_DEACTIVATED"}
{"ts":1771184697979,"action":"IDE_ACTIVATED"}
{"ts":1771184698975,"action":"IDE_DEACTIVATED"}
{"ts":1771184699374,"action":"IDE_ACTIVATED"}
{"ts":1771184701543,"action":"IDE_DEACTIVATED"}
{"ts":1771184701702,"action":"IDE_ACTIVATED"}
{"ts":1771184702296,"action":"IDE_DEACTIVATED"}
{"ts":1771184707698,"action":"IDE_ACTIVATED"}
{"ts":1771184708690,"action":"IDE_DEACTIVATED"}
{"ts":1771184708951,"action":"IDE_ACTIVATED"}
{"ts":1771184742792,"action":"IDE_DEACTIVATED"}
{"ts":1771184810476,"action":"IDE_ACTIVATED"}
{"ts":1771184816394,"action":"IDE_DEACTIVATED"}
{"ts":1771184821934,"action":"IDE_ACTIVATED"}
{"ts":1771184836097,"action":"IDE_DEACTIVATED"}
{"ts":1771184914450,"action":"IDE_ACTIVATED"}
{"ts":1771184928541,"action":"IDE_DEACTIVATED"}
{"ts":1771184955236,"action":"IDE_ACTIVATED"}
{"ts":1771184963880,"action":"IDE_DEACTIVATED"}
{"ts":1771184975863,"action":"IDE_ACTIVATED"}
{"ts":1771185009025,"action":"IDE_DEACTIVATED"}
{"ts":1771185016688,"action":"IDE_ACTIVATED"}
{"ts":1771185030153,"action":"IDE_DEACTIVATED"}
{"ts":1771185341513,"action":"IDE_ACTIVATED"}
{"ts":1771185345449,"action":"IDE_DEACTIVATED"}
{"ts":1771185350929,"action":"IDE_ACTIVATED"}
{"ts":1771185352384,"action":"IDE_DEACTIVATED"}
{"ts":1771185353499,"action":"IDE_ACTIVATED"}
{"ts":1771185354101,"action":"IDE_DEACTIVATED"}
{"ts":1771185377641,"action":"IDE_ACTIVATED"}
{"ts":1771185378705,"action":"IDE_DEACTIVATED"}
{"ts":1771185391578,"action":"IDE_ACTIVATED"}
{"ts":1771185392199,"action":"IDE_DEACTIVATED"}
{"ts":1771185508457,"action":"IDE_ACTIVATED"}
{"ts":1771185510291,"action":"IDE_DEACTIVATED"}
{"ts":1771185518437,"action":"IDE_ACTIVATED"}
{"ts":1771185521465,"action":"IDE_DEACTIVATED"}
{"ts":1771185587548,"action":"IDE_ACTIVATED"}
{"ts":1771185601004,"action":"IDE_DEACTIVATED"}
{"ts":1771185601146,"action":"IDE_ACTIVATED"}
{"ts":1771185618385,"action":"IDE_DEACTIVATED"}
{"ts":1771185618504,"action":"IDE_ACTIVATED"}
{"ts":1771185628999,"action":"IDE_DEACTIVATED"}
{"ts":1771185633322,"action":"IDE_ACTIVATED"}
{"ts":1771185636605,"action":"IDE_DEACTIVATED"}
{"ts":1771185696860,"action":"IDE_ACTIVATED"}
{"ts":1771185704620,"action":"IDE_DEACTIVATED"}
{"ts":1771185711655,"action":"IDE_ACTIVATED"}
{"ts":1771185721318,"action":"IDE_DEACTIVATED"}
{"ts":1771185722068,"action":"IDE_ACTIVATED"}
{"ts":1771185722755,"action":"IDE_DEACTIVATED"}
{"ts":1771185726397,"action":"IDE_ACTIVATED"}
{"ts":1771185727739,"action":"IDE_DEACTIVATED"}
{"ts":1771185822614,"action":"IDE_ACTIVATED"}
{"ts":1771185824669,"action":"IDE_DEACTIVATED"}
{"ts":1771185824747,"action":"IDE_ACTIVATED"}
{"ts":1771185839385,"action":"IDE_DEACTIVATED"}
{"ts":1771185839464,"action":"IDE_ACTIVATED"}
{"ts":1771185846475,"action":"IDE_DEACTIVATED"}
{"ts":1771185846571,"action":"IDE_ACTIVATED"}
{"ts":1771185847264,"action":"IDE_DEACTIVATED"}
{"ts":1771185870563,"action":"IDE_ACTIVATED"}
{"ts":1771185902711,"action":"IDE_DEACTIVATED"}
{"ts":1771185914253,"action":"IDE_ACTIVATED"}
{"ts":1771185936937,"action":"IDE_DEACTIVATED"}
{"ts":1771185939914,"action":"IDE_ACTIVATED"}
{"ts":1771185942909,"action":"IDE_DEACTIVATED"}
{"ts":1771185943908,"action":"IDE_ACTIVATED"}
{"ts":1771185958129,"action":"IDE_DEACTIVATED"}
{"ts":1771185959520,"action":"IDE_ACTIVATED"}
{"ts":1771185965378,"action":"IDE_DEACTIVATED"}
{"ts":1771185968518,"action":"IDE_ACTIVATED"}
{"ts":1771185983776,"action":"IDE_DEACTIVATED"}
{"ts":1771185990954,"action":"IDE_ACTIVATED"}
{"ts":1771186005464,"action":"IDE_DEACTIVATED"}
{"ts":1771186040629,"action":"IDE_ACTIVATED"}
{"ts":1771186057293,"action":"IDE_DEACTIVATED"}
{"ts":1771186057517,"action":"IDE_ACTIVATED"}
{"ts":1771186088859,"action":"IDE_DEACTIVATED"}
{"ts":1771186147064,"action":"IDE_ACTIVATED"}
{"ts":1771186155376,"action":"IDE_DEACTIVATED"}
{"ts":1771186162729,"action":"IDE_ACTIVATED"}
{"ts":1771186163165,"action":"PROJECT_CLOSED","tags":{"PROJECT_NAME":"faktura_scanner_flask"}}
{"ts":1771186215522,"action":"PROJECT_OPENED","tags":{"PROJECT_NAME":"faktura_scanner_flask"}}
{"ts":1771186226296,"action":"IDE_DEACTIVATED"}
{"ts":1771186228408,"action":"IDE_ACTIVATED"}
{"ts":1771186228787,"action":"IDE_DEACTIVATED"}
{"ts":1771186271689,"action":"IDE_ACTIVATED"}
{"ts":1771186291836,"action":"IDE_DEACTIVATED"}
{"ts":1771186291966,"action":"IDE_ACTIVATED"}
{"ts":1771186369425,"action":"IDE_DEACTIVATED"}
{"ts":1771186399170,"action":"IDE_ACTIVATED"}
{"ts":1771186413836,"action":"IDE_DEACTIVATED"}
{"ts":1771186413929,"action":"IDE_ACTIVATED"}
{"ts":1771186440451,"action":"IDE_DEACTIVATED"}
{"ts":1771186465610,"action":"IDE_ACTIVATED"}
{"ts":1771186469531,"action":"IDE_DEACTIVATED"}
{"ts":1771186470830,"action":"IDE_ACTIVATED"}
{"ts":1771186470961,"action":"IDE_DEACTIVATED"}
{"ts":1771186472040,"action":"IDE_ACTIVATED"}
{"ts":1771186472655,"action":"IDE_DEACTIVATED"}
{"ts":1771187484306,"action":"IDE_ACTIVATED"}
{"ts":1771187486766,"action":"IDE_DEACTIVATED"}
{"ts":1771187498475,"action":"IDE_ACTIVATED"}
{"ts":1771187500528,"action":"IDE_DEACTIVATED"}
{"ts":1771187506960,"action":"IDE_ACTIVATED"}
{"ts":1771187522051,"action":"IDE_DEACTIVATED"}
{"ts":1771187522185,"action":"IDE_ACTIVATED"}
{"ts":1771187535573,"action":"IDE_DEACTIVATED"}
{"ts":1771187536823,"action":"IDE_ACTIVATED"}
{"ts":1771187557366,"action":"IDE_DEACTIVATED"}
{"ts":1771187558426,"action":"IDE_ACTIVATED"}
{"ts":1771187560848,"action":"IDE_DEACTIVATED"}
{"ts":1771187560964,"action":"IDE_ACTIVATED"}
{"ts":1771187583756,"action":"IDE_DEACTIVATED"}
{"ts":1771187629255,"action":"IDE_ACTIVATED"}
{"ts":1771187633851,"action":"IDE_DEACTIVATED"}
{"ts":1771187651752,"action":"IDE_ACTIVATED"}
{"ts":1771187657866,"action":"IDE_DEACTIVATED"}
{"ts":1771187667986,"action":"IDE_ACTIVATED"}
{"ts":1771187681227,"action":"IDE_DEACTIVATED"}
{"ts":1771187681339,"action":"IDE_ACTIVATED"}
{"ts":1771187705840,"action":"IDE_DEACTIVATED"}
{"ts":1771187707250,"action":"IDE_ACTIVATED"}
{"ts":1771187885434,"action":"IDE_DEACTIVATED"}
{"ts":1771187885577,"action":"IDE_ACTIVATED"}
{"ts":1771187907269,"action":"IDE_DEACTIVATED"}
{"ts":1771187920515,"action":"IDE_ACTIVATED"}
{"ts":1771187921616,"action":"IDE_DEACTIVATED"}
{"ts":1771187931875,"action":"IDE_ACTIVATED"}
{"ts":1771187976572,"action":"IDE_DEACTIVATED"}
{"ts":1771187976669,"action":"IDE_ACTIVATED"}
{"ts":1771188028464,"action":"IDE_DEACTIVATED"}
{"ts":1771188028573,"action":"IDE_ACTIVATED"}
{"ts":1771188403920,"action":"IDE_DEACTIVATED"}
{"ts":1771188438590,"action":"IDE_ACTIVATED"}
{"ts":1771188440064,"action":"IDE_DEACTIVATED"}
{"ts":1771188441771,"action":"IDE_ACTIVATED"}
{"ts":1771188446377,"action":"IDE_DEACTIVATED"}
{"ts":1771188575762,"action":"IDE_ACTIVATED"}
{"ts":1771188578444,"action":"IDE_DEACTIVATED"}
{"ts":1771188578530,"action":"IDE_ACTIVATED"}
{"ts":1771188580563,"action":"IDE_DEACTIVATED"}
{"ts":1771188866125,"action":"IDE_ACTIVATED"}
{"ts":1771188868077,"action":"IDE_DEACTIVATED"}
{"ts":1771188947674,"action":"IDE_ACTIVATED"}
{"ts":1771189013721,"action":"IDE_DEACTIVATED"}
{"ts":1771189019690,"action":"IDE_ACTIVATED"}
{"ts":1771189020504,"action":"IDE_DEACTIVATED"}
{"ts":1771189026195,"action":"IDE_ACTIVATED"}
{"ts":1771189027085,"action":"IDE_DEACTIVATED"}
{"ts":1771189060113,"action":"IDE_ACTIVATED"}
{"ts":1771189071755,"action":"IDE_DEACTIVATED"}
{"ts":1771189072791,"action":"IDE_ACTIVATED"}
{"ts":1771189330551,"action":"IDE_DEACTIVATED"}
{"ts":1771189344954,"action":"IDE_ACTIVATED"}
{"ts":1771189369227,"action":"IDE_DEACTIVATED"}
{"ts":1771189455593,"action":"IDE_ACTIVATED"}
{"ts":1771189473895,"action":"IDE_DEACTIVATED"}
{"ts":1771189499796,"action":"IDE_ACTIVATED"}
{"ts":1771189693647,"action":"IDE_DEACTIVATED"}
{"ts":1771189721423,"action":"IDE_ACTIVATED"}
{"ts":1771189756474,"action":"IDE_DEACTIVATED"}
{"ts":1771190109631,"action":"IDE_ACTIVATED"}
{"ts":1771190111204,"action":"IDE_DEACTIVATED"}
{"ts":1771190142028,"action":"IDE_ACTIVATED"}
{"ts":1771190181150,"action":"IDE_DEACTIVATED"}
{"ts":1771190190333,"action":"IDE_ACTIVATED"}
{"ts":1771190305998,"action":"IDE_DEACTIVATED"}
{"ts":1771190893850,"action":"IDE_ACTIVATED"}
{"ts":1771190895864,"action":"IDE_DEACTIVATED"}
{"ts":1771190957634,"action":"IDE_ACTIVATED"}
{"ts":1771191116341,"action":"IDE_DEACTIVATED"}
{"ts":1771191119187,"action":"IDE_ACTIVATED"}
{"ts":1771191132903,"action":"IDE_DEACTIVATED"}
{"ts":1771191138758,"action":"IDE_ACTIVATED"}
{"ts":1771191268772,"action":"IDE_DEACTIVATED"}
{"ts":1771191337161,"action":"IDE_ACTIVATED"}
{"ts":1771191649010,"action":"IDE_DEACTIVATED"}
{"ts":1771191695241,"action":"IDE_ACTIVATED"}
{"ts":1771191697421,"action":"IDE_DEACTIVATED"}
{"ts":1771191724789,"action":"IDE_ACTIVATED"}
{"ts":1771191753181,"action":"IDE_DEACTIVATED"}
{"ts":1771191755007,"action":"IDE_ACTIVATED"}
{"ts":1771191818729,"action":"IDE_DEACTIVATED"}
{"ts":1771191887627,"action":"IDE_ACTIVATED"}
{"ts":1771191889222,"action":"IDE_DEACTIVATED"}
{"ts":1771191889321,"action":"IDE_ACTIVATED"}
{"ts":1771191892297,"action":"IDE_DEACTIVATED"}
{"ts":1771191933141,"action":"IDE_ACTIVATED"}
{"ts":1771191949611,"action":"IDE_DEACTIVATED"}
{"ts":1771191949678,"action":"IDE_ACTIVATED"}
{"ts":1771191952762,"action":"IDE_DEACTIVATED"}
{"ts":1771191952894,"action":"IDE_ACTIVATED"}
{"ts":1771191953686,"action":"IDE_DEACTIVATED"}
{"ts":1771191968188,"action":"IDE_ACTIVATED"}
{"ts":1771191969638,"action":"IDE_DEACTIVATED"}
{"ts":1771191971296,"action":"IDE_ACTIVATED"}
{"ts":1771192009401,"action":"IDE_DEACTIVATED"}
{"ts":1771192010178,"action":"IDE_ACTIVATED"}
{"ts":1771192061048,"action":"IDE_DEACTIVATED"}
{"ts":1771192152488,"action":"IDE_ACTIVATED"}
{"ts":1771192167650,"action":"IDE_DEACTIVATED"}
{"ts":1771192171603,"action":"IDE_ACTIVATED"}
{"ts":1771192189817,"action":"IDE_DEACTIVATED"}
{"ts":1771192190572,"action":"IDE_ACTIVATED"}
{"ts":1771192207976,"action":"IDE_DEACTIVATED"}
{"ts":1771192380775,"action":"IDE_ACTIVATED"}
{"ts":1771192399809,"action":"IDE_DEACTIVATED"}
{"ts":1771192422106,"action":"IDE_ACTIVATED"}
{"ts":1771192520538,"action":"IDE_DEACTIVATED"}
{"ts":1771192522633,"action":"IDE_ACTIVATED"}
{"ts":1771192860464,"action":"IDE_DEACTIVATED"}
{"ts":1771192891311,"action":"IDE_ACTIVATED"}
{"ts":1771192893961,"action":"IDE_DEACTIVATED"}
{"ts":1771192917587,"action":"IDE_ACTIVATED"}
{"ts":1771192986639,"action":"IDE_DEACTIVATED"}
{"ts":1771192987652,"action":"IDE_ACTIVATED"}
{"ts":1771193001029,"action":"IDE_DEACTIVATED"}
{"ts":1771193009877,"action":"IDE_ACTIVATED"}
{"ts":1771193126161,"action":"IDE_DEACTIVATED"}
{"ts":1771193131542,"action":"IDE_ACTIVATED"}
{"ts":1771193143524,"action":"IDE_DEACTIVATED"}
{"ts":1771193146550,"action":"IDE_ACTIVATED"}
{"ts":1771193147180,"action":"IDE_DEACTIVATED"}
{"ts":1771193153064,"action":"IDE_ACTIVATED"}
{"ts":1771193154001,"action":"IDE_DEACTIVATED"}
{"ts":1771193495581,"action":"IDE_ACTIVATED"}
{"ts":1771193541530,"action":"IDE_DEACTIVATED"}
{"ts":1771193709739,"action":"IDE_ACTIVATED"}
{"ts":1771193757678,"action":"IDE_DEACTIVATED"}
{"ts":1771193760473,"action":"IDE_ACTIVATED"}
{"ts":1771194088400,"action":"IDE_DEACTIVATED"}
{"ts":1771194154607,"action":"IDE_ACTIVATED"}
{"ts":1771194172911,"action":"IDE_DEACTIVATED"}
{"ts":1771194176491,"action":"IDE_ACTIVATED"}
{"ts":1771194227237,"action":"IDE_DEACTIVATED"}
{"ts":1771194319680,"action":"IDE_ACTIVATED"}
{"ts":1771194329452,"action":"IDE_DEACTIVATED"}
{"ts":1771194397164,"action":"IDE_ACTIVATED"}
{"ts":1771194500642,"action":"IDE_DEACTIVATED"}
{"ts":1771194503511,"action":"IDE_ACTIVATED"}
{"ts":1771194556587,"action":"IDE_DEACTIVATED"}
{"ts":1771194557891,"action":"IDE_ACTIVATED"}
{"ts":1771194624757,"action":"IDE_DEACTIVATED"}
{"ts":1771194644111,"action":"IDE_ACTIVATED"}
{"ts":1771194648894,"action":"IDE_DEACTIVATED"}
{"ts":1771194659764,"action":"IDE_ACTIVATED"}
{"ts":1771194812132,"action":"IDE_DEACTIVATED"}
{"ts":1771194930665,"action":"IDE_ACTIVATED"}
{"ts":1771195078310,"action":"IDE_DEACTIVATED"}
{"ts":1771195141495,"action":"IDE_ACTIVATED"}
{"ts":1771195752722,"action":"IDE_DEACTIVATED"}
{"ts":1771195806120,"action":"IDE_ACTIVATED"}
{"ts":1771196265561,"action":"IDE_DEACTIVATED"}
{"ts":1771196618962,"action":"IDE_ACTIVATED"}
{"ts":1771196620936,"action":"IDE_DEACTIVATED"}
{"ts":1771196776285,"action":"IDE_ACTIVATED"}
{"ts":1771196778093,"action":"IDE_DEACTIVATED"}
{"ts":1771196836285,"action":"IDE_ACTIVATED"}
{"ts":1771196875294,"action":"IDE_DEACTIVATED"}
{"ts":1771196876851,"action":"IDE_ACTIVATED"}
{"ts":1771196904340,"action":"IDE_DEACTIVATED"}
{"ts":1771196905506,"action":"IDE_ACTIVATED"}
{"ts":1771196909998,"action":"IDE_DEACTIVATED"}
{"ts":1771196911380,"action":"IDE_ACTIVATED"}
{"ts":1771196913973,"action":"IDE_DEACTIVATED"}
{"ts":1771197000082,"action":"IDE_ACTIVATED"}
{"ts":1771197049796,"action":"IDE_DEACTIVATED"}
{"ts":1771197065649,"action":"IDE_ACTIVATED"}
{"ts":1771197364232,"action":"IDE_DEACTIVATED"}
{"ts":1771197388102,"action":"IDE_ACTIVATED"}
{"ts":1771197391187,"action":"IDE_DEACTIVATED"}
{"ts":1771197606516,"action":"IDE_ACTIVATED"}
{"ts":1771197610660,"action":"IDE_DEACTIVATED"}
{"ts":1771197677942,"action":"IDE_ACTIVATED"}
{"ts":1771197816024,"action":"IDE_DEACTIVATED"}
{"ts":1771197822760,"action":"IDE_ACTIVATED"}
{"ts":1771197974293,"action":"IDE_DEACTIVATED"}
{"ts":1771197980059,"action":"IDE_ACTIVATED"}
{"ts":1771198001709,"action":"IDE_DEACTIVATED"}
{"ts":1771198002639,"action":"IDE_ACTIVATED"}
{"ts":1771198006902,"action":"IDE_DEACTIVATED"}
{"ts":1771198008773,"action":"IDE_ACTIVATED"}
{"ts":1771198055403,"action":"IDE_DEACTIVATED"}
{"ts":1771198057097,"action":"IDE_ACTIVATED"}
{"ts":1771198057908,"action":"IDE_DEACTIVATED"}
{"ts":1771198057992,"action":"IDE_ACTIVATED"}
{"ts":1771198058830,"action":"IDE_DEACTIVATED"}
{"ts":1771198128817,"action":"IDE_ACTIVATED"}
{"ts":1771198150645,"action":"IDE_DEACTIVATED"}
{"ts":1771198699501,"action":"IDE_ACTIVATED"}
{"ts":1771198765565,"action":"IDE_DEACTIVATED"}
{"ts":1771198833433,"action":"IDE_ACTIVATED"}
{"ts":1771198947596,"action":"IDE_DEACTIVATED"}
{"ts":1771198994242,"action":"IDE_ACTIVATED"}
{"ts":1771199001114,"action":"IDE_DEACTIVATED"}
{"ts":1771199037177,"action":"IDE_ACTIVATED"}
{"ts":1771199060590,"action":"IDE_DEACTIVATED"}
{"ts":1771199061405,"action":"IDE_ACTIVATED"}
{"ts":1771199097582,"action":"IDE_DEACTIVATED"}
{"ts":1771199100783,"action":"IDE_ACTIVATED"}
{"ts":1771199173029,"action":"IDE_DEACTIVATED"}
{"ts":1771199181390,"action":"IDE_ACTIVATED"}
{"ts":1771199182208,"action":"IDE_DEACTIVATED"}
{"ts":1771199423341,"action":"IDE_ACTIVATED"}
{"ts":1771199427707,"action":"IDE_DEACTIVATED"}
{"ts":1771199443003,"action":"IDE_ACTIVATED"}
{"ts":1771199445229,"action":"IDE_DEACTIVATED"}
{"ts":1771199457782,"action":"IDE_ACTIVATED"}
{"ts":1771199660048,"action":"IDE_DEACTIVATED"}
{"ts":1771199667038,"action":"IDE_ACTIVATED"}
{"ts":1771199706436,"action":"IDE_DEACTIVATED"}
{"ts":1771199707548,"action":"IDE_ACTIVATED"}
{"ts":1771199743098,"action":"IDE_DEACTIVATED"}
{"ts":1771199743766,"action":"IDE_ACTIVATED"}
{"ts":1771199856351,"action":"IDE_DEACTIVATED"}
{"ts":1771199859108,"action":"IDE_ACTIVATED"}
{"ts":1771199900270,"action":"IDE_DEACTIVATED"}
{"ts":1771199901359,"action":"IDE_ACTIVATED"}
{"ts":1771199905909,"action":"IDE_DEACTIVATED"}
{"ts":1771199932779,"action":"IDE_ACTIVATED"}
{"ts":1771199934998,"action":"IDE_DEACTIVATED"}
{"ts":1771199945657,"action":"IDE_ACTIVATED"}
{"ts":1771199946709,"action":"IDE_DEACTIVATED"}
{"ts":1771199947205,"action":"IDE_ACTIVATED"}
{"ts":1771199948276,"action":"IDE_DEACTIVATED"}
{"ts":1771199948400,"action":"IDE_ACTIVATED"}
{"ts":1771199949065,"action":"IDE_DEACTIVATED"}
{"ts":1771199979049,"action":"IDE_ACTIVATED"}
{"ts":1771200002089,"action":"IDE_DEACTIVATED"}
{"ts":1771200010095,"action":"IDE_ACTIVATED"}
{"ts":1771200016276,"action":"IDE_DEACTIVATED"}
{"ts":1771200040822,"action":"IDE_ACTIVATED"}
{"ts":1771200046238,"action":"IDE_DEACTIVATED"}
{"ts":1771200066988,"action":"IDE_ACTIVATED"}
{"ts":1771200098657,"action":"IDE_DEACTIVATED"}
{"ts":1771200147440,"action":"IDE_ACTIVATED"}
{"ts":1771200148404,"action":"IDE_DEACTIVATED"}
{"ts":1771200150197,"action":"IDE_ACTIVATED"}
{"ts":1771200161241,"action":"IDE_DEACTIVATED"}
{"ts":1771200178969,"action":"IDE_ACTIVATED"}
{"ts":1771200195555,"action":"IDE_DEACTIVATED"}
{"ts":1771200205431,"action":"IDE_ACTIVATED"}
{"ts":1771200214442,"action":"IDE_DEACTIVATED"}
{"ts":1771200224960,"action":"IDE_ACTIVATED"}
{"ts":1771200239106,"action":"IDE_DEACTIVATED"}
{"ts":1771200240879,"action":"IDE_ACTIVATED"}
{"ts":1771200344378,"action":"IDE_DEACTIVATED"}
{"ts":1771200348303,"action":"IDE_ACTIVATED"}
{"ts":1771200411357,"action":"IDE_DEACTIVATED"}
{"ts":1771200443309,"action":"IDE_ACTIVATED"}
{"ts":1771200473177,"action":"IDE_DEACTIVATED"}
{"ts":1771200498271,"action":"IDE_ACTIVATED"}
{"ts":1771200499644,"action":"IDE_DEACTIVATED"}
{"ts":1771200500414,"action":"IDE_ACTIVATED"}
{"ts":1771200524293,"action":"IDE_DEACTIVATED"}
{"ts":1771200524412,"action":"IDE_ACTIVATED"}
{"ts":1771200525197,"action":"IDE_DEACTIVATED"}
{"ts":1771200544411,"action":"IDE_ACTIVATED"}
{"ts":1771200545242,"action":"IDE_DEACTIVATED"}
{"ts":1771200546103,"action":"IDE_ACTIVATED"}
{"ts":1771200663192,"action":"IDE_DEACTIVATED"}
{"ts":1771200664339,"action":"IDE_ACTIVATED"}
{"ts":1771200749289,"action":"IDE_DEACTIVATED"}
{"ts":1771200767765,"action":"IDE_ACTIVATED"}
{"ts":1771200811110,"action":"IDE_DEACTIVATED"}
{"ts":1771200830687,"action":"IDE_ACTIVATED"}
{"ts":1771200832039,"action":"IDE_DEACTIVATED"}
{"ts":1771200833352,"action":"IDE_ACTIVATED"}
{"ts":1771200901344,"action":"IDE_DEACTIVATED"}
{"ts":1771200902725,"action":"IDE_ACTIVATED"}
{"ts":1771200904074,"action":"IDE_DEACTIVATED"}
{"ts":1771200904687,"action":"IDE_ACTIVATED"}
{"ts":1771200911842,"action":"IDE_DEACTIVATED"}
{"ts":1771200933025,"action":"IDE_ACTIVATED"}
{"ts":1771200963793,"action":"IDE_DEACTIVATED"}
{"ts":1771200973740,"action":"IDE_ACTIVATED"}
{"ts":1771201117959,"action":"IDE_DEACTIVATED"}
{"ts":1771201119815,"action":"IDE_ACTIVATED"}
{"ts":1771201135497,"action":"IDE_DEACTIVATED"}
{"ts":1771201136095,"action":"IDE_ACTIVATED"}
{"ts":1771201142671,"action":"FILE_OPENED","file":"/templates/appointments/calendar.html","tags":{"FILE_LINE_OF_CODE":"767"}}
{"ts":1771201299342,"action":"IDE_DEACTIVATED"}
{"ts":1771201309076,"action":"IDE_ACTIVATED"}
{"ts":1771201339326,"action":"IDE_DEACTIVATED"}
{"ts":1771201341577,"action":"IDE_ACTIVATED"}
{"ts":1771201361457,"action":"IDE_DEACTIVATED"}
{"ts":1771201362907,"action":"IDE_ACTIVATED"}
{"ts":1771201411033,"action":"IDE_DEACTIVATED"}
{"ts":1771201419105,"action":"IDE_ACTIVATED"}
{"ts":1771201464261,"action":"IDE_DEACTIVATED"}
{"ts":1771201465277,"action":"IDE_ACTIVATED"}
{"ts":1771201679266,"action":"IDE_DEACTIVATED"}
{"ts":1771201679408,"action":"IDE_ACTIVATED"}
{"ts":1771201680568,"action":"IDE_DEACTIVATED"}
{"ts":1771201688592,"action":"IDE_ACTIVATED"}
{"ts":1771201743419,"action":"IDE_DEACTIVATED"}
{"ts":1771201745664,"action":"IDE_ACTIVATED"}
{"ts":1771201768845,"action":"IDE_DEACTIVATED"}
{"ts":1771201771413,"action":"IDE_ACTIVATED"}
{"ts":1771201771840,"action":"IDE_DEACTIVATED"}
{"ts":1771201772546,"action":"IDE_ACTIVATED"}
{"ts":1771201775086,"action":"IDE_DEACTIVATED"}
{"ts":1771201785063,"action":"IDE_ACTIVATED"}
{"ts":1771201785888,"action":"IDE_DEACTIVATED"}
{"ts":1771201786525,"action":"IDE_ACTIVATED"}
{"ts":1771201800719,"action":"IDE_DEACTIVATED"}
{"ts":1771201801042,"action":"IDE_ACTIVATED"}
{"ts":1771201801968,"action":"IDE_DEACTIVATED"}
{"ts":1771201810780,"action":"IDE_ACTIVATED"}
{"ts":1771201832314,"action":"IDE_DEACTIVATED"}
{"ts":1771201833991,"action":"IDE_ACTIVATED"}
{"ts":1771201846802,"action":"IDE_DEACTIVATED"}
{"ts":1771201853499,"action":"IDE_ACTIVATED"}
{"ts":1771201872536,"action":"IDE_DEACTIVATED"}
{"ts":1771201876036,"action":"IDE_ACTIVATED"}
{"ts":1771201905908,"action":"IDE_DEACTIVATED"}
{"ts":1771201906523,"action":"IDE_ACTIVATED"}
{"ts":1771201910168,"action":"IDE_DEACTIVATED"}
{"ts":1771201911192,"action":"IDE_ACTIVATED"}
{"ts":1771201935843,"action":"IDE_DEACTIVATED"}
{"ts":1771201935948,"action":"IDE_ACTIVATED"}
{"ts":1771201937269,"action":"IDE_DEACTIVATED"}
{"ts":1771201937395,"action":"IDE_ACTIVATED"}
{"ts":1771201942245,"action":"IDE_DEACTIVATED"}
{"ts":1771201942357,"action":"IDE_ACTIVATED"}
{"ts":1771201943180,"action":"IDE_DEACTIVATED"}
{"ts":1771201943348,"action":"IDE_ACTIVATED"}
{"ts":1771201951138,"action":"IDE_DEACTIVATED"}
{"ts":1771201951229,"action":"IDE_ACTIVATED"}
{"ts":1771201958073,"action":"IDE_DEACTIVATED"}
{"ts":1771201959194,"action":"IDE_ACTIVATED"}
{"ts":1771202008079,"action":"IDE_DEACTIVATED"}
{"ts":1771202008917,"action":"IDE_ACTIVATED"}
{"ts":1771202009935,"action":"IDE_DEACTIVATED"}
{"ts":1771202013759,"action":"IDE_ACTIVATED"}
{"ts":1771202034461,"action":"IDE_DEACTIVATED"}
{"ts":1771202037845,"action":"IDE_ACTIVATED"}
{"ts":1771202039001,"action":"IDE_DEACTIVATED"}
{"ts":1771202093877,"action":"IDE_ACTIVATED"}
{"ts":1771202118613,"action":"IDE_DEACTIVATED"}
{"ts":1771202129439,"action":"IDE_ACTIVATED"}
{"ts":1771202204483,"action":"IDE_DEACTIVATED"}
{"ts":1771202209857,"action":"IDE_ACTIVATED"}
{"ts":1771202213623,"action":"IDE_DEACTIVATED"}
{"ts":1771202216070,"action":"IDE_ACTIVATED"}
{"ts":1771202243807,"action":"IDE_DEACTIVATED"}
{"ts":1771202248929,"action":"IDE_ACTIVATED"}
{"ts":1771202259780,"action":"IDE_DEACTIVATED"}
{"ts":1771202263410,"action":"IDE_ACTIVATED"}
{"ts":1771202312755,"action":"IDE_DEACTIVATED"}
{"ts":1771202316974,"action":"IDE_ACTIVATED"}
{"ts":1771202343753,"action":"IDE_DEACTIVATED"}
{"ts":1771202349386,"action":"IDE_ACTIVATED"}
{"ts":1771202350985,"action":"IDE_DEACTIVATED"}
{"ts":1771202351647,"action":"IDE_ACTIVATED"}
{"ts":1771202355831,"action":"IDE_DEACTIVATED"}
{"ts":1771202356510,"action":"IDE_ACTIVATED"}
{"ts":1771202405258,"action":"IDE_DEACTIVATED"}
{"ts":1771202408758,"action":"IDE_ACTIVATED"}
{"ts":1771202451630,"action":"IDE_DEACTIVATED"}
{"ts":1771202457399,"action":"IDE_ACTIVATED"}
{"ts":1771202475205,"action":"IDE_DEACTIVATED"}
{"ts":1771202481604,"action":"IDE_ACTIVATED"}
{"ts":1771202499476,"action":"IDE_DEACTIVATED"}
{"ts":1771202504417,"action":"IDE_ACTIVATED"}
{"ts":1771202537728,"action":"IDE_DEACTIVATED"}
{"ts":1771202539005,"action":"IDE_ACTIVATED"}
{"ts":1771202554234,"action":"IDE_DEACTIVATED"}
{"ts":1771202718955,"action":"IDE_ACTIVATED"}
{"ts":1771202722811,"action":"IDE_DEACTIVATED"}
{"ts":1771202764061,"action":"IDE_ACTIVATED"}
{"ts":1771202782907,"action":"IDE_DEACTIVATED"}
{"ts":1771202788275,"action":"IDE_ACTIVATED"}
{"ts":1771202811889,"action":"IDE_DEACTIVATED"}
{"ts":1771202827972,"action":"IDE_ACTIVATED"}
{"ts":1771202844492,"action":"IDE_DEACTIVATED"}
{"ts":1771202855374,"action":"IDE_ACTIVATED"}
{"ts":1771202866985,"action":"IDE_DEACTIVATED"}
{"ts":1771202877164,"action":"IDE_ACTIVATED"}
{"ts":1771202913351,"action":"IDE_DEACTIVATED"}
{"ts":1771202923783,"action":"IDE_ACTIVATED"}
{"ts":1771202941456,"action":"IDE_DEACTIVATED"}
{"ts":1771202947316,"action":"IDE_ACTIVATED"}
{"ts":1771202976413,"action":"IDE_DEACTIVATED"}
{"ts":1771202987952,"action":"IDE_ACTIVATED"}
{"ts":1771203022177,"action":"IDE_DEACTIVATED"}
{"ts":1771203027863,"action":"IDE_ACTIVATED"}
{"ts":1771203031742,"action":"IDE_DEACTIVATED"}
{"ts":1771203032528,"action":"IDE_ACTIVATED"}
{"ts":1771203035482,"action":"IDE_DEACTIVATED"}
{"ts":1771203098385,"action":"IDE_ACTIVATED"}
{"ts":1771203101463,"action":"FILE_CLOSED","file":"/templates/appointments/calendar.html","tags":{"FILE_LINE_OF_CODE":"795"}}
{"ts":1771203101463,"action":"FILE_OPENED","file":"/templates/appointments/calendar_week.html","tags":{"FILE_LINE_OF_CODE":"702"}}
{"ts":1771203118396,"action":"IDE_DEACTIVATED"}
{"ts":1771203122018,"action":"IDE_ACTIVATED"}
{"ts":1771203139919,"action":"IDE_DEACTIVATED"}
{"ts":1771203141328,"action":"IDE_ACTIVATED"}
{"ts":1771203223312,"action":"IDE_DEACTIVATED"}
{"ts":1771203226925,"action":"IDE_ACTIVATED"}
{"ts":1771203385310,"action":"IDE_DEACTIVATED"}
{"ts":1771203387964,"action":"IDE_ACTIVATED"}
{"ts":1771203434318,"action":"IDE_DEACTIVATED"}
{"ts":1771203467975,"action":"IDE_ACTIVATED"}
{"ts":1771203468352,"action":"IDE_DEACTIVATED"}
{"ts":1771203469571,"action":"IDE_ACTIVATED"}
{"ts":1771203471778,"action":"IDE_DEACTIVATED"}
{"ts":1771203473348,"action":"IDE_ACTIVATED"}
{"ts":1771203491577,"action":"IDE_DEACTIVATED"}
{"ts":1771203491744,"action":"IDE_ACTIVATED"}
{"ts":1771203492391,"action":"IDE_DEACTIVATED"}
{"ts":1771203497470,"action":"IDE_ACTIVATED"}
{"ts":1771203500027,"action":"IDE_DEACTIVATED"}
{"ts":1771203500488,"action":"IDE_ACTIVATED"}
{"ts":1771203565898,"action":"IDE_DEACTIVATED"}
{"ts":1771203565983,"action":"IDE_ACTIVATED"}
{"ts":1771203566441,"action":"IDE_DEACTIVATED"}
{"ts":1771203572766,"action":"IDE_ACTIVATED"}
{"ts":1771203677369,"action":"IDE_DEACTIVATED"}
{"ts":1771203692321,"action":"IDE_ACTIVATED"}
{"ts":1771203699297,"action":"IDE_DEACTIVATED"}
{"ts":1771203720877,"action":"IDE_ACTIVATED"}
{"ts":1771203750717,"action":"IDE_DEACTIVATED"}
{"ts":1771203781293,"action":"IDE_ACTIVATED"}
{"ts":1771203898771,"action":"IDE_DEACTIVATED"}
{"ts":1771203933958,"action":"IDE_ACTIVATED"}
{"ts":1771203934765,"action":"IDE_DEACTIVATED"}
{"ts":1771203969430,"action":"IDE_ACTIVATED"}
{"ts":1771203974055,"action":"IDE_DEACTIVATED"}
{"ts":1771203985748,"action":"IDE_ACTIVATED"}
{"ts":1771203998551,"action":"IDE_DEACTIVATED"}
{"ts":1771204010905,"action":"IDE_ACTIVATED"}
{"ts":1771204058887,"action":"IDE_DEACTIVATED"}
{"ts":1771204060455,"action":"IDE_ACTIVATED"}
{"ts":1771204101975,"action":"IDE_DEACTIVATED"}
{"ts":1771204108748,"action":"IDE_ACTIVATED"}
{"ts":1771204120539,"action":"IDE_DEACTIVATED"}
{"ts":1771204142311,"action":"IDE_ACTIVATED"}
{"ts":1771204161836,"action":"IDE_DEACTIVATED"}
{"ts":1771204162953,"action":"IDE_ACTIVATED"}
{"ts":1771204173581,"action":"IDE_DEACTIVATED"}
{"ts":1771204174091,"action":"IDE_ACTIVATED"}
{"ts":1771204195157,"action":"IDE_DEACTIVATED"}
{"ts":1771204209906,"action":"IDE_ACTIVATED"}
{"ts":1771204258472,"action":"IDE_DEACTIVATED"}
{"ts":1771204262811,"action":"IDE_ACTIVATED"}
{"ts":1771204264060,"action":"IDE_DEACTIVATED"}
{"ts":1771204339473,"action":"IDE_ACTIVATED"}
{"ts":1771204492320,"action":"IDE_DEACTIVATED"}
{"ts":1771204498865,"action":"IDE_ACTIVATED"}
{"ts":1771204515062,"action":"IDE_DEACTIVATED"}
{"ts":1771204528518,"action":"IDE_ACTIVATED"}
{"ts":1771204551151,"action":"IDE_DEACTIVATED"}
{"ts":1771204618270,"action":"IDE_ACTIVATED"}
{"ts":1771204644305,"action":"IDE_DEACTIVATED"}
{"ts":1771204665150,"action":"IDE_ACTIVATED"}
{"ts":1771204672301,"action":"IDE_DEACTIVATED"}
{"ts":1771204672915,"action":"IDE_ACTIVATED"}
{"ts":1771204704363,"action":"IDE_DEACTIVATED"}
{"ts":1771204706801,"action":"IDE_ACTIVATED"}
{"ts":1771204747555,"action":"IDE_DEACTIVATED"}
{"ts":1771204750422,"action":"IDE_ACTIVATED"}
{"ts":1771204758721,"action":"IDE_DEACTIVATED"}
{"ts":1771204781312,"action":"IDE_ACTIVATED"}
{"ts":1771204782093,"action":"IDE_DEACTIVATED"}
{"ts":1771204787465,"action":"IDE_ACTIVATED"}
{"ts":1771204794160,"action":"IDE_DEACTIVATED"}
{"ts":1771204810004,"action":"IDE_ACTIVATED"}
{"ts":1771204885830,"action":"IDE_DEACTIVATED"}
{"ts":1771204893238,"action":"IDE_ACTIVATED"}
{"ts":1771204907796,"action":"IDE_DEACTIVATED"}
{"ts":1771204963945,"action":"IDE_ACTIVATED"}
{"ts":1771205002576,"action":"IDE_DEACTIVATED"}
{"ts":1771205012766,"action":"IDE_ACTIVATED"}
{"ts":1771205063224,"action":"IDE_DEACTIVATED"}
{"ts":1771205084058,"action":"IDE_ACTIVATED"}
{"ts":1771205085287,"action":"IDE_DEACTIVATED"}
{"ts":1771205086879,"action":"IDE_ACTIVATED"}
{"ts":1771205130666,"action":"IDE_DEACTIVATED"}
{"ts":1771205148328,"action":"IDE_ACTIVATED"}
{"ts":1771205154228,"action":"IDE_DEACTIVATED"}
{"ts":1771205160535,"action":"IDE_ACTIVATED"}
{"ts":1771205172812,"action":"IDE_DEACTIVATED"}
{"ts":1771205193683,"action":"IDE_ACTIVATED"}
{"ts":1771205196437,"action":"IDE_DEACTIVATED"}
{"ts":1771205197004,"action":"IDE_ACTIVATED"}
{"ts":1771205261961,"action":"FILE_CLOSED","file":"/templates/appointments/calendar_week.html","tags":{"FILE_LINE_OF_CODE":"884"}}
{"ts":1771205261961,"action":"FILE_OPENED","file":"/templates/appointments/calendar.html","tags":{"FILE_LINE_OF_CODE":"795"}}
{"ts":1771205274506,"action":"IDE_DEACTIVATED"}
{"ts":1771205347532,"action":"IDE_ACTIVATED"}
{"ts":1771205351279,"action":"IDE_DEACTIVATED"}
{"ts":1771205378457,"action":"IDE_ACTIVATED"}
{"ts":1771205383903,"action":"FILE_CLOSED","file":"/templates/appointments/calendar.html","tags":{"FILE_LINE_OF_CODE":"795"}}
{"ts":1771205383903,"action":"FILE_OPENED","file":"/templates/appointments/calendar_month.html","tags":{"FILE_LINE_OF_CODE":"742"}}
{"ts":1771205423350,"action":"IDE_DEACTIVATED"}
{"ts":1771205440648,"action":"IDE_ACTIVATED"}
{"ts":1771205535721,"action":"FILE_CLOSED","file":"/templates/appointments/calendar_month.html","tags":{"FILE_LINE_OF_CODE":"742"}}
{"ts":1771205535721,"action":"FILE_OPENED","file":"/templates/base.html","tags":{"FILE_LINE_OF_CODE":"77"}}
{"ts":1771205561434,"action":"FILE_CLOSED","file":"/templates/base.html","tags":{"FILE_LINE_OF_CODE":"77"}}
{"ts":1771205561434,"action":"FILE_OPENED","file":"/static/css/input.css","tags":{"FILE_LINE_OF_CODE":"596"}}
{"ts":1771205565261,"action":"FILE_CLOSED","file":"/static/css/input.css","tags":{"FILE_LINE_OF_CODE":"596"}}
{"ts":1771205565261,"action":"FILE_OPENED","file":"/templates/appointments/calendar_month.html","tags":{"FILE_LINE_OF_CODE":"742"}}
{"ts":1771205588281,"action":"IDE_DEACTIVATED"}
{"ts":1771205589331,"action":"IDE_ACTIVATED"}
{"ts":1771205594721,"action":"IDE_DEACTIVATED"}
{"ts":1771205597374,"action":"IDE_ACTIVATED"}
{"ts":1771205600536,"action":"FILE_CLOSED","file":"/templates/appointments/calendar_month.html","tags":{"FILE_LINE_OF_CODE":"742"}}
{"ts":1771205600536,"action":"FILE_OPENED","file":"/static/css/input.css","tags":{"FILE_LINE_OF_CODE":"596"}}
{"ts":1771205650968,"action":"FILE_CLOSED","file":"/static/css/input.css","tags":{"FILE_LINE_OF_CODE":"596"}}
{"ts":1771205650968,"action":"FILE_OPENED","file":"/static/css/output.css","tags":{"FILE_LINE_OF_CODE":"1"}}
{"ts":1771205659923,"action":"FILE_CLOSED","file":"/static/css/output.css","tags":{"FILE_LINE_OF_CODE":"1"}}
{"ts":1771205659923,"action":"FILE_OPENED","file":"/templates/appointments/calendar_month.html","tags":{"FILE_LINE_OF_CODE":"742"}}
{"ts":1771205721361,"action":"IDE_DEACTIVATED"}
{"ts":1771205724964,"action":"IDE_ACTIVATED"}
{"ts":1771205733369,"action":"IDE_DEACTIVATED"}
{"ts":1771205735197,"action":"IDE_ACTIVATED"}
{"ts":1771205753985,"action":"IDE_DEACTIVATED"}
{"ts":1771205766341,"action":"IDE_ACTIVATED"}
{"ts":1771205771855,"action":"IDE_DEACTIVATED"}
{"ts":1771205771949,"action":"IDE_ACTIVATED"}
{"ts":1771206002710,"action":"IDE_DEACTIVATED"}
{"ts":1771206002788,"action":"IDE_ACTIVATED"}
{"ts":1771206898619,"action":"PROJECT_CLOSED","tags":{"PROJECT_NAME":"faktura_scanner_flask"}}
{"ts":1771243016816,"action":"FILE_OPENED","file":"/templates/appointments/calendar_month.html","tags":{"FILE_LINE_OF_CODE":"742"}}
{"ts":1771243018298,"action":"PROJECT_OPENED","tags":{"PROJECT_NAME":"faktura_scanner_flask"}}
{"ts":1771243069622,"action":"IDE_DEACTIVATED"}
{"ts":1771243069868,"action":"IDE_ACTIVATED"}
{"ts":1771243071520,"action":"PROJECT_CLOSED","tags":{"PROJECT_NAME":"faktura_scanner_flask"}}
{"ts":1771259957333,"action":"FILE_OPENED","file":"/templates/appointments/calendar_month.html","tags":{"FILE_LINE_OF_CODE":"742"}}
{"ts":1771259957439,"action":"PROJECT_OPENED","tags":{"PROJECT_NAME":"faktura_scanner_flask"}}
{"ts":1771260004227,"action":"IDE_DEACTIVATED"}
{"ts":1771260004387,"action":"IDE_ACTIVATED"}
{"ts":1771260276619,"action":"IDE_DEACTIVATED"}
{"ts":1771260937153,"action":"IDE_ACTIVATED"}
{"ts":1771261045436,"action":"IDE_DEACTIVATED"}
{"ts":1771261367357,"action":"IDE_ACTIVATED"}
{"ts":1771261444107,"action":"IDE_DEACTIVATED"}
{"ts":1771261472338,"action":"IDE_ACTIVATED"}
{"ts":1771261479852,"action":"IDE_DEACTIVATED"}
{"ts":1771261983862,"action":"IDE_ACTIVATED"}
{"ts":1771261985336,"action":"IDE_DEACTIVATED"}
{"ts":1771261986883,"action":"IDE_ACTIVATED"}
{"ts":1771262105261,"action":"IDE_DEACTIVATED"}
{"ts":1771262106481,"action":"IDE_ACTIVATED"}
{"ts":1771262131303,"action":"IDE_DEACTIVATED"}
{"ts":1771262137664,"action":"IDE_ACTIVATED"}
{"ts":1771262138665,"action":"IDE_DEACTIVATED"}
{"ts":1771262145236,"action":"IDE_ACTIVATED"}
{"ts":1771262231849,"action":"IDE_DEACTIVATED"}
{"ts":1771262231997,"action":"IDE_ACTIVATED"}
{"ts":1771262326507,"action":"IDE_DEACTIVATED"}
{"ts":1771262326589,"action":"IDE_ACTIVATED"}
{"ts":1771262355369,"action":"IDE_DEACTIVATED"}
{"ts":1771262356946,"action":"IDE_ACTIVATED"}
{"ts":1771262499980,"action":"IDE_DEACTIVATED"}
{"ts":1771262500061,"action":"IDE_ACTIVATED"}
{"ts":1771262590954,"action":"IDE_DEACTIVATED"}
{"ts":1771262591038,"action":"IDE_ACTIVATED"}
{"ts":1771262627719,"action":"IDE_DEACTIVATED"}
{"ts":1771262627858,"action":"IDE_ACTIVATED"}
{"ts":1771262710895,"action":"IDE_DEACTIVATED"}
{"ts":1771262718548,"action":"IDE_ACTIVATED"}
{"ts":1771262728998,"action":"IDE_DEACTIVATED"}
{"ts":1771262733002,"action":"IDE_ACTIVATED"}
{"ts":1771262738215,"action":"IDE_DEACTIVATED"}
{"ts":1771262738221,"action":"IDE_ACTIVATED"}
{"ts":1771262738301,"action":"IDE_DEACTIVATED"}
{"ts":1771262749669,"action":"IDE_ACTIVATED"}
{"ts":1771262753297,"action":"IDE_DEACTIVATED"}
{"ts":1771262812727,"action":"IDE_ACTIVATED"}
{"ts":1771262844407,"action":"IDE_DEACTIVATED"}
{"ts":1771262844488,"action":"IDE_ACTIVATED"}
{"ts":1771262904883,"action":"IDE_DEACTIVATED"}
{"ts":1771262905001,"action":"IDE_ACTIVATED"}
{"ts":1771263532866,"action":"IDE_DEACTIVATED"}
{"ts":1771263543130,"action":"IDE_ACTIVATED"}
{"ts":1771264013350,"action":"IDE_DEACTIVATED"}
{"ts":1771264013462,"action":"IDE_ACTIVATED"}
{"ts":1771264265101,"action":"IDE_DEACTIVATED"}
{"ts":1771264830430,"action":"IDE_ACTIVATED"}
{"ts":1771264841379,"action":"IDE_DEACTIVATED"}
{"ts":1771264863784,"action":"IDE_ACTIVATED"}
{"ts":1771265043827,"action":"IDE_DEACTIVATED"}
{"ts":1771265043935,"action":"IDE_ACTIVATED"}
{"ts":1771265189086,"action":"IDE_DEACTIVATED"}
{"ts":1771265189193,"action":"IDE_ACTIVATED"}
{"ts":1771265195997,"action":"FILE_CLOSED","file":"/templates/appointments/calendar_month.html","tags":{"FILE_LINE_OF_CODE":"742"}}
{"ts":1771265195997,"action":"FILE_OPENED","file":"/templates/base.html","tags":{"FILE_LINE_OF_CODE":"77"}}
{"ts":1771265196017,"action":"FILE_CLOSED","file":"/templates/base.html","tags":{"FILE_LINE_OF_CODE":"77"}}
{"ts":1771265198692,"action":"IDE_DEACTIVATED"}
{"ts":1771265224990,"action":"IDE_ACTIVATED"}
{"ts":1771265226173,"action":"IDE_DEACTIVATED"}
{"ts":1771265227554,"action":"IDE_ACTIVATED"}
{"ts":1771265403422,"action":"IDE_DEACTIVATED"}
{"ts":1771265494223,"action":"IDE_ACTIVATED"}
{"ts":1771265700405,"action":"IDE_DEACTIVATED"}
{"ts":1771265700520,"action":"IDE_ACTIVATED"}
{"ts":1771265897396,"action":"IDE_DEACTIVATED"}
{"ts":1771266054748,"action":"IDE_ACTIVATED"}
{"ts":1771266105653,"action":"IDE_DEACTIVATED"}
{"ts":1771266108679,"action":"IDE_ACTIVATED"}
{"ts":1771266117007,"action":"IDE_DEACTIVATED"}
{"ts":1771266117084,"action":"IDE_ACTIVATED"}
{"ts":1771266296580,"action":"IDE_DEACTIVATED"}
{"ts":1771266296665,"action":"IDE_ACTIVATED"}
{"ts":1771266417454,"action":"IDE_DEACTIVATED"}
{"ts":1771266417530,"action":"IDE_ACTIVATED"}
{"ts":1771266457985,"action":"IDE_DEACTIVATED"}
{"ts":1771266517829,"action":"IDE_ACTIVATED"}
{"ts":1771266543242,"action":"IDE_DEACTIVATED"}
{"ts":1771266544806,"action":"IDE_ACTIVATED"}
{"ts":1771266545896,"action":"IDE_DEACTIVATED"}
{"ts":1771266546953,"action":"IDE_ACTIVATED"}
{"ts":1771266570009,"action":"IDE_DEACTIVATED"}
{"ts":1771266570125,"action":"IDE_ACTIVATED"}
{"ts":1771266580299,"action":"IDE_DEACTIVATED"}
{"ts":1771266589886,"action":"IDE_ACTIVATED"}
{"ts":1771266594964,"action":"IDE_DEACTIVATED"}
{"ts":1771266597409,"action":"IDE_ACTIVATED"}
{"ts":1771266701144,"action":"IDE_DEACTIVATED"}
{"ts":1771266987900,"action":"IDE_ACTIVATED"}
{"ts":1771266995780,"action":"IDE_DEACTIVATED"}
{"ts":1771267010279,"action":"IDE_ACTIVATED"}
{"ts":1771267011389,"action":"IDE_DEACTIVATED"}
{"ts":1771267984847,"action":"IDE_ACTIVATED"}
{"ts":1771267985989,"action":"IDE_DEACTIVATED"}
{"ts":1771267986092,"action":"IDE_ACTIVATED"}
{"ts":1771273140780,"action":"IDE_DEACTIVATED"}
{"ts":1771275864933,"action":"IDE_ACTIVATED"}
{"ts":1771276296226,"action":"PROJECT_CLOSED","tags":{"PROJECT_NAME":"faktura_scanner_flask"}}
{"ts":1771276304366,"action":"PROJECT_OPENED","tags":{"PROJECT_NAME":"faktura_scanner_flask"}}
{"ts":1771276404534,"action":"IDE_DEACTIVATED"}
{"ts":1771276642258,"action":"IDE_ACTIVATED"}
{"ts":1771276659586,"action":"IDE_DEACTIVATED"}
{"ts":1771276659738,"action":"IDE_ACTIVATED"}
{"ts":1771276820595,"action":"IDE_DEACTIVATED"}
{"ts":1771276838835,"action":"IDE_ACTIVATED"}
{"ts":1771277613003,"action":"IDE_DEACTIVATED"}
{"ts":1771278464644,"action":"IDE_ACTIVATED"}
{"ts":1771278505052,"action":"IDE_DEACTIVATED"}
{"ts":1771278537053,"action":"IDE_ACTIVATED"}
{"ts":1771278549776,"action":"IDE_DEACTIVATED"}
{"ts":1771278556420,"action":"IDE_ACTIVATED"}
{"ts":1771278568046,"action":"IDE_DEACTIVATED"}
{"ts":1771278598782,"action":"IDE_ACTIVATED"}
{"ts":1771278643314,"action":"IDE_DEACTIVATED"}
{"ts":1771278643410,"action":"IDE_ACTIVATED"}
{"ts":1771278707508,"action":"FILE_OPENED","file":"/static/js/past_visits_scanner.js","tags":{"FILE_LINE_OF_CODE":"292"}}
{"ts":1771278748642,"action":"IDE_DEACTIVATED"}
{"ts":1771278755297,"action":"IDE_ACTIVATED"}
{"ts":1771279106722,"action":"FILE_CLOSED","file":"/static/js/past_visits_scanner.js","tags":{"FILE_LINE_OF_CODE":"292"}}
{"ts":1771279106722,"action":"FILE_OPENED","file":"/static/js/modals.js","tags":{"FILE_LINE_OF_CODE":"263"}}
{"ts":1771279219143,"action":"FILE_CLOSED","file":"/static/js/modals.js","tags":{"FILE_LINE_OF_CODE":"263"}}
{"ts":1771279219143,"action":"FILE_OPENED","file":"/static/js/past_visits_scanner.js","tags":{"FILE_LINE_OF_CODE":"292"}}
{"ts":1771279222151,"action":"FILE_CLOSED","file":"/static/js/past_visits_scanner.js","tags":{"FILE_LINE_OF_CODE":"292"}}
{"ts":1771279222151,"action":"FILE_OPENED","file":"/static/js/modals.js","tags":{"FILE_LINE_OF_CODE":"263"}}
{"ts":1771279280769,"action":"FILE_CLOSED","file":"/static/js/modals.js","tags":{"FILE_LINE_OF_CODE":"263"}}
{"ts":1771279280769,"action":"FILE_OPENED","file":"/static/js/past_visits_scanner.js","tags":{"FILE_LINE_OF_CODE":"292"}}
{"ts":1771279295998,"action":"IDE_DEACTIVATED"}
{"ts":1771279297127,"action":"IDE_ACTIVATED"}
{"ts":1771279385863,"action":"FILE_CLOSED","file":"/static/js/past_visits_scanner.js","tags":{"FILE_LINE_OF_CODE":"292"}}
{"ts":1771279385863,"action":"FILE_OPENED","file":"/static/js/modals.js","tags":{"FILE_LINE_OF_CODE":"263"}}
{"ts":1771279388275,"action":"IDE_DEACTIVATED"}
{"ts":1771279388376,"action":"IDE_ACTIVATED"}
{"ts":1771279422445,"action":"IDE_DEACTIVATED"}
{"ts":1771279422765,"action":"IDE_ACTIVATED"}
{"ts":1771279423307,"action":"IDE_DEACTIVATED"}
{"ts":1771279426620,"action":"IDE_ACTIVATED"}
{"ts":1771279510933,"action":"IDE_DEACTIVATED"}
{"ts":1771279530083,"action":"IDE_ACTIVATED"}
{"ts":1771279577093,"action":"IDE_DEACTIVATED"}
{"ts":1771279577950,"action":"IDE_ACTIVATED"}
{"ts":1771279696724,"action":"IDE_DEACTIVATED"}
{"ts":1771280024565,"action":"IDE_ACTIVATED"}
{"ts":1771280376608,"action":"IDE_DEACTIVATED"}
{"ts":1771280458769,"action":"IDE_ACTIVATED"}
{"ts":1771280483794,"action":"IDE_DEACTIVATED"}
{"ts":1771280509181,"action":"IDE_ACTIVATED"}
{"ts":1771280520141,"action":"IDE_DEACTIVATED"}
{"ts":1771280521077,"action":"IDE_ACTIVATED"}
{"ts":1771280529522,"action":"IDE_DEACTIVATED"}
{"ts":1771280530437,"action":"IDE_ACTIVATED"}
{"ts":1771280802703,"action":"IDE_DEACTIVATED"}
{"ts":1771280879455,"action":"IDE_ACTIVATED"}
{"ts":1771280900831,"action":"IDE_DEACTIVATED"}
{"ts":1771280930501,"action":"IDE_ACTIVATED"}
{"ts":1771281802078,"action":"IDE_DEACTIVATED"}
{"ts":1771281803379,"action":"IDE_ACTIVATED"}
{"ts":1771281810677,"action":"IDE_DEACTIVATED"}
{"ts":1771281812385,"action":"IDE_ACTIVATED"}
{"ts":1771281815247,"action":"IDE_DEACTIVATED"}
{"ts":1771281826403,"action":"IDE_ACTIVATED"}
{"ts":1771281828829,"action":"IDE_DEACTIVATED"}
{"ts":1771282069271,"action":"IDE_ACTIVATED"}
{"ts":1771282129860,"action":"IDE_DEACTIVATED"}
{"ts":1771282131809,"action":"IDE_ACTIVATED"}
{"ts":1771282134532,"action":"IDE_DEACTIVATED"}
{"ts":1771283648920,"action":"IDE_ACTIVATED"}
{"ts":1771283811619,"action":"IDE_DEACTIVATED"}
{"ts":1771283811784,"action":"IDE_ACTIVATED"}
{"ts":1771283819633,"action":"PROJECT_CLOSED","tags":{"PROJECT_NAME":"faktura_scanner_flask"}}
{"ts":1771323256462,"action":"FILE_OPENED","file":"/static/js/modals.js","tags":{"FILE_LINE_OF_CODE":"263"}}
{"ts":1771323258468,"action":"PROJECT_OPENED","tags":{"PROJECT_NAME":"faktura_scanner_flask"}}
{"ts":1771323342208,"action":"IDE_DEACTIVATED"}
{"ts":1771323831912,"action":"IDE_ACTIVATED"}
{"ts":1771323833675,"action":"PROJECT_CLOSED","tags":{"PROJECT_NAME":"faktura_scanner_flask"}}
{"ts":1771452363630,"action":"FILE_OPENED","file":"/static/js/modals.js","tags":{"FILE_LINE_OF_CODE":"263"}}
{"ts":1771452365050,"action":"IDE_DEACTIVATED"}
{"ts":1771452363747,"action":"PROJECT_OPENED","tags":{"PROJECT_NAME":"faktura_scanner_flask"}}
{"ts":1771453543322,"action":"IDE_ACTIVATED"}
{"ts":1771453546866,"action":"IDE_DEACTIVATED"}
{"ts":1771453554431,"action":"IDE_ACTIVATED"}
{"ts":1771453575752,"action":"IDE_DEACTIVATED"}
{"ts":1771453662714,"action":"IDE_ACTIVATED"}
{"ts":1771453701563,"action":"FILE_CLOSED","file":"/static/js/modals.js","tags":{"FILE_LINE_OF_CODE":"263"}}
{"ts":1771453701563,"action":"FILE_OPENED","file":"/TODOS.txt","tags":{"FILE_LINE_OF_CODE":"7"}}
{"ts":1771453724056,"action":"IDE_DEACTIVATED"}
{"ts":1771453760384,"action":"IDE_ACTIVATED"}
{"ts":1771453762064,"action":"FILE_CLOSED","file":"/TODOS.txt","tags":{"FILE_LINE_OF_CODE":"7"}}
{"ts":1771453762065,"action":"FILE_OPENED","file":"/static/js/modals.js","tags":{"FILE_LINE_OF_CODE":"263"}}
{"ts":1771453794851,"action":"IDE_DEACTIVATED"}
{"ts":1771453951669,"action":"IDE_ACTIVATED"}
{"ts":1771453958951,"action":"PROJECT_CLOSED","tags":{"PROJECT_NAME":"faktura_scanner_flask"}}
{"ts":1771492087872,"action":"FILE_OPENED","file":"/static/js/modals.js","tags":{"FILE_LINE_OF_CODE":"263"}}
{"ts":1771492088939,"action":"PROJECT_OPENED","tags":{"PROJECT_NAME":"faktura_scanner_flask"}}
{"ts":1771492113120,"action":"IDE_DEACTIVATED"}
{"ts":1771492626939,"action":"IDE_ACTIVATED"}
{"ts":1771492643291,"action":"PROJECT_CLOSED","tags":{"PROJECT_NAME":"faktura_scanner_flask"}}
{"ts":1771525588570,"action":"FILE_OPENED","file":"/static/js/modals.js","tags":{"FILE_LINE_OF_CODE":"263"}}
{"ts":1771525588811,"action":"PROJECT_OPENED","tags":{"PROJECT_NAME":"faktura_scanner_flask"}}
{"ts":1771525589731,"action":"IDE_DEACTIVATED"}
{"ts":1771525589840,"action":"IDE_ACTIVATED"}
{"ts":1771525657709,"action":"IDE_DEACTIVATED"}
{"ts":1771526179357,"action":"IDE_ACTIVATED"}
{"ts":1771526183977,"action":"IDE_DEACTIVATED"}
{"ts":1771527312018,"action":"IDE_ACTIVATED"}
{"ts":1771527312421,"action":"PROJECT_CLOSED","tags":{"PROJECT_NAME":"faktura_scanner_flask"}}
{"ts":1771577928810,"action":"FILE_OPENED","file":"/static/js/modals.js","tags":{"FILE_LINE_OF_CODE":"263"}}
{"ts":1771577930141,"action":"PROJECT_OPENED","tags":{"PROJECT_NAME":"faktura_scanner_flask"}}
{"ts":1771577946887,"action":"PROJECT_CLOSED","tags":{"PROJECT_NAME":"faktura_scanner_flask"}}
{"ts":1771697057087,"action":"FILE_OPENED","file":"/static/js/modals.js","tags":{"FILE_LINE_OF_CODE":"263"}}
{"ts":1771697057236,"action":"PROJECT_OPENED","tags":{"PROJECT_NAME":"faktura_scanner_flask"}}
{"ts":1771697086806,"action":"IDE_DEACTIVATED"}
{"ts":1771837315653,"action":"IDE_ACTIVATED"}
{"ts":1771837322464,"action":"IDE_DEACTIVATED"}
{"ts":1771837557280,"action":"IDE_ACTIVATED"}
{"ts":1771837561575,"action":"IDE_DEACTIVATED"}
{"ts":1771837562765,"action":"IDE_ACTIVATED"}
{"ts":1771837563023,"action":"PROJECT_CLOSED","tags":{"PROJECT_NAME":"faktura_scanner_flask"}}
{"ts":1771869654800,"action":"FILE_OPENED","file":"/static/js/modals.js","tags":{"FILE_LINE_OF_CODE":"263"}}
{"ts":1771869655202,"action":"PROJECT_OPENED","tags":{"PROJECT_NAME":"faktura_scanner_flask"}}
{"ts":1771869693070,"action":"FILE_CLOSED","file":"/static/js/modals.js","tags":{"FILE_LINE_OF_CODE":"263"}}
{"ts":1771869693070,"action":"FILE_OPENED","file":"/categories.csv","tags":{"FILE_LINE_OF_CODE":"14"}}
{"ts":1771869794335,"action":"IDE_DEACTIVATED"}
{"ts":1771869883539,"action":"IDE_ACTIVATED"}
{"ts":1771869912047,"action":"FILE_CLOSED","file":"/categories.csv","tags":{"FILE_LINE_OF_CODE":"14"}}
{"ts":1771869912047,"action":"FILE_OPENED","file":"/database/models.py","tags":{"FILE_LINE_OF_CODE":"364"}}
{"ts":1771869929953,"action":"IDE_DEACTIVATED"}
{"ts":1771869947460,"action":"IDE_ACTIVATED"}
{"ts":1771869949247,"action":"IDE_DEACTIVATED"}
{"ts":1771869963724,"action":"IDE_ACTIVATED"}
{"ts":1771869967535,"action":"IDE_DEACTIVATED"}
{"ts":1771869970674,"action":"IDE_ACTIVATED"}
{"ts":1771869978890,"action":"IDE_DEACTIVATED"}
{"ts":1771870819366,"action":"IDE_ACTIVATED"}
{"ts":1771870844504,"action":"IDE_DEACTIVATED"}
{"ts":1771870844627,"action":"IDE_ACTIVATED"}
{"ts":1771870852403,"action":"IDE_DEACTIVATED"}
{"ts":1771870863011,"action":"IDE_ACTIVATED"}
{"ts":1771870889279,"action":"IDE_DEACTIVATED"}
{"ts":1771870890098,"action":"IDE_ACTIVATED"}
{"ts":1771871480783,"action":"IDE_DEACTIVATED"}
{"ts":1771871480867,"action":"IDE_ACTIVATED"}
{"ts":1771871482067,"action":"IDE_DEACTIVATED"}
{"ts":1771871485926,"action":"IDE_ACTIVATED"}
{"ts":1771871488130,"action":"IDE_DEACTIVATED"}
{"ts":1771871516941,"action":"IDE_ACTIVATED"}
{"ts":1771871517627,"action":"IDE_DEACTIVATED"}
{"ts":1771871538745,"action":"IDE_ACTIVATED"}
{"ts":1771871540801,"action":"IDE_DEACTIVATED"}
{"ts":1771871543611,"action":"IDE_ACTIVATED"}
{"ts":1771871547282,"action":"FILE_CLOSED","file":"/database/models.py","tags":{"FILE_LINE_OF_CODE":"364"}}
{"ts":1771871549810,"action":"FILE_OPENED","file":"/database/models.py","tags":{"FILE_LINE_OF_CODE":"364"}}
{"ts":1771871556740,"action":"IDE_DEACTIVATED"}
{"ts":1771871570477,"action":"IDE_ACTIVATED"}
{"ts":1771871587826,"action":"IDE_DEACTIVATED"}
{"ts":1771871678931,"action":"IDE_ACTIVATED"}
{"ts":1771871803216,"action":"IDE_DEACTIVATED"}
{"ts":1771871813370,"action":"IDE_ACTIVATED"}
{"ts":1771871830325,"action":"IDE_DEACTIVATED"}
{"ts":1771871863329,"action":"IDE_ACTIVATED"}
{"ts":1771871898970,"action":"IDE_DEACTIVATED"}
{"ts":1771871903674,"action":"IDE_ACTIVATED"}
{"ts":1771871927584,"action":"IDE_DEACTIVATED"}
{"ts":1771871929587,"action":"IDE_ACTIVATED"}
{"ts":1771872005065,"action":"IDE_DEACTIVATED"}
{"ts":1771872005683,"action":"IDE_ACTIVATED"}
{"ts":1771872174644,"action":"IDE_DEACTIVATED"}
{"ts":1771872175738,"action":"IDE_ACTIVATED"}
{"ts":1771872295400,"action":"IDE_DEACTIVATED"}
{"ts":1771872295881,"action":"IDE_ACTIVATED"}
{"ts":1771872320411,"action":"IDE_DEACTIVATED"}
{"ts":1771872333037,"action":"IDE_ACTIVATED"}
{"ts":1771872355193,"action":"IDE_DEACTIVATED"}
{"ts":1771872357885,"action":"IDE_ACTIVATED"}
{"ts":1771872424877,"action":"IDE_DEACTIVATED"}
{"ts":1771872436228,"action":"IDE_ACTIVATED"}
{"ts":1771872455768,"action":"IDE_DEACTIVATED"}
{"ts":1771872456888,"action":"IDE_ACTIVATED"}
{"ts":1771872461461,"action":"IDE_DEACTIVATED"}
{"ts":1771872466040,"action":"IDE_ACTIVATED"}
{"ts":1771872468700,"action":"IDE_DEACTIVATED"}
{"ts":1771872474456,"action":"IDE_ACTIVATED"}
{"ts":1771872477244,"action":"IDE_DEACTIVATED"}
{"ts":1771872483780,"action":"IDE_ACTIVATED"}
{"ts":1771872498423,"action":"IDE_DEACTIVATED"}
{"ts":1771872519894,"action":"IDE_ACTIVATED"}
{"ts":1771872647952,"action":"IDE_DEACTIVATED"}
{"ts":1771872672706,"action":"IDE_ACTIVATED"}
{"ts":1771872696288,"action":"IDE_DEACTIVATED"}
{"ts":1771872699949,"action":"IDE_ACTIVATED"}
{"ts":1771872718017,"action":"IDE_DEACTIVATED"}
{"ts":1771872725285,"action":"IDE_ACTIVATED"}
{"ts":1771872841152,"action":"IDE_DEACTIVATED"}
{"ts":1771872862105,"action":"IDE_ACTIVATED"}
{"ts":1771872874055,"action":"IDE_DEACTIVATED"}
{"ts":1771872882127,"action":"IDE_ACTIVATED"}
{"ts":1771872889076,"action":"IDE_DEACTIVATED"}
{"ts":1771872905955,"action":"IDE_ACTIVATED"}
{"ts":1771872966988,"action":"IDE_DEACTIVATED"}
{"ts":1771872968029,"action":"IDE_ACTIVATED"}
{"ts":1771873047690,"action":"IDE_DEACTIVATED"}
{"ts":1771873048748,"action":"IDE_ACTIVATED"}
{"ts":1771873051307,"action":"IDE_DEACTIVATED"}
{"ts":1771873129231,"action":"IDE_ACTIVATED"}
{"ts":1771873145716,"action":"IDE_DEACTIVATED"}
{"ts":1771873146688,"action":"IDE_ACTIVATED"}
{"ts":1771873150894,"action":"IDE_DEACTIVATED"}
{"ts":1771873230483,"action":"IDE_ACTIVATED"}
{"ts":1771873232333,"action":"IDE_DEACTIVATED"}
{"ts":1771873232414,"action":"IDE_ACTIVATED"}
{"ts":1771873697764,"action":"IDE_DEACTIVATED"}
{"ts":1771873731585,"action":"IDE_ACTIVATED"}
{"ts":1771873979065,"action":"IDE_DEACTIVATED"}
{"ts":1771873988064,"action":"IDE_ACTIVATED"}
{"ts":1771874028956,"action":"IDE_DEACTIVATED"}
{"ts":1771874032664,"action":"IDE_ACTIVATED"}
{"ts":1771874226794,"action":"IDE_DEACTIVATED"}
{"ts":1771874231481,"action":"IDE_ACTIVATED"}
{"ts":1771874246860,"action":"IDE_DEACTIVATED"}
{"ts":1771874246927,"action":"IDE_ACTIVATED"}
{"ts":1771874419259,"action":"IDE_DEACTIVATED"}
{"ts":1771874419951,"action":"IDE_ACTIVATED"}
{"ts":1771874421245,"action":"IDE_DEACTIVATED"}
{"ts":1771874421446,"action":"IDE_ACTIVATED"}
{"ts":1771874544621,"action":"IDE_DEACTIVATED"}
{"ts":1771874545532,"action":"IDE_ACTIVATED"}
{"ts":1771874547128,"action":"IDE_DEACTIVATED"}
{"ts":1771874547692,"action":"IDE_ACTIVATED"}
{"ts":1771874576756,"action":"IDE_DEACTIVATED"}
{"ts":1771874579015,"action":"IDE_ACTIVATED"}
{"ts":1771874581828,"action":"IDE_DEACTIVATED"}
{"ts":1771874585287,"action":"IDE_ACTIVATED"}
{"ts":1771874586316,"action":"IDE_DEACTIVATED"}
{"ts":1771874587218,"action":"IDE_ACTIVATED"}
{"ts":1771874590879,"action":"IDE_DEACTIVATED"}
{"ts":1771875937658,"action":"IDE_ACTIVATED"}
{"ts":1771875939242,"action":"IDE_DEACTIVATED"}
{"ts":1771876056261,"action":"IDE_ACTIVATED"}
{"ts":1771876057576,"action":"IDE_DEACTIVATED"}
{"ts":1771876059302,"action":"IDE_ACTIVATED"}
{"ts":1771876106626,"action":"IDE_DEACTIVATED"}
{"ts":1771876110925,"action":"IDE_ACTIVATED"}
{"ts":1771876112625,"action":"IDE_DEACTIVATED"}
{"ts":1771876121332,"action":"IDE_ACTIVATED"}
{"ts":1771876125004,"action":"IDE_DEACTIVATED"}
{"ts":1771876149635,"action":"IDE_ACTIVATED"}
{"ts":1771876177873,"action":"IDE_DEACTIVATED"}
{"ts":1771876180822,"action":"IDE_ACTIVATED"}
{"ts":1771876182041,"action":"IDE_DEACTIVATED"}
{"ts":1771876186173,"action":"IDE_ACTIVATED"}
{"ts":1771876187713,"action":"IDE_DEACTIVATED"}
{"ts":1771876190428,"action":"IDE_ACTIVATED"}
{"ts":1771876221898,"action":"IDE_DEACTIVATED"}
{"ts":1771876224549,"action":"IDE_ACTIVATED"}
{"ts":1771876248487,"action":"IDE_DEACTIVATED"}
{"ts":1771876252031,"action":"IDE_ACTIVATED"}
{"ts":1771876257867,"action":"IDE_DEACTIVATED"}
{"ts":1771876266562,"action":"IDE_ACTIVATED"}
{"ts":1771876292637,"action":"IDE_DEACTIVATED"}
{"ts":1771876293694,"action":"IDE_ACTIVATED"}
{"ts":1771876295367,"action":"IDE_DEACTIVATED"}
{"ts":1771876295462,"action":"IDE_ACTIVATED"}
{"ts":1771876338155,"action":"IDE_DEACTIVATED"}
{"ts":1771876338568,"action":"IDE_ACTIVATED"}
{"ts":1771876344171,"action":"IDE_DEACTIVATED"}
{"ts":1771876344789,"action":"IDE_ACTIVATED"}
{"ts":1771876398000,"action":"IDE_DEACTIVATED"}
{"ts":1771876398513,"action":"IDE_ACTIVATED"}
{"ts":1771876404210,"action":"IDE_DEACTIVATED"}
{"ts":1771876404292,"action":"IDE_ACTIVATED"}
{"ts":1771876405890,"action":"IDE_DEACTIVATED"}
{"ts":1771876405973,"action":"IDE_ACTIVATED"}
{"ts":1771876409009,"action":"IDE_DEACTIVATED"}
{"ts":1771876409093,"action":"IDE_ACTIVATED"}
{"ts":1771876410361,"action":"IDE_DEACTIVATED"}
{"ts":1771876410522,"action":"IDE_ACTIVATED"}
{"ts":1771876424303,"action":"IDE_DEACTIVATED"}
{"ts":1771876462344,"action":"IDE_ACTIVATED"}
{"ts":1771876488732,"action":"IDE_DEACTIVATED"}
{"ts":1771876521830,"action":"IDE_ACTIVATED"}
{"ts":1771876599141,"action":"IDE_DEACTIVATED"}
{"ts":1771876603282,"action":"IDE_ACTIVATED"}
{"ts":1771876971564,"action":"IDE_DEACTIVATED"}
{"ts":1771877771050,"action":"IDE_ACTIVATED"}
{"ts":1771877776218,"action":"IDE_DEACTIVATED"}
{"ts":1771877791178,"action":"IDE_ACTIVATED"}
{"ts":1771877792261,"action":"IDE_DEACTIVATED"}
{"ts":1771877834762,"action":"IDE_ACTIVATED"}
{"ts":1771877836212,"action":"IDE_DEACTIVATED"}
{"ts":1771877845060,"action":"IDE_ACTIVATED"}
{"ts":1771877849434,"action":"IDE_DEACTIVATED"}
{"ts":1771877867059,"action":"IDE_ACTIVATED"}
{"ts":1771877868843,"action":"IDE_DEACTIVATED"}
{"ts":1771877941188,"action":"IDE_ACTIVATED"}
{"ts":1771877973588,"action":"IDE_DEACTIVATED"}
{"ts":1771877984758,"action":"IDE_ACTIVATED"}
{"ts":1771878042376,"action":"IDE_DEACTIVATED"}
{"ts":1771878043843,"action":"IDE_ACTIVATED"}
{"ts":1771878047638,"action":"IDE_DEACTIVATED"}
{"ts":1771878047721,"action":"IDE_ACTIVATED"}
{"ts":1771878128448,"action":"IDE_DEACTIVATED"}
{"ts":1771878133777,"action":"IDE_ACTIVATED"}
{"ts":1771878138481,"action":"IDE_DEACTIVATED"}
{"ts":1771878139583,"action":"IDE_ACTIVATED"}
{"ts":1771878587076,"action":"IDE_DEACTIVATED"}
{"ts":1771878688556,"action":"IDE_ACTIVATED"}
{"ts":1771878693974,"action":"IDE_DEACTIVATED"}
{"ts":1771878695548,"action":"IDE_ACTIVATED"}
{"ts":1771878704683,"action":"IDE_DEACTIVATED"}
{"ts":1771878791133,"action":"IDE_ACTIVATED"}
{"ts":1771878811704,"action":"IDE_DEACTIVATED"}
{"ts":1771878817739,"action":"IDE_ACTIVATED"}
{"ts":1771878887962,"action":"IDE_DEACTIVATED"}
{"ts":1771878889169,"action":"IDE_ACTIVATED"}
{"ts":1771878898943,"action":"IDE_DEACTIVATED"}
{"ts":1771878901112,"action":"IDE_ACTIVATED"}
{"ts":1771878962529,"action":"IDE_DEACTIVATED"}
{"ts":1771878991352,"action":"IDE_ACTIVATED"}
{"ts":1771878993125,"action":"IDE_DEACTIVATED"}
{"ts":1771878993861,"action":"IDE_ACTIVATED"}
{"ts":1771878997535,"action":"IDE_DEACTIVATED"}
{"ts":1771878999207,"action":"IDE_ACTIVATED"}
{"ts":1771879002441,"action":"IDE_DEACTIVATED"}
{"ts":1771879052756,"action":"IDE_ACTIVATED"}
{"ts":1771879069614,"action":"IDE_DEACTIVATED"}
{"ts":1771879133355,"action":"IDE_ACTIVATED"}
{"ts":1771879134970,"action":"IDE_DEACTIVATED"}
{"ts":1771879149348,"action":"IDE_ACTIVATED"}
{"ts":1771879200166,"action":"IDE_DEACTIVATED"}
{"ts":1771879244112,"action":"IDE_ACTIVATED"}
{"ts":1771879266733,"action":"IDE_DEACTIVATED"}
{"ts":1771879267467,"action":"IDE_ACTIVATED"}
{"ts":1771879273760,"action":"IDE_DEACTIVATED"}
{"ts":1771879275806,"action":"IDE_ACTIVATED"}
{"ts":1771879391538,"action":"IDE_DEACTIVATED"}
{"ts":1771879397359,"action":"IDE_ACTIVATED"}
{"ts":1771879653979,"action":"IDE_DEACTIVATED"}
{"ts":1771879908490,"action":"IDE_ACTIVATED"}
{"ts":1771879937722,"action":"IDE_DEACTIVATED"}
{"ts":1771879944828,"action":"IDE_ACTIVATED"}
{"ts":1771879949237,"action":"IDE_DEACTIVATED"}
{"ts":1771879963334,"action":"IDE_ACTIVATED"}
{"ts":1771879965285,"action":"IDE_DEACTIVATED"}
{"ts":1771879972967,"action":"IDE_ACTIVATED"}
{"ts":1771879977943,"action":"IDE_DEACTIVATED"}
{"ts":1771879982666,"action":"IDE_ACTIVATED"}
{"ts":1771879989726,"action":"IDE_DEACTIVATED"}
{"ts":1771880008695,"action":"IDE_ACTIVATED"}
{"ts":1771880013876,"action":"IDE_DEACTIVATED"}
{"ts":1771880028231,"action":"IDE_ACTIVATED"}
{"ts":1771880029884,"action":"IDE_DEACTIVATED"}
{"ts":1771880033105,"action":"IDE_ACTIVATED"}
{"ts":1771880034365,"action":"IDE_DEACTIVATED"}
{"ts":1771880053583,"action":"IDE_ACTIVATED"}
{"ts":1771880058802,"action":"IDE_DEACTIVATED"}
{"ts":1771880066163,"action":"IDE_ACTIVATED"}
{"ts":1771880068300,"action":"IDE_DEACTIVATED"}
{"ts":1771880072515,"action":"IDE_ACTIVATED"}
{"ts":1771880077607,"action":"IDE_DEACTIVATED"}
{"ts":1771880339003,"action":"IDE_ACTIVATED"}
{"ts":1771880340142,"action":"IDE_DEACTIVATED"}
{"ts":1771880623182,"action":"IDE_ACTIVATED"}
{"ts":1771880665940,"action":"IDE_DEACTIVATED"}
{"ts":1771881509902,"action":"IDE_ACTIVATED"}
{"ts":1771881559706,"action":"IDE_DEACTIVATED"}
{"ts":1771881629453,"action":"IDE_ACTIVATED"}
{"ts":1771881658518,"action":"IDE_DEACTIVATED"}
{"ts":1771885868894,"action":"IDE_ACTIVATED"}
{"ts":1771885885411,"action":"IDE_DEACTIVATED"}
{"ts":1771885888937,"action":"IDE_ACTIVATED"}
{"ts":1771885893858,"action":"IDE_DEACTIVATED"}
{"ts":1771885897425,"action":"IDE_ACTIVATED"}
{"ts":1771885923547,"action":"IDE_DEACTIVATED"}
{"ts":1771886208624,"action":"IDE_ACTIVATED"}
{"ts":1771886212236,"action":"IDE_DEACTIVATED"}
{"ts":1771886219835,"action":"IDE_ACTIVATED"}
{"ts":1771886237044,"action":"IDE_DEACTIVATED"}
{"ts":1771886249732,"action":"IDE_ACTIVATED"}
{"ts":1771886256145,"action":"IDE_DEACTIVATED"}
{"ts":1771886275688,"action":"IDE_ACTIVATED"}
{"ts":1771886280722,"action":"IDE_DEACTIVATED"}
{"ts":1771886286270,"action":"IDE_ACTIVATED"}
{"ts":1771886327675,"action":"IDE_DEACTIVATED"}
{"ts":1771886339055,"action":"IDE_ACTIVATED"}
{"ts":1771886384335,"action":"IDE_DEACTIVATED"}
{"ts":1771886427724,"action":"IDE_ACTIVATED"}
{"ts":1771886430542,"action":"IDE_DEACTIVATED"}
{"ts":1771886998864,"action":"IDE_ACTIVATED"}
{"ts":1771887057619,"action":"IDE_DEACTIVATED"}
{"ts":1771887062305,"action":"IDE_ACTIVATED"}
{"ts":1771887196462,"action":"IDE_DEACTIVATED"}
{"ts":1771887200859,"action":"IDE_ACTIVATED"}
{"ts":1771887226993,"action":"IDE_DEACTIVATED"}
{"ts":1771887227983,"action":"IDE_ACTIVATED"}
{"ts":1771887233258,"action":"IDE_DEACTIVATED"}
{"ts":1771887233355,"action":"IDE_ACTIVATED"}
{"ts":1771887244056,"action":"IDE_DEACTIVATED"}
{"ts":1771887244219,"action":"IDE_ACTIVATED"}
{"ts":1771887282776,"action":"IDE_DEACTIVATED"}
{"ts":1771887282993,"action":"IDE_ACTIVATED"}
{"ts":1771887284709,"action":"IDE_DEACTIVATED"}
{"ts":1771887284872,"action":"IDE_ACTIVATED"}
{"ts":1771887313379,"action":"IDE_DEACTIVATED"}
{"ts":1771887313593,"action":"IDE_ACTIVATED"}
{"ts":1771887325852,"action":"IDE_DEACTIVATED"}
{"ts":1771887326729,"action":"IDE_ACTIVATED"}
{"ts":1771887329506,"action":"IDE_DEACTIVATED"}
{"ts":1771887356690,"action":"IDE_ACTIVATED"}
{"ts":1771887357278,"action":"IDE_DEACTIVATED"}
{"ts":1771887357742,"action":"IDE_ACTIVATED"}
{"ts":1771887368072,"action":"IDE_DEACTIVATED"}
{"ts":1771887368316,"action":"IDE_ACTIVATED"}
{"ts":1771887369004,"action":"IDE_DEACTIVATED"}
{"ts":1771887382248,"action":"IDE_ACTIVATED"}
{"ts":1771887507353,"action":"IDE_DEACTIVATED"}
{"ts":1771887549451,"action":"IDE_ACTIVATED"}
{"ts":1771887601448,"action":"IDE_DEACTIVATED"}
{"ts":1771887602670,"action":"IDE_ACTIVATED"}
{"ts":1771887714039,"action":"IDE_DEACTIVATED"}
{"ts":1771887762338,"action":"IDE_ACTIVATED"}
{"ts":1771887764505,"action":"IDE_DEACTIVATED"}
{"ts":1771887767181,"action":"IDE_ACTIVATED"}
{"ts":1771887842513,"action":"IDE_DEACTIVATED"}
{"ts":1771888100108,"action":"IDE_ACTIVATED"}
{"ts":1771888100802,"action":"IDE_DEACTIVATED"}
{"ts":1771888167405,"action":"IDE_ACTIVATED"}
{"ts":1771888195771,"action":"IDE_DEACTIVATED"}
{"ts":1771888201513,"action":"IDE_ACTIVATED"}
{"ts":1771888210856,"action":"IDE_DEACTIVATED"}
{"ts":1771888527982,"action":"IDE_ACTIVATED"}
{"ts":1771888530170,"action":"IDE_DEACTIVATED"}
{"ts":1771888619303,"action":"IDE_ACTIVATED"}
{"ts":1771888626395,"action":"IDE_DEACTIVATED"}
{"ts":1771888630176,"action":"IDE_ACTIVATED"}
{"ts":1771888632825,"action":"IDE_DEACTIVATED"}
{"ts":1771888679096,"action":"IDE_ACTIVATED"}
{"ts":1771888680000,"action":"IDE_DEACTIVATED"}
{"ts":1771888685906,"action":"IDE_ACTIVATED"}
{"ts":1771888689108,"action":"IDE_DEACTIVATED"}
{"ts":1771888726678,"action":"IDE_ACTIVATED"}
{"ts":1771888728152,"action":"IDE_DEACTIVATED"}
{"ts":1771888775899,"action":"IDE_ACTIVATED"}
{"ts":1771888777893,"action":"IDE_DEACTIVATED"}
{"ts":1771888814782,"action":"IDE_ACTIVATED"}
{"ts":1771888823120,"action":"IDE_DEACTIVATED"}
{"ts":1771888858049,"action":"IDE_ACTIVATED"}
{"ts":1771888892196,"action":"IDE_DEACTIVATED"}
{"ts":1771888906932,"action":"IDE_ACTIVATED"}
{"ts":1771888923987,"action":"IDE_DEACTIVATED"}
{"ts":1771889120911,"action":"IDE_ACTIVATED"}
{"ts":1771889131365,"action":"IDE_DEACTIVATED"}
{"ts":1771889228501,"action":"IDE_ACTIVATED"}
{"ts":1771889229082,"action":"IDE_DEACTIVATED"}
{"ts":1771889444516,"action":"IDE_ACTIVATED"}
{"ts":1771889464237,"action":"IDE_DEACTIVATED"}
{"ts":1771889465428,"action":"IDE_ACTIVATED"}
{"ts":1771889467161,"action":"IDE_DEACTIVATED"}
{"ts":1771889534986,"action":"IDE_ACTIVATED"}
{"ts":1771889565074,"action":"IDE_DEACTIVATED"}
{"ts":1771889588138,"action":"IDE_ACTIVATED"}
{"ts":1771889591114,"action":"IDE_DEACTIVATED"}
{"ts":1771889615698,"action":"IDE_ACTIVATED"}
{"ts":1771889616487,"action":"IDE_DEACTIVATED"}
{"ts":1771889631918,"action":"IDE_ACTIVATED"}
{"ts":1771889638138,"action":"IDE_DEACTIVATED"}
{"ts":1771889846436,"action":"IDE_ACTIVATED"}
{"ts":1771889872092,"action":"IDE_DEACTIVATED"}
{"ts":1771889882532,"action":"IDE_ACTIVATED"}
{"ts":1771889957242,"action":"IDE_DEACTIVATED"}
{"ts":1771889968607,"action":"IDE_ACTIVATED"}
{"ts":1771889985184,"action":"IDE_DEACTIVATED"}
{"ts":1771889992823,"action":"IDE_ACTIVATED"}
{"ts":1771889993383,"action":"IDE_DEACTIVATED"}
{"ts":1771890004881,"action":"IDE_ACTIVATED"}
{"ts":1771890025932,"action":"IDE_DEACTIVATED"}
{"ts":1771890077150,"action":"IDE_ACTIVATED"}
{"ts":1771890080758,"action":"IDE_DEACTIVATED"}
{"ts":1771890248224,"action":"IDE_ACTIVATED"}
{"ts":1771890292486,"action":"IDE_DEACTIVATED"}
{"ts":1771890324120,"action":"IDE_ACTIVATED"}
{"ts":1771890328695,"action":"IDE_DEACTIVATED"}
{"ts":1771890339440,"action":"IDE_ACTIVATED"}
{"ts":1771890343268,"action":"IDE_DEACTIVATED"}
{"ts":1771890349633,"action":"IDE_ACTIVATED"}
{"ts":1771890368448,"action":"IDE_DEACTIVATED"}
{"ts":1771890401625,"action":"IDE_ACTIVATED"}
{"ts":1771890403042,"action":"IDE_DEACTIVATED"}
{"ts":1771890809214,"action":"IDE_ACTIVATED"}
{"ts":1771890814620,"action":"IDE_DEACTIVATED"}
{"ts":1771890815205,"action":"IDE_ACTIVATED"}
{"ts":1771891006159,"action":"IDE_DEACTIVATED"}
{"ts":1771891007182,"action":"IDE_ACTIVATED"}
{"ts":1771891007832,"action":"IDE_DEACTIVATED"}
{"ts":1771891007931,"action":"IDE_ACTIVATED"}
{"ts":1771891109904,"action":"IDE_DEACTIVATED"}
{"ts":1771891110703,"action":"IDE_ACTIVATED"}
{"ts":1771891215199,"action":"IDE_DEACTIVATED"}
{"ts":1771892030538,"action":"IDE_ACTIVATED"}
{"ts":1771892280887,"action":"IDE_DEACTIVATED"}
{"ts":1771892315491,"action":"IDE_ACTIVATED"}
{"ts":1771892441994,"action":"IDE_DEACTIVATED"}
{"ts":1771892443996,"action":"IDE_ACTIVATED"}
{"ts":1771892458911,"action":"IDE_DEACTIVATED"}
{"ts":1771892465512,"action":"IDE_ACTIVATED"}
{"ts":1771893109113,"action":"IDE_DEACTIVATED"}
{"ts":1771893157724,"action":"IDE_ACTIVATED"}
{"ts":1771893203686,"action":"IDE_DEACTIVATED"}
{"ts":1771893205441,"action":"IDE_ACTIVATED"}
{"ts":1771893365208,"action":"IDE_DEACTIVATED"}
{"ts":1771893372859,"action":"IDE_ACTIVATED"}
{"ts":1771893442406,"action":"IDE_DEACTIVATED"}
{"ts":1771893726237,"action":"IDE_ACTIVATED"}
{"ts":1771893931894,"action":"IDE_DEACTIVATED"}
{"ts":1771894078898,"action":"IDE_ACTIVATED"}
{"ts":1771894079637,"action":"IDE_DEACTIVATED"}
{"ts":1771894639405,"action":"IDE_ACTIVATED"}
{"ts":1771894639813,"action":"IDE_DEACTIVATED"}
{"ts":1771894954152,"action":"IDE_ACTIVATED"}
{"ts":1771895013797,"action":"IDE_DEACTIVATED"}
{"ts":1771895025738,"action":"IDE_ACTIVATED"}
{"ts":1771895039376,"action":"IDE_DEACTIVATED"}
{"ts":1771895057160,"action":"IDE_ACTIVATED"}
{"ts":1771895098733,"action":"IDE_DEACTIVATED"}
{"ts":1771895109407,"action":"IDE_ACTIVATED"}
{"ts":1771895126952,"action":"IDE_DEACTIVATED"}
{"ts":1771895198429,"action":"IDE_ACTIVATED"}
{"ts":1771895198756,"action":"IDE_DEACTIVATED"}
{"ts":1771895219531,"action":"IDE_ACTIVATED"}
{"ts":1771895220099,"action":"IDE_DEACTIVATED"}
{"ts":1771895348465,"action":"IDE_ACTIVATED"}
{"ts":1771895356971,"action":"IDE_DEACTIVATED"}
{"ts":1771895371098,"action":"IDE_ACTIVATED"}
{"ts":1771895418477,"action":"IDE_DEACTIVATED"}
{"ts":1771895457487,"action":"IDE_ACTIVATED"}
{"ts":1771895467297,"action":"IDE_DEACTIVATED"}
{"ts":1771895493983,"action":"IDE_ACTIVATED"}
{"ts":1771895770154,"action":"IDE_DEACTIVATED"}
{"ts":1771895778881,"action":"IDE_ACTIVATED"}
{"ts":1771895911142,"action":"IDE_DEACTIVATED"}
{"ts":1771896229133,"action":"IDE_ACTIVATED"}
{"ts":1771896237705,"action":"IDE_DEACTIVATED"}
{"ts":1771896251490,"action":"IDE_ACTIVATED"}
{"ts":1771896261699,"action":"IDE_DEACTIVATED"}
{"ts":1771896434899,"action":"IDE_ACTIVATED"}
{"ts":1771896532282,"action":"IDE_DEACTIVATED"}
{"ts":1771896542621,"action":"IDE_ACTIVATED"}
{"ts":1771896568527,"action":"IDE_DEACTIVATED"}
{"ts":1771896572592,"action":"IDE_ACTIVATED"}
{"ts":1771897036087,"action":"IDE_DEACTIVATED"}
{"ts":1771897041416,"action":"IDE_ACTIVATED"}
{"ts":1771897047249,"action":"IDE_DEACTIVATED"}
{"ts":1771897047369,"action":"IDE_ACTIVATED"}
{"ts":1771897051560,"action":"IDE_DEACTIVATED"}
{"ts":1771897051697,"action":"IDE_ACTIVATED"}
{"ts":1771897106558,"action":"IDE_DEACTIVATED"}
{"ts":1771897106675,"action":"IDE_ACTIVATED"}
{"ts":1771897154255,"action":"IDE_DEACTIVATED"}
{"ts":1771897154370,"action":"IDE_ACTIVATED"}
{"ts":1771897155628,"action":"IDE_DEACTIVATED"}
{"ts":1771897155733,"action":"IDE_ACTIVATED"}
{"ts":1771897240883,"action":"FILE_CLOSED","file":"/database/models.py","tags":{"FILE_LINE_OF_CODE":"364"}}
{"ts":1771897240883,"action":"FILE_OPENED","file":"/scripts/import_appointments_from_excel.py","tags":{"FILE_LINE_OF_CODE":"601"}}
{"ts":1771897357354,"action":"FILE_CLOSED","file":"/scripts/import_appointments_from_excel.py","tags":{"FILE_LINE_OF_CODE":"601"}}
{"ts":1771897357354,"action":"FILE_OPENED","file":"/requirements.txt","tags":{"FILE_LINE_OF_CODE":"28"}}
{"ts":1771897362901,"action":"FILE_CLOSED","file":"/requirements.txt","tags":{"FILE_LINE_OF_CODE":"28"}}
{"ts":1771897362901,"action":"FILE_OPENED","file":"/scripts/import_appointments_from_excel.py","tags":{"FILE_LINE_OF_CODE":"601"}}
{"ts":1771897381706,"action":"FILE_CLOSED","file":"/scripts/import_appointments_from_excel.py","tags":{"FILE_LINE_OF_CODE":"601"}}
{"ts":1771897381706,"action":"FILE_OPENED","file":"/requirements.txt","tags":{"FILE_LINE_OF_CODE":"28"}}
{"ts":1771897388940,"action":"FILE_CLOSED","file":"/requirements.txt","tags":{"FILE_LINE_OF_CODE":"28"}}
{"ts":1771897388940,"action":"FILE_OPENED","file":"/scripts/import_appointments_from_excel.py","tags":{"FILE_LINE_OF_CODE":"601"}}
{"ts":1771897394262,"action":"FILE_CLOSED","file":"/scripts/import_appointments_from_excel.py","tags":{"FILE_LINE_OF_CODE":"601"}}
{"ts":1771897394262,"action":"FILE_OPENED","file":"/static/js/past_visits_scanner.js","tags":{"FILE_LINE_OF_CODE":"305"}}
{"ts":1771897559493,"action":"IDE_DEACTIVATED"}
{"ts":1771897769198,"action":"IDE_ACTIVATED"}
{"ts":1771897774948,"action":"IDE_DEACTIVATED"}
{"ts":1771897788912,"action":"IDE_ACTIVATED"}
{"ts":1771897800288,"action":"IDE_DEACTIVATED"}
{"ts":1771897882855,"action":"IDE_ACTIVATED"}
{"ts":1771897940486,"action":"IDE_DEACTIVATED"}
{"ts":1771898306983,"action":"IDE_ACTIVATED"}
{"ts":1771898399996,"action":"IDE_DEACTIVATED"}
{"ts":1771898401213,"action":"IDE_ACTIVATED"}
{"ts":1771898414224,"action":"IDE_DEACTIVATED"}
{"ts":1771898415714,"action":"IDE_ACTIVATED"}
{"ts":1771898422916,"action":"IDE_DEACTIVATED"}
{"ts":1771898435580,"action":"IDE_ACTIVATED"}
{"ts":1771898441556,"action":"IDE_DEACTIVATED"}
{"ts":1771898445223,"action":"IDE_ACTIVATED"}
{"ts":1771898446985,"action":"IDE_DEACTIVATED"}
{"ts":1771898936906,"action":"IDE_ACTIVATED"}
{"ts":1771898952762,"action":"IDE_DEACTIVATED"}
{"ts":1771898952910,"action":"IDE_ACTIVATED"}
{"ts":1771899021599,"action":"IDE_DEACTIVATED"}
{"ts":1771899022633,"action":"IDE_ACTIVATED"}
{"ts":1771899029891,"action":"IDE_DEACTIVATED"}
{"ts":1771899034819,"action":"IDE_ACTIVATED"}
{"ts":1771899053407,"action":"IDE_DEACTIVATED"}
{"ts":1771899086626,"action":"IDE_ACTIVATED"}
{"ts":1771899255231,"action":"IDE_DEACTIVATED"}
{"ts":1771899269992,"action":"IDE_ACTIVATED"}
{"ts":1771899270388,"action":"IDE_DEACTIVATED"}
{"ts":1771899348502,"action":"IDE_ACTIVATED"}
{"ts":1771899405037,"action":"IDE_DEACTIVATED"}
{"ts":1771899418317,"action":"IDE_ACTIVATED"}
{"ts":1771899503105,"action":"IDE_DEACTIVATED"}
{"ts":1771899509231,"action":"IDE_ACTIVATED"}
{"ts":1771899682928,"action":"IDE_DEACTIVATED"}
{"ts":1771899685916,"action":"IDE_ACTIVATED"}
{"ts":1771899689685,"action":"FILE_CLOSED","file":"/static/js/past_visits_scanner.js","tags":{"FILE_LINE_OF_CODE":"305"}}
{"ts":1771899689685,"action":"FILE_OPENED","file":"/database/models.py","tags":{"FILE_LINE_OF_CODE":"364"}}
{"ts":1771899727359,"action":"IDE_DEACTIVATED"}
{"ts":1771899731943,"action":"IDE_ACTIVATED"}
{"ts":1771899756490,"action":"IDE_DEACTIVATED"}
{"ts":1771899756704,"action":"IDE_ACTIVATED"}
{"ts":1771899757516,"action":"IDE_DEACTIVATED"}
{"ts":1771899758397,"action":"IDE_ACTIVATED"}
{"ts":1771899823146,"action":"IDE_DEACTIVATED"}
{"ts":1771899836910,"action":"IDE_ACTIVATED"}
{"ts":1771900498642,"action":"IDE_DEACTIVATED"}
{"ts":1771900498713,"action":"IDE_ACTIVATED"}
{"ts":1771900515884,"action":"IDE_DEACTIVATED"}
{"ts":1771900589786,"action":"IDE_ACTIVATED"}
{"ts":1771900590197,"action":"IDE_DEACTIVATED"}
{"ts":1771900681219,"action":"IDE_ACTIVATED"}
{"ts":1771900704493,"action":"FILE_CLOSED","file":"/database/models.py","tags":{"FILE_LINE_OF_CODE":"364"}}
{"ts":1771900704493,"action":"FILE_OPENED","file":"/templates/appointments/calendar.html","tags":{"FILE_LINE_OF_CODE":"802"}}
{"ts":1771900822183,"action":"IDE_DEACTIVATED"}
{"ts":1771900829165,"action":"IDE_ACTIVATED"}
{"ts":1771900864789,"action":"IDE_DEACTIVATED"}
{"ts":1771900866789,"action":"IDE_ACTIVATED"}
{"ts":1771900870777,"action":"FILE_CLOSED","file":"/templates/appointments/calendar.html","tags":{"FILE_LINE_OF_CODE":"802"}}
{"ts":1771900870777,"action":"FILE_OPENED","file":"/templates/appointments/calendar_month.html","tags":{"FILE_LINE_OF_CODE":"808"}}
{"ts":1771900943873,"action":"FILE_CLOSED","file":"/templates/appointments/calendar_month.html","tags":{"FILE_LINE_OF_CODE":"808"}}
{"ts":1771900943873,"action":"FILE_OPENED","file":"/templates/appointments/calendar_week.html","tags":{"FILE_LINE_OF_CODE":"949"}}
{"ts":1771900983257,"action":"IDE_DEACTIVATED"}
{"ts":1771901007017,"action":"IDE_ACTIVATED"}
{"ts":1771901066888,"action":"IDE_DEACTIVATED"}
{"ts":1771901103861,"action":"IDE_ACTIVATED"}
{"ts":1771901106438,"action":"FILE_CLOSED","file":"/templates/appointments/calendar_week.html","tags":{"FILE_LINE_OF_CODE":"949"}}
{"ts":1771901106438,"action":"FILE_OPENED","file":"/templates/appointments/calendar_month.html","tags":{"FILE_LINE_OF_CODE":"808"}}
{"ts":1771901239218,"action":"IDE_DEACTIVATED"}
{"ts":1771901247211,"action":"IDE_ACTIVATED"}
{"ts":1771901300205,"action":"IDE_DEACTIVATED"}
{"ts":1771901302188,"action":"IDE_ACTIVATED"}
{"ts":1771901303544,"action":"IDE_DEACTIVATED"}
{"ts":1771901321489,"action":"IDE_ACTIVATED"}
{"ts":1771901371368,"action":"IDE_DEACTIVATED"}
{"ts":1771901374292,"action":"IDE_ACTIVATED"}
{"ts":1771901384309,"action":"IDE_DEACTIVATED"}
{"ts":1771901390299,"action":"IDE_ACTIVATED"}
{"ts":1771901496206,"action":"IDE_DEACTIVATED"}
{"ts":1771901496985,"action":"IDE_ACTIVATED"}
{"ts":1771903301133,"action":"IDE_DEACTIVATED"}
{"ts":1771903320265,"action":"IDE_ACTIVATED"}
{"ts":1771903327977,"action":"IDE_DEACTIVATED"}
{"ts":1771903328811,"action":"IDE_ACTIVATED"}
{"ts":1771903503417,"action":"IDE_DEACTIVATED"}
{"ts":1771903559320,"action":"IDE_ACTIVATED"}
{"ts":1771903676468,"action":"IDE_DEACTIVATED"}
{"ts":1771903680953,"action":"IDE_ACTIVATED"}
{"ts":1771903687360,"action":"FILE_CLOSED","file":"/templates/appointments/calendar_month.html","tags":{"FILE_LINE_OF_CODE":"807"}}
{"ts":1771903687360,"action":"FILE_OPENED","file":"/services/appointment_service.py","tags":{"FILE_LINE_OF_CODE":"577"}}
{"ts":1771903871109,"action":"FILE_CLOSED","file":"/services/appointment_service.py","tags":{"FILE_LINE_OF_CODE":"577"}}
{"ts":1771903871109,"action":"FILE_OPENED","file":"/routes/appointment_routes.py","tags":{"FILE_LINE_OF_CODE":"632"}}
{"ts":1771903919942,"action":"FILE_CLOSED","file":"/routes/appointment_routes.py","tags":{"FILE_LINE_OF_CODE":"632"}}
{"ts":1771903919942,"action":"FILE_OPENED","file":"/routes/api_routes.py","tags":{"FILE_LINE_OF_CODE":"2727"}}
{"ts":1771903958390,"action":"FILE_CLOSED","file":"/routes/api_routes.py","tags":{"FILE_LINE_OF_CODE":"2727"}}
{"ts":1771903958390,"action":"FILE_OPENED","file":"/routes/appointment_routes.py","tags":{"FILE_LINE_OF_CODE":"632"}}
{"ts":1771903963074,"action":"FILE_CLOSED","file":"/routes/appointment_routes.py","tags":{"FILE_LINE_OF_CODE":"632"}}
{"ts":1771903963075,"action":"FILE_OPENED","file":"/routes/employee_service_routes.py","tags":{"FILE_LINE_OF_CODE":"136"}}
{"ts":1771903973994,"action":"FILE_CLOSED","file":"/routes/employee_service_routes.py","tags":{"FILE_LINE_OF_CODE":"136"}}
{"ts":1771903973994,"action":"FILE_OPENED","file":"/routes/appointment_routes.py","tags":{"FILE_LINE_OF_CODE":"632"}}
{"ts":1771904144751,"action":"FILE_CLOSED","file":"/routes/appointment_routes.py","tags":{"FILE_LINE_OF_CODE":"632"}}
{"ts":1771904144751,"action":"FILE_OPENED","file":"/repositories/appointments/appointment_repository.py","tags":{"FILE_LINE_OF_CODE":"529"}}
{"ts":1771904508368,"action":"FILE_CLOSED","file":"/repositories/appointments/appointment_repository.py","tags":{"FILE_LINE_OF_CODE":"529"}}
{"ts":1771904508368,"action":"FILE_OPENED","file":"/templates/appointments/calendar_month.html","tags":{"FILE_LINE_OF_CODE":"807"}}
{"ts":1771904605382,"action":"IDE_DEACTIVATED"}
{"ts":1771904605476,"action":"IDE_ACTIVATED"}
{"ts":1771904704181,"action":"IDE_DEACTIVATED"}
{"ts":1771904704310,"action":"IDE_ACTIVATED"}
{"ts":1771904707086,"action":"PROJECT_CLOSED","tags":{"PROJECT_NAME":"faktura_scanner_flask"}}
{"ts":1771946027948,"action":"FILE_OPENED","file":"/templates/appointments/calendar_month.html","tags":{"FILE_LINE_OF_CODE":"807"}}
{"ts":1771946029333,"action":"PROJECT_OPENED","tags":{"PROJECT_NAME":"faktura_scanner_flask"}}
{"ts":1771946061185,"action":"IDE_DEACTIVATED"}
{"ts":1771947276344,"action":"IDE_ACTIVATED"}
{"ts":1771947306707,"action":"FILE_CLOSED","file":"/templates/appointments/calendar_month.html","tags":{"FILE_LINE_OF_CODE":"807"}}
{"ts":1771947306707,"action":"FILE_OPENED","file":"/VPS_DEPLOYMENT.md","tags":{"FILE_LINE_OF_CODE":"110"}}
{"ts":1771947333862,"action":"IDE_DEACTIVATED"}
{"ts":1771947333969,"action":"IDE_ACTIVATED"}
{"ts":1771947387583,"action":"FILE_CLOSED","file":"/VPS_DEPLOYMENT.md","tags":{"FILE_LINE_OF_CODE":"110"}}
{"ts":1771947388912,"action":"IDE_DEACTIVATED"}
{"ts":1771947388991,"action":"IDE_ACTIVATED"}
{"ts":1771947400216,"action":"IDE_DEACTIVATED"}
{"ts":1771947426615,"action":"IDE_ACTIVATED"}
{"ts":1771947572557,"action":"IDE_DEACTIVATED"}
{"ts":1771947670067,"action":"IDE_ACTIVATED"}
{"ts":1771947672247,"action":"IDE_DEACTIVATED"}
{"ts":1771947696529,"action":"IDE_ACTIVATED"}
{"ts":1771947702172,"action":"IDE_DEACTIVATED"}
{"ts":1771947819819,"action":"IDE_ACTIVATED"}
{"ts":1771947895928,"action":"IDE_DEACTIVATED"}
{"ts":1771947896097,"action":"IDE_ACTIVATED"}
{"ts":1771948072969,"action":"IDE_DEACTIVATED"}
{"ts":1771948723215,"action":"IDE_ACTIVATED"}
{"ts":1771948741499,"action":"IDE_DEACTIVATED"}
{"ts":1771948858410,"action":"IDE_ACTIVATED"}
{"ts":1771949142730,"action":"IDE_DEACTIVATED"}
{"ts":1771949828393,"action":"IDE_ACTIVATED"}
{"ts":1771949831597,"action":"IDE_DEACTIVATED"}
{"ts":1771955245465,"action":"IDE_ACTIVATED"}
{"ts":1771955255702,"action":"IDE_DEACTIVATED"}
{"ts":1771955255791,"action":"IDE_ACTIVATED"}
{"ts":1771955368427,"action":"FILE_OPENED","file":"/config/settings.py","tags":{"FILE_LINE_OF_CODE":"105"}}
{"ts":1771955388972,"action":"IDE_DEACTIVATED"}
{"ts":1771955425400,"action":"IDE_ACTIVATED"}
{"ts":1771955426007,"action":"IDE_DEACTIVATED"}
{"ts":1771955470009,"action":"IDE_ACTIVATED"}
{"ts":1771955884883,"action":"IDE_DEACTIVATED"}
{"ts":1771955886008,"action":"IDE_ACTIVATED"}
{"ts":1771955904574,"action":"FILE_CLOSED","file":"/config/settings.py","tags":{"FILE_LINE_OF_CODE":"105"}}
{"ts":1771955904574,"action":"FILE_OPENED","file":"/repositories/clients/__init__.py","tags":{"FILE_LINE_OF_CODE":"2"}}
{"ts":1771955907871,"action":"FILE_CLOSED","file":"/repositories/clients/__init__.py","tags":{"FILE_LINE_OF_CODE":"2"}}
{"ts":1771955907871,"action":"FILE_OPENED","file":"/repositories/clients/client_preference_repository.py","tags":{"FILE_LINE_OF_CODE":"146"}}
{"ts":1771955971557,"action":"IDE_DEACTIVATED"}
{"ts":1771955971673,"action":"IDE_ACTIVATED"}
{"ts":1771955976722,"action":"IDE_DEACTIVATED"}
{"ts":1771955977344,"action":"IDE_ACTIVATED"}
{"ts":1771955978891,"action":"IDE_DEACTIVATED"}
{"ts":1771955979022,"action":"IDE_ACTIVATED"}
{"ts":1771956078303,"action":"IDE_DEACTIVATED"}
{"ts":1771956079049,"action":"IDE_ACTIVATED"}
{"ts":1771956090961,"action":"IDE_DEACTIVATED"}
{"ts":1771956091791,"action":"IDE_ACTIVATED"}
{"ts":1771956838529,"action":"IDE_DEACTIVATED"}
{"ts":1771956839163,"action":"IDE_ACTIVATED"}
{"ts":1771956974037,"action":"IDE_DEACTIVATED"}
{"ts":1771956974121,"action":"IDE_ACTIVATED"}
{"ts":1771957260452,"action":"IDE_DEACTIVATED"}
{"ts":1771957260559,"action":"IDE_ACTIVATED"}
{"ts":1771957434263,"action":"IDE_DEACTIVATED"}
{"ts":1771957434396,"action":"IDE_ACTIVATED"}
{"ts":1771957437673,"action":"IDE_DEACTIVATED"}
{"ts":1771957477734,"action":"IDE_ACTIVATED"}
{"ts":1771957602773,"action":"IDE_DEACTIVATED"}
{"ts":1771960146867,"action":"IDE_ACTIVATED"}
{"ts":1771960813199,"action":"IDE_DEACTIVATED"}
{"ts":1771961164263,"action":"IDE_ACTIVATED"}
{"ts":1771961227460,"action":"IDE_DEACTIVATED"}
{"ts":1771961234934,"action":"IDE_ACTIVATED"}
{"ts":1771961288078,"action":"IDE_DEACTIVATED"}
{"ts":1771961292904,"action":"IDE_ACTIVATED"}
{"ts":1771961436408,"action":"IDE_DEACTIVATED"}
{"ts":1771961439409,"action":"IDE_ACTIVATED"}
{"ts":1771961738656,"action":"IDE_DEACTIVATED"}
{"ts":1771961752419,"action":"IDE_ACTIVATED"}
{"ts":1771961889744,"action":"IDE_DEACTIVATED"}
{"ts":1771961892290,"action":"IDE_ACTIVATED"}
{"ts":1771961926846,"action":"IDE_DEACTIVATED"}
{"ts":1771961929926,"action":"IDE_ACTIVATED"}
{"ts":1771961944765,"action":"IDE_DEACTIVATED"}
{"ts":1771961944765,"action":"IDE_ACTIVATED"}
{"ts":1771962385352,"action":"FILE_CLOSED","file":"/repositories/clients/client_preference_repository.py","tags":{"FILE_LINE_OF_CODE":"147"}}
{"ts":1771962393363,"action":"FILE_OPENED","file":"/repositories/clients/client_preference_repository.py","tags":{"FILE_LINE_OF_CODE":"147"}}
{"ts":1771962395421,"action":"FILE_CLOSED","file":"/repositories/clients/client_preference_repository.py","tags":{"FILE_LINE_OF_CODE":"147"}}
{"ts":1771962436686,"action":"IDE_DEACTIVATED"}
{"ts":1771962437471,"action":"IDE_ACTIVATED"}
{"ts":1771963360903,"action":"IDE_DEACTIVATED"}
{"ts":1771963361019,"action":"IDE_ACTIVATED"}
{"ts":1771963417949,"action":"IDE_DEACTIVATED"}
{"ts":1771963423472,"action":"IDE_ACTIVATED"}
{"ts":1771963727903,"action":"IDE_DEACTIVATED"}
{"ts":1771963793174,"action":"IDE_ACTIVATED"}
{"ts":1771963796447,"action":"IDE_DEACTIVATED"}
{"ts":1771964004869,"action":"IDE_ACTIVATED"}
{"ts":1771964024494,"action":"IDE_DEACTIVATED"}
{"ts":1771964033048,"action":"IDE_ACTIVATED"}
{"ts":1771964068246,"action":"IDE_DEACTIVATED"}
{"ts":1771964076077,"action":"IDE_ACTIVATED"}
{"ts":1771964082962,"action":"IDE_DEACTIVATED"}
{"ts":1771964088113,"action":"IDE_ACTIVATED"}
{"ts":1771964091437,"action":"IDE_DEACTIVATED"}
{"ts":1771964102259,"action":"IDE_ACTIVATED"}
{"ts":1771964109180,"action":"IDE_DEACTIVATED"}
{"ts":1771964121648,"action":"IDE_ACTIVATED"}
{"ts":1771964127706,"action":"IDE_DEACTIVATED"}
{"ts":1771964130553,"action":"IDE_ACTIVATED"}
{"ts":1771965347677,"action":"IDE_DEACTIVATED"}
{"ts":1771965347761,"action":"IDE_ACTIVATED"}
{"ts":1771965353643,"action":"FILE_OPENED","file":"/VPS_DEPLOYMENT.md","tags":{"FILE_LINE_OF_CODE":"110"}}
{"ts":1771965408121,"action":"FILE_CLOSED","file":"/VPS_DEPLOYMENT.md","tags":{"FILE_LINE_OF_CODE":"110"}}
{"ts":1771965408121,"action":"FILE_OPENED","file":"/walkthrough.md.resolved","tags":{"FILE_LINE_OF_CODE":"292"}}
{"ts":1771965440905,"action":"FILE_CLOSED","file":"/walkthrough.md.resolved","tags":{"FILE_LINE_OF_CODE":"292"}}
{"ts":1771965440905,"action":"FILE_OPENED","file":"/WEB_APP_README.md","tags":{"FILE_LINE_OF_CODE":"360"}}
{"ts":1771965504682,"action":"FILE_CLOSED","file":"/WEB_APP_README.md","tags":{"FILE_LINE_OF_CODE":"360"}}
{"ts":1771965504682,"action":"FILE_OPENED","file":"/package.json","tags":{"FILE_LINE_OF_CODE":"14"}}
{"ts":1771965523925,"action":"FILE_CLOSED","file":"/package.json","tags":{"FILE_LINE_OF_CODE":"14"}}
{"ts":1771965523925,"action":"FILE_OPENED","file":"/gunicorn.conf.py","tags":{"FILE_LINE_OF_CODE":"22"}}
{"ts":1771965563468,"action":"IDE_DEACTIVATED"}
{"ts":1771965564020,"action":"IDE_ACTIVATED"}
{"ts":1771965566296,"action":"IDE_DEACTIVATED"}
{"ts":1771965566766,"action":"IDE_ACTIVATED"}
{"ts":1771965570393,"action":"IDE_DEACTIVATED"}
{"ts":1771965570898,"action":"IDE_ACTIVATED"}
{"ts":1771965592310,"action":"IDE_DEACTIVATED"}
{"ts":1771965593175,"action":"IDE_ACTIVATED"}
{"ts":1771965600366,"action":"FILE_CLOSED","file":"/gunicorn.conf.py","tags":{"FILE_LINE_OF_CODE":"22"}}
{"ts":1771965600366,"action":"FILE_OPENED","file":"/Dockerfile","tags":{"FILE_LINE_OF_CODE":"73"}}
{"ts":1771965683500,"action":"FILE_CLOSED","file":"/Dockerfile","tags":{"FILE_LINE_OF_CODE":"73"}}
{"ts":1771965683500,"action":"FILE_OPENED","file":"/docker-compose.yml","tags":{"FILE_LINE_OF_CODE":"41"}}
{"ts":1771965736193,"action":"IDE_DEACTIVATED"}
{"ts":1771965737033,"action":"IDE_ACTIVATED"}
{"ts":1771965746919,"action":"IDE_DEACTIVATED"}
{"ts":1771965747743,"action":"IDE_ACTIVATED"}
{"ts":1771965753797,"action":"IDE_DEACTIVATED"}
{"ts":1771965754384,"action":"IDE_ACTIVATED"}
{"ts":1771965756194,"action":"IDE_DEACTIVATED"}
{"ts":1771965759951,"action":"IDE_ACTIVATED"}
{"ts":1771965781284,"action":"FILE_CLOSED","file":"/docker-compose.yml","tags":{"FILE_LINE_OF_CODE":"41"}}
{"ts":1771965781284,"action":"FILE_OPENED","file":"/.env.example","tags":{"FILE_LINE_OF_CODE":"21"}}
{"ts":1771965805875,"action":"FILE_CLOSED","file":"/.env.example","tags":{"FILE_LINE_OF_CODE":"21"}}
{"ts":1771965827237,"action":"FILE_OPENED","file":"/pdf_upload_process_workflow.txt","tags":{"FILE_LINE_OF_CODE":"9"}}
{"ts":1771965829004,"action":"FILE_CLOSED","file":"/pdf_upload_process_workflow.txt","tags":{"FILE_LINE_OF_CODE":"9"}}
{"ts":1771965829005,"action":"FILE_OPENED","file":"/package-lock.json","tags":{"FILE_LINE_OF_CODE":"1018"}}
{"ts":1771965883111,"action":"FILE_CLOSED","file":"/package-lock.json","tags":{"FILE_LINE_OF_CODE":"1018"}}
{"ts":1771965883111,"action":"FILE_OPENED","file":"/PLAN.md","tags":{"FILE_LINE_OF_CODE":"327"}}
{"ts":1771965887172,"action":"FILE_CLOSED","file":"/PLAN.md","tags":{"FILE_LINE_OF_CODE":"327"}}
{"ts":1771965887172,"action":"FILE_OPENED","file":"/PHASE1_IMPLEMENTATION_COMPLETE.md","tags":{"FILE_LINE_OF_CODE":"309"}}
{"ts":1771965894576,"action":"FILE_CLOSED","file":"/PHASE1_IMPLEMENTATION_COMPLETE.md","tags":{"FILE_LINE_OF_CODE":"309"}}
{"ts":1771965894576,"action":"FILE_OPENED","file":"/RENDER_DEPLOYMENT.md","tags":{"FILE_LINE_OF_CODE":"42"}}
{"ts":1771965914718,"action":"FILE_CLOSED","file":"/RENDER_DEPLOYMENT.md","tags":{"FILE_LINE_OF_CODE":"42"}}
{"ts":1771965914718,"action":"FILE_OPENED","file":"/VPS_DEPLOYMENT.md","tags":{"FILE_LINE_OF_CODE":"110"}}
{"ts":1771965918115,"action":"FILE_CLOSED","file":"/VPS_DEPLOYMENT.md","tags":{"FILE_LINE_OF_CODE":"110"}}
{"ts":1771965918115,"action":"FILE_OPENED","file":"/walkthrough.md.resolved","tags":{"FILE_LINE_OF_CODE":"292"}}
{"ts":1771965954724,"action":"FILE_CLOSED","file":"/walkthrough.md.resolved","tags":{"FILE_LINE_OF_CODE":"292"}}
{"ts":1771965954724,"action":"FILE_OPENED","file":"/WEB_APP_README.md","tags":{"FILE_LINE_OF_CODE":"360"}}
{"ts":1771966002821,"action":"FILE_CLOSED","file":"/WEB_APP_README.md","tags":{"FILE_LINE_OF_CODE":"360"}}
{"ts":1771966002821,"action":"FILE_OPENED","file":"/config/settings.py","tags":{"FILE_LINE_OF_CODE":"105"}}
{"ts":1771966050561,"action":"FILE_CLOSED","file":"/config/settings.py","tags":{"FILE_LINE_OF_CODE":"105"}}
{"ts":1771966050561,"action":"FILE_OPENED","file":"/config/__init__.py","tags":{"FILE_LINE_OF_CODE":"0"}}
{"ts":1771966064356,"action":"FILE_CLOSED","file":"/config/__init__.py","tags":{"FILE_LINE_OF_CODE":"0"}}
{"ts":1771966064356,"action":"FILE_OPENED","file":"/.claude/settings.json","tags":{"FILE_LINE_OF_CODE":"6"}}
{"ts":1771966080875,"action":"FILE_CLOSED","file":"/.claude/settings.json","tags":{"FILE_LINE_OF_CODE":"6"}}
{"ts":1771966080875,"action":"FILE_OPENED","file":"/alembic/env.py","tags":{"FILE_LINE_OF_CODE":"88"}}
{"ts":1771966099221,"action":"FILE_CLOSED","file":"/alembic/env.py","tags":{"FILE_LINE_OF_CODE":"88"}}
{"ts":1771966099221,"action":"FILE_OPENED","file":"/config/auth_config.py","tags":{"FILE_LINE_OF_CODE":"110"}}
{"ts":1771966104395,"action":"FILE_CLOSED","file":"/config/auth_config.py","tags":{"FILE_LINE_OF_CODE":"110"}}
{"ts":1771966104395,"action":"FILE_OPENED","file":"/config/database.py","tags":{"FILE_LINE_OF_CODE":"76"}}
{"ts":1771966180709,"action":"IDE_DEACTIVATED"}
{"ts":1771966180817,"action":"IDE_ACTIVATED"}
{"ts":1771966222270,"action":"IDE_DEACTIVATED"}
{"ts":1771966223238,"action":"IDE_ACTIVATED"}
{"ts":1771966262517,"action":"FILE_CLOSED","file":"/config/database.py","tags":{"FILE_LINE_OF_CODE":"76"}}
{"ts":1771966262517,"action":"FILE_OPENED","file":"/walkthrough.md.resolved","tags":{"FILE_LINE_OF_CODE":"292"}}
{"ts":1771966285165,"action":"IDE_DEACTIVATED"}
{"ts":1771966286560,"action":"IDE_ACTIVATED"}
{"ts":1771966313726,"action":"IDE_DEACTIVATED"}
{"ts":1771966314163,"action":"IDE_ACTIVATED"}
{"ts":1771966355059,"action":"IDE_DEACTIVATED"}
{"ts":1771966355708,"action":"IDE_ACTIVATED"}
{"ts":1771966377527,"action":"IDE_DEACTIVATED"}
{"ts":1771966471052,"action":"IDE_ACTIVATED"}
{"ts":1771966517750,"action":"IDE_DEACTIVATED"}
{"ts":1771966572615,"action":"IDE_ACTIVATED"}
{"ts":1771966632394,"action":"IDE_DEACTIVATED"}
{"ts":1771966789691,"action":"IDE_ACTIVATED"}
{"ts":1771966795741,"action":"IDE_DEACTIVATED"}
{"ts":1771966860448,"action":"IDE_ACTIVATED"}
{"ts":1771966899039,"action":"IDE_DEACTIVATED"}
{"ts":1771966928945,"action":"IDE_ACTIVATED"}
{"ts":1771967003388,"action":"IDE_DEACTIVATED"}
{"ts":1771967014643,"action":"IDE_ACTIVATED"}
{"ts":1771967212118,"action":"IDE_DEACTIVATED"}
{"ts":1771967255380,"action":"IDE_ACTIVATED"}
{"ts":1771967259716,"action":"IDE_DEACTIVATED"}
{"ts":1771967260863,"action":"IDE_ACTIVATED"}
{"ts":1771967279458,"action":"IDE_DEACTIVATED"}
{"ts":1771967317913,"action":"IDE_ACTIVATED"}
{"ts":1771967415377,"action":"IDE_DEACTIVATED"}
{"ts":1771967426353,"action":"IDE_ACTIVATED"}
{"ts":1771967438666,"action":"IDE_DEACTIVATED"}
{"ts":1771967467127,"action":"IDE_ACTIVATED"}
{"ts":1771967813501,"action":"IDE_DEACTIVATED"}
{"ts":1771967863199,"action":"IDE_ACTIVATED"}
{"ts":1771967898487,"action":"IDE_DEACTIVATED"}
{"ts":1771967922706,"action":"IDE_ACTIVATED"}
{"ts":1771968207831,"action":"IDE_DEACTIVATED"}
{"ts":1771968716067,"action":"IDE_ACTIVATED"}
{"ts":1771968762310,"action":"FILE_CLOSED","file":"/walkthrough.md.resolved","tags":{"FILE_LINE_OF_CODE":"292"}}
{"ts":1771968762310,"action":"FILE_OPENED","file":"/DEPLOYMENT_VULTR.md","tags":{"FILE_LINE_OF_CODE":"728"}}
{"ts":1771968911154,"action":"IDE_DEACTIVATED"}
{"ts":1771968912467,"action":"IDE_ACTIVATED"}
{"ts":1771968921979,"action":"IDE_DEACTIVATED"}
{"ts":1771968923976,"action":"IDE_ACTIVATED"}
{"ts":1771968924360,"action":"IDE_DEACTIVATED"}
{"ts":1771968966244,"action":"IDE_ACTIVATED"}
{"ts":1771968978979,"action":"IDE_DEACTIVATED"}
{"ts":1771968980179,"action":"IDE_ACTIVATED"}
{"ts":1771968988432,"action":"IDE_DEACTIVATED"}
{"ts":1771968989125,"action":"IDE_ACTIVATED"}
{"ts":1771969015003,"action":"IDE_DEACTIVATED"}
{"ts":1771969053121,"action":"IDE_ACTIVATED"}
{"ts":1771969110792,"action":"IDE_DEACTIVATED"}
{"ts":1771969116161,"action":"IDE_ACTIVATED"}
{"ts":1771969121502,"action":"IDE_DEACTIVATED"}
{"ts":1771969124824,"action":"IDE_ACTIVATED"}
{"ts":1771969201983,"action":"IDE_DEACTIVATED"}
{"ts":1771969206878,"action":"IDE_ACTIVATED"}
{"ts":1771969250852,"action":"IDE_DEACTIVATED"}
{"ts":1771969268073,"action":"IDE_ACTIVATED"}
{"ts":1771969493105,"action":"IDE_DEACTIVATED"}
{"ts":1771969494434,"action":"IDE_ACTIVATED"}
{"ts":1771969495238,"action":"IDE_DEACTIVATED"}
{"ts":1771969496179,"action":"IDE_ACTIVATED"}
{"ts":1771969505027,"action":"IDE_DEACTIVATED"}
{"ts":1771969505765,"action":"IDE_ACTIVATED"}
{"ts":1771969595471,"action":"IDE_DEACTIVATED"}
{"ts":1771969662658,"action":"IDE_ACTIVATED"}
{"ts":1771969682211,"action":"IDE_DEACTIVATED"}
{"ts":1771969689223,"action":"IDE_ACTIVATED"}
{"ts":1771969733173,"action":"IDE_DEACTIVATED"}
{"ts":1771969735634,"action":"IDE_ACTIVATED"}
{"ts":1771969743732,"action":"IDE_DEACTIVATED"}
{"ts":1771969744711,"action":"IDE_ACTIVATED"}
{"ts":1771969750421,"action":"IDE_DEACTIVATED"}
{"ts":1771969751282,"action":"IDE_ACTIVATED"}
{"ts":1771969765702,"action":"IDE_DEACTIVATED"}
{"ts":1771970006997,"action":"IDE_ACTIVATED"}
{"ts":1771970039277,"action":"IDE_DEACTIVATED"}
{"ts":1771970041814,"action":"IDE_ACTIVATED"}
{"ts":1771970046947,"action":"IDE_DEACTIVATED"}
{"ts":1771970051141,"action":"IDE_ACTIVATED"}
{"ts":1771970070441,"action":"IDE_DEACTIVATED"}
{"ts":1771970071303,"action":"IDE_ACTIVATED"}
{"ts":1771970140970,"action":"IDE_DEACTIVATED"}
{"ts":1771970147846,"action":"IDE_ACTIVATED"}
{"ts":1771970157265,"action":"IDE_DEACTIVATED"}
{"ts":1771970163544,"action":"IDE_ACTIVATED"}
{"ts":1771970203369,"action":"IDE_DEACTIVATED"}
{"ts":1771970213879,"action":"IDE_ACTIVATED"}
{"ts":1771970214616,"action":"IDE_DEACTIVATED"}
{"ts":1771970216423,"action":"IDE_ACTIVATED"}
{"ts":1771970223553,"action":"IDE_DEACTIVATED"}
{"ts":1771970261591,"action":"IDE_ACTIVATED"}
{"ts":1771970321744,"action":"IDE_DEACTIVATED"}
{"ts":1771970322811,"action":"IDE_ACTIVATED"}
{"ts":1771970331691,"action":"IDE_DEACTIVATED"}
{"ts":1771970331772,"action":"IDE_ACTIVATED"}
{"ts":1771970342894,"action":"FILE_CLOSED","file":"/DEPLOYMENT_VULTR.md","tags":{"FILE_LINE_OF_CODE":"728"}}
{"ts":1771970342894,"action":"FILE_OPENED","file":"/gunicorn.conf.py","tags":{"FILE_LINE_OF_CODE":"22"}}
{"ts":1771970367118,"action":"FILE_CLOSED","file":"/gunicorn.conf.py","tags":{"FILE_LINE_OF_CODE":"22"}}
{"ts":1771970367118,"action":"FILE_OPENED","file":"/docker-compose.yml","tags":{"FILE_LINE_OF_CODE":"41"}}
{"ts":1771970372543,"action":"FILE_CLOSED","file":"/docker-compose.yml","tags":{"FILE_LINE_OF_CODE":"41"}}
{"ts":1771970372543,"action":"FILE_OPENED","file":"/app.py","tags":{"FILE_LINE_OF_CODE":"162"}}
{"ts":1771970404816,"action":"FILE_CLOSED","file":"/app.py","tags":{"FILE_LINE_OF_CODE":"162"}}
{"ts":1771970404816,"action":"FILE_OPENED","file":"/alembic/env.py","tags":{"FILE_LINE_OF_CODE":"88"}}
{"ts":1771970534067,"action":"FILE_CLOSED","file":"/alembic/env.py","tags":{"FILE_LINE_OF_CODE":"88"}}
{"ts":1771970534067,"action":"FILE_OPENED","file":"/.env.example","tags":{"FILE_LINE_OF_CODE":"21"}}
{"ts":1771970556591,"action":"FILE_CLOSED","file":"/.env.example","tags":{"FILE_LINE_OF_CODE":"21"}}
{"ts":1771970556591,"action":"FILE_OPENED","file":"/alembic.ini","tags":{"FILE_LINE_OF_CODE":"116"}}
{"ts":1771970571250,"action":"FILE_CLOSED","file":"/alembic.ini","tags":{"FILE_LINE_OF_CODE":"116"}}
{"ts":1771970571250,"action":"FILE_OPENED","file":"/.env.example","tags":{"FILE_LINE_OF_CODE":"21"}}
{"ts":1771970573537,"action":"FILE_CLOSED","file":"/.env.example","tags":{"FILE_LINE_OF_CODE":"21"}}
{"ts":1771970573537,"action":"FILE_OPENED","file":"/DEPLOYMENT_VULTR.md","tags":{"FILE_LINE_OF_CODE":"728"}}
{"ts":1771970616848,"action":"IDE_DEACTIVATED"}
{"ts":1771970704816,"action":"IDE_ACTIVATED"}
{"ts":1771970713134,"action":"IDE_DEACTIVATED"}
{"ts":1771970719614,"action":"IDE_ACTIVATED"}
{"ts":1771970753638,"action":"IDE_DEACTIVATED"}
{"ts":1771970768930,"action":"IDE_ACTIVATED"}
{"ts":1771970792584,"action":"IDE_DEACTIVATED"}
{"ts":1771970792586,"action":"IDE_ACTIVATED"}
{"ts":1771970817502,"action":"IDE_DEACTIVATED"}
{"ts":1771970819732,"action":"IDE_ACTIVATED"}
{"ts":1771970870073,"action":"IDE_DEACTIVATED"}
{"ts":1771970871198,"action":"IDE_ACTIVATED"}
{"ts":1771970941868,"action":"IDE_DEACTIVATED"}
{"ts":1771970943700,"action":"IDE_ACTIVATED"}
{"ts":1771970978138,"action":"IDE_DEACTIVATED"}
{"ts":1771971360634,"action":"IDE_ACTIVATED"}
{"ts":1771971374288,"action":"IDE_DEACTIVATED"}
{"ts":1771971382466,"action":"IDE_ACTIVATED"}
{"ts":1771971472559,"action":"IDE_DEACTIVATED"}
{"ts":1771971472623,"action":"IDE_ACTIVATED"}
{"ts":1771971489738,"action":"IDE_DEACTIVATED"}
{"ts":1771971617497,"action":"IDE_ACTIVATED"}
{"ts":1771971639755,"action":"IDE_DEACTIVATED"}
{"ts":1771971642057,"action":"IDE_ACTIVATED"}
{"ts":1771971648601,"action":"IDE_DEACTIVATED"}
{"ts":1771971673454,"action":"IDE_ACTIVATED"}
{"ts":1771971702187,"action":"IDE_DEACTIVATED"}
{"ts":1771971721624,"action":"IDE_ACTIVATED"}
{"ts":1771971725646,"action":"IDE_DEACTIVATED"}
{"ts":1771971850915,"action":"IDE_ACTIVATED"}
{"ts":1771971865939,"action":"IDE_DEACTIVATED"}
{"ts":1771971885604,"action":"IDE_ACTIVATED"}
{"ts":1771971893477,"action":"IDE_DEACTIVATED"}
{"ts":1771971919829,"action":"IDE_ACTIVATED"}
{"ts":1771971924392,"action":"IDE_DEACTIVATED"}
{"ts":1771971931134,"action":"IDE_ACTIVATED"}
{"ts":1771971933509,"action":"IDE_DEACTIVATED"}
{"ts":1771971938949,"action":"IDE_ACTIVATED"}
{"ts":1771971983715,"action":"IDE_DEACTIVATED"}
{"ts":1771972013819,"action":"IDE_ACTIVATED"}
{"ts":1771972014975,"action":"IDE_DEACTIVATED"}
{"ts":1771972027192,"action":"IDE_ACTIVATED"}
{"ts":1771972036851,"action":"IDE_DEACTIVATED"}
{"ts":1771972367975,"action":"IDE_ACTIVATED"}
{"ts":1771972374547,"action":"IDE_DEACTIVATED"}
{"ts":1771972381256,"action":"IDE_ACTIVATED"}
{"ts":1771972453963,"action":"IDE_DEACTIVATED"}
{"ts":1771972454122,"action":"IDE_ACTIVATED"}
{"ts":1771972458594,"action":"IDE_DEACTIVATED"}
{"ts":1771973087423,"action":"IDE_ACTIVATED"}
{"ts":1771973111557,"action":"IDE_DEACTIVATED"}
{"ts":1771973222893,"action":"IDE_ACTIVATED"}
{"ts":1771973252376,"action":"IDE_DEACTIVATED"}
{"ts":1771973353152,"action":"IDE_ACTIVATED"}
{"ts":1771973355246,"action":"IDE_DEACTIVATED"}
{"ts":1771973363896,"action":"IDE_ACTIVATED"}
{"ts":1771973377692,"action":"IDE_DEACTIVATED"}
{"ts":1771973393330,"action":"IDE_ACTIVATED"}
{"ts":1771973452030,"action":"IDE_DEACTIVATED"}
{"ts":1771973507994,"action":"IDE_ACTIVATED"}
{"ts":1771973510620,"action":"IDE_DEACTIVATED"}
{"ts":1771973877867,"action":"IDE_ACTIVATED"}
{"ts":1771973902535,"action":"IDE_DEACTIVATED"}
{"ts":1771974004990,"action":"IDE_ACTIVATED"}
{"ts":1771974064113,"action":"IDE_DEACTIVATED"}
{"ts":1771974066780,"action":"IDE_ACTIVATED"}
{"ts":1771974101794,"action":"IDE_DEACTIVATED"}
{"ts":1771974103058,"action":"IDE_ACTIVATED"}
{"ts":1771974124890,"action":"IDE_DEACTIVATED"}
{"ts":1771974124962,"action":"IDE_ACTIVATED"}
{"ts":1771974147093,"action":"IDE_DEACTIVATED"}
{"ts":1771974148930,"action":"IDE_ACTIVATED"}
{"ts":1771974165472,"action":"IDE_DEACTIVATED"}
{"ts":1771974178684,"action":"IDE_ACTIVATED"}
{"ts":1771974188821,"action":"IDE_DEACTIVATED"}
{"ts":1771974195428,"action":"IDE_ACTIVATED"}
{"ts":1771974215002,"action":"IDE_DEACTIVATED"}
{"ts":1771974216699,"action":"IDE_ACTIVATED"}
{"ts":1771974246191,"action":"IDE_DEACTIVATED"}
{"ts":1771974246300,"action":"IDE_ACTIVATED"}
{"ts":1771974257624,"action":"IDE_DEACTIVATED"}
{"ts":1771974257756,"action":"IDE_ACTIVATED"}
{"ts":1771974290372,"action":"IDE_DEACTIVATED"}
{"ts":1771974301798,"action":"IDE_ACTIVATED"}
{"ts":1771974333360,"action":"IDE_DEACTIVATED"}
{"ts":1771974335439,"action":"IDE_ACTIVATED"}
{"ts":1771974354414,"action":"IDE_DEACTIVATED"}
{"ts":1771974357110,"action":"IDE_ACTIVATED"}
{"ts":1771974395095,"action":"IDE_DEACTIVATED"}
{"ts":1771974400460,"action":"IDE_ACTIVATED"}
{"ts":1771974410182,"action":"IDE_DEACTIVATED"}
{"ts":1771974410948,"action":"IDE_ACTIVATED"}
{"ts":1771974428010,"action":"IDE_DEACTIVATED"}
{"ts":1771974429333,"action":"IDE_ACTIVATED"}
{"ts":1771974436658,"action":"IDE_DEACTIVATED"}
{"ts":1771974436796,"action":"IDE_ACTIVATED"}
{"ts":1771974442325,"action":"IDE_DEACTIVATED"}
{"ts":1771974443426,"action":"IDE_ACTIVATED"}
{"ts":1771974474723,"action":"IDE_DEACTIVATED"}
{"ts":1771974474946,"action":"IDE_ACTIVATED"}
{"ts":1771974507378,"action":"IDE_DEACTIVATED"}
{"ts":1771974507466,"action":"IDE_ACTIVATED"}
{"ts":1771974542304,"action":"IDE_DEACTIVATED"}
{"ts":1771974544427,"action":"IDE_ACTIVATED"}
{"ts":1771974581754,"action":"IDE_DEACTIVATED"}
{"ts":1771974590754,"action":"IDE_ACTIVATED"}
{"ts":1771974623892,"action":"IDE_DEACTIVATED"}
{"ts":1771974624940,"action":"IDE_ACTIVATED"}
{"ts":1771974653281,"action":"IDE_DEACTIVATED"}
{"ts":1771974654122,"action":"IDE_ACTIVATED"}
{"ts":1771974661572,"action":"IDE_DEACTIVATED"}
{"ts":1771974662225,"action":"IDE_ACTIVATED"}
{"ts":1771974703548,"action":"IDE_DEACTIVATED"}
{"ts":1771974707741,"action":"IDE_ACTIVATED"}
{"ts":1771974719090,"action":"IDE_DEACTIVATED"}
{"ts":1771974720065,"action":"IDE_ACTIVATED"}
{"ts":1771974732174,"action":"IDE_DEACTIVATED"}
{"ts":1771974733025,"action":"IDE_ACTIVATED"}
{"ts":1771974749201,"action":"IDE_DEACTIVATED"}
{"ts":1771974752464,"action":"IDE_ACTIVATED"}
{"ts":1771974791471,"action":"IDE_DEACTIVATED"}
{"ts":1771974792315,"action":"IDE_ACTIVATED"}
{"ts":1771974808095,"action":"IDE_DEACTIVATED"}
{"ts":1771974808723,"action":"IDE_ACTIVATED"}
{"ts":1771974815082,"action":"IDE_DEACTIVATED"}
{"ts":1771974815910,"action":"IDE_ACTIVATED"}
{"ts":1771974831017,"action":"IDE_DEACTIVATED"}
{"ts":1771974831296,"action":"IDE_ACTIVATED"}
{"ts":1771974909847,"action":"IDE_DEACTIVATED"}
{"ts":1771974911379,"action":"IDE_ACTIVATED"}
{"ts":1771974979248,"action":"IDE_DEACTIVATED"}
{"ts":1771974979360,"action":"IDE_ACTIVATED"}
{"ts":1771975002976,"action":"IDE_DEACTIVATED"}
{"ts":1771975003836,"action":"IDE_ACTIVATED"}
{"ts":1771975009332,"action":"IDE_DEACTIVATED"}
{"ts":1771975009854,"action":"IDE_ACTIVATED"}
{"ts":1771975233040,"action":"IDE_DEACTIVATED"}
{"ts":1771975233139,"action":"IDE_ACTIVATED"}
{"ts":1771975283693,"action":"IDE_DEACTIVATED"}
{"ts":1771975286315,"action":"IDE_ACTIVATED"}
{"ts":1771975310775,"action":"IDE_DEACTIVATED"}
{"ts":1771975311416,"action":"IDE_ACTIVATED"}
{"ts":1771975345394,"action":"IDE_DEACTIVATED"}
{"ts":1771975346433,"action":"IDE_ACTIVATED"}
{"ts":1771975397064,"action":"IDE_DEACTIVATED"}
{"ts":1771975397789,"action":"IDE_ACTIVATED"}
{"ts":1771975416097,"action":"IDE_DEACTIVATED"}
{"ts":1771975416841,"action":"IDE_ACTIVATED"}
{"ts":1771975432935,"action":"IDE_DEACTIVATED"}
{"ts":1771975433730,"action":"IDE_ACTIVATED"}
{"ts":1771975459501,"action":"IDE_DEACTIVATED"}
{"ts":1771975460210,"action":"IDE_ACTIVATED"}
{"ts":1771975523069,"action":"IDE_DEACTIVATED"}
{"ts":1771975524344,"action":"IDE_ACTIVATED"}
{"ts":1771975552441,"action":"IDE_DEACTIVATED"}
{"ts":1771975553105,"action":"IDE_ACTIVATED"}
{"ts":1771975566319,"action":"IDE_DEACTIVATED"}
{"ts":1771975598890,"action":"IDE_ACTIVATED"}
{"ts":1771975604664,"action":"IDE_DEACTIVATED"}
{"ts":1771975605590,"action":"IDE_ACTIVATED"}
{"ts":1771975619033,"action":"IDE_DEACTIVATED"}
{"ts":1771975619981,"action":"IDE_ACTIVATED"}
{"ts":1771975644323,"action":"IDE_DEACTIVATED"}
{"ts":1771975644524,"action":"IDE_ACTIVATED"}
{"ts":1771975680821,"action":"IDE_DEACTIVATED"}
{"ts":1771975681729,"action":"IDE_ACTIVATED"}
{"ts":1771975682488,"action":"IDE_DEACTIVATED"}
{"ts":1771975693689,"action":"IDE_ACTIVATED"}
{"ts":1771975702870,"action":"IDE_DEACTIVATED"}
{"ts":1771975703975,"action":"IDE_ACTIVATED"}
{"ts":1771975708412,"action":"IDE_DEACTIVATED"}
{"ts":1771975708588,"action":"IDE_ACTIVATED"}
{"ts":1771975719311,"action":"IDE_DEACTIVATED"}
{"ts":1771975720017,"action":"IDE_ACTIVATED"}
{"ts":1771975731057,"action":"IDE_DEACTIVATED"}
{"ts":1771975731257,"action":"IDE_ACTIVATED"}
{"ts":1771975749956,"action":"IDE_DEACTIVATED"}
{"ts":1771975750409,"action":"IDE_ACTIVATED"}
{"ts":1771975824127,"action":"IDE_DEACTIVATED"}
{"ts":1771975824234,"action":"IDE_ACTIVATED"}
{"ts":1771975849198,"action":"IDE_DEACTIVATED"}
{"ts":1771975849898,"action":"IDE_ACTIVATED"}
{"ts":1771975858074,"action":"IDE_DEACTIVATED"}
{"ts":1771975858776,"action":"IDE_ACTIVATED"}
{"ts":1771975873923,"action":"IDE_DEACTIVATED"}
{"ts":1771975874498,"action":"IDE_ACTIVATED"}
{"ts":1771975895189,"action":"IDE_DEACTIVATED"}
{"ts":1771975896326,"action":"IDE_ACTIVATED"}
{"ts":1771975947484,"action":"IDE_DEACTIVATED"}
{"ts":1771976010851,"action":"IDE_ACTIVATED"}
{"ts":1771976042154,"action":"IDE_DEACTIVATED"}
{"ts":1771976044215,"action":"IDE_ACTIVATED"}
{"ts":1771976067406,"action":"IDE_DEACTIVATED"}
{"ts":1771976117208,"action":"IDE_ACTIVATED"}
{"ts":1771976118026,"action":"IDE_DEACTIVATED"}
{"ts":1771976118860,"action":"IDE_ACTIVATED"}
{"ts":1771976124662,"action":"IDE_DEACTIVATED"}
{"ts":1771976125283,"action":"IDE_ACTIVATED"}
{"ts":1771976125841,"action":"IDE_DEACTIVATED"}
{"ts":1771976137263,"action":"IDE_ACTIVATED"}
{"ts":1771976138662,"action":"IDE_DEACTIVATED"}
{"ts":1771976139025,"action":"IDE_ACTIVATED"}
{"ts":1771976143872,"action":"IDE_DEACTIVATED"}
{"ts":1771976144337,"action":"IDE_ACTIVATED"}
{"ts":1771976145149,"action":"IDE_DEACTIVATED"}
{"ts":1771976150770,"action":"IDE_ACTIVATED"}
{"ts":1771976151516,"action":"IDE_DEACTIVATED"}
{"ts":1771976151875,"action":"IDE_ACTIVATED"}
{"ts":1771976157775,"action":"IDE_DEACTIVATED"}
{"ts":1771976158162,"action":"IDE_ACTIVATED"}
{"ts":1771976158899,"action":"IDE_DEACTIVATED"}
{"ts":1771976160709,"action":"IDE_ACTIVATED"}
{"ts":1771976161162,"action":"IDE_DEACTIVATED"}
{"ts":1771976161337,"action":"IDE_ACTIVATED"}
{"ts":1771976161875,"action":"IDE_DEACTIVATED"}
{"ts":1771976161980,"action":"IDE_ACTIVATED"}
{"ts":1771976166176,"action":"IDE_DEACTIVATED"}
{"ts":1771976166553,"action":"IDE_ACTIVATED"}
{"ts":1771976167714,"action":"IDE_DEACTIVATED"}
{"ts":1771976167839,"action":"IDE_ACTIVATED"}
{"ts":1771976335337,"action":"IDE_DEACTIVATED"}
{"ts":1771976336432,"action":"IDE_ACTIVATED"}
{"ts":1771976474999,"action":"IDE_DEACTIVATED"}
{"ts":1771976475673,"action":"IDE_ACTIVATED"}
{"ts":1771976480945,"action":"IDE_DEACTIVATED"}
{"ts":1771976481488,"action":"IDE_ACTIVATED"}
{"ts":1771976497169,"action":"IDE_DEACTIVATED"}
{"ts":1771976497326,"action":"IDE_ACTIVATED"}
{"ts":1771976761581,"action":"IDE_DEACTIVATED"}
{"ts":1771976763909,"action":"IDE_ACTIVATED"}
{"ts":1771976876733,"action":"IDE_DEACTIVATED"}
{"ts":1771977197634,"action":"IDE_ACTIVATED"}
{"ts":1771977198342,"action":"IDE_DEACTIVATED"}
{"ts":1771977217686,"action":"IDE_ACTIVATED"}
{"ts":1771977218018,"action":"IDE_DEACTIVATED"}
{"ts":1771977228086,"action":"IDE_ACTIVATED"}
{"ts":1771977251443,"action":"IDE_DEACTIVATED"}
{"ts":1771977252342,"action":"IDE_ACTIVATED"}
{"ts":1771977289264,"action":"IDE_DEACTIVATED"}
{"ts":1771977307952,"action":"IDE_ACTIVATED"}
{"ts":1771977308610,"action":"IDE_DEACTIVATED"}
{"ts":1771977309764,"action":"IDE_ACTIVATED"}
{"ts":1771977312214,"action":"IDE_DEACTIVATED"}
{"ts":1771977312557,"action":"IDE_ACTIVATED"}
{"ts":1771977313126,"action":"IDE_DEACTIVATED"}
{"ts":1771977316059,"action":"IDE_ACTIVATED"}
{"ts":1771977444545,"action":"IDE_DEACTIVATED"}
{"ts":1771977444615,"action":"IDE_ACTIVATED"}
{"ts":1771977508261,"action":"IDE_DEACTIVATED"}
{"ts":1771977508563,"action":"IDE_ACTIVATED"}
{"ts":1771977513946,"action":"IDE_DEACTIVATED"}
{"ts":1771977514205,"action":"IDE_ACTIVATED"}
{"ts":1771977519669,"action":"IDE_DEACTIVATED"}
{"ts":1771977527079,"action":"IDE_ACTIVATED"}
{"ts":1771977537635,"action":"IDE_DEACTIVATED"}
{"ts":1771977545340,"action":"IDE_ACTIVATED"}
{"ts":1771977557608,"action":"IDE_DEACTIVATED"}
{"ts":1771977563182,"action":"IDE_ACTIVATED"}
{"ts":1771977570619,"action":"IDE_DEACTIVATED"}
{"ts":1771977571830,"action":"IDE_ACTIVATED"}
{"ts":1771977578524,"action":"IDE_DEACTIVATED"}
{"ts":1771977579285,"action":"IDE_ACTIVATED"}
{"ts":1771977585722,"action":"IDE_DEACTIVATED"}
{"ts":1771977585795,"action":"IDE_ACTIVATED"}
{"ts":1771977587848,"action":"IDE_DEACTIVATED"}
{"ts":1771977587928,"action":"IDE_ACTIVATED"}
{"ts":1771977598556,"action":"IDE_DEACTIVATED"}
{"ts":1771977598656,"action":"IDE_ACTIVATED"}
{"ts":1771977602952,"action":"IDE_DEACTIVATED"}
{"ts":1771977603043,"action":"IDE_ACTIVATED"}
{"ts":1771977628703,"action":"IDE_DEACTIVATED"}
{"ts":1771977628804,"action":"IDE_ACTIVATED"}
{"ts":1771977662310,"action":"IDE_DEACTIVATED"}
{"ts":1771977663263,"action":"IDE_ACTIVATED"}
{"ts":1771977675830,"action":"IDE_DEACTIVATED"}
{"ts":1771977681231,"action":"IDE_ACTIVATED"}
{"ts":1771977737263,"action":"IDE_DEACTIVATED"}
{"ts":1771977739539,"action":"IDE_ACTIVATED"}
{"ts":1771977749146,"action":"IDE_DEACTIVATED"}
{"ts":1771977750435,"action":"IDE_ACTIVATED"}
{"ts":1771977770915,"action":"IDE_DEACTIVATED"}
{"ts":1771977776590,"action":"IDE_ACTIVATED"}
{"ts":1771977862099,"action":"IDE_DEACTIVATED"}
{"ts":1771977863022,"action":"IDE_ACTIVATED"}
{"ts":1771977890616,"action":"IDE_DEACTIVATED"}
{"ts":1771977913073,"action":"IDE_ACTIVATED"}
{"ts":1771977919340,"action":"IDE_DEACTIVATED"}
{"ts":1771977920377,"action":"IDE_ACTIVATED"}
{"ts":1771977929510,"action":"IDE_DEACTIVATED"}
{"ts":1771977929620,"action":"IDE_ACTIVATED"}
{"ts":1771977938321,"action":"IDE_DEACTIVATED"}
{"ts":1771977938568,"action":"IDE_ACTIVATED"}
{"ts":1771977941283,"action":"IDE_DEACTIVATED"}
{"ts":1771977941894,"action":"IDE_ACTIVATED"}
{"ts":1771978071286,"action":"IDE_DEACTIVATED"}
{"ts":1771978071879,"action":"IDE_ACTIVATED"}
{"ts":1771978174700,"action":"IDE_DEACTIVATED"}
{"ts":1771978177990,"action":"IDE_ACTIVATED"}
{"ts":1771978351500,"action":"IDE_DEACTIVATED"}
{"ts":1771978428511,"action":"IDE_ACTIVATED"}
{"ts":1771978440219,"action":"IDE_DEACTIVATED"}
{"ts":1771978444409,"action":"IDE_ACTIVATED"}
{"ts":1771978465334,"action":"IDE_DEACTIVATED"}
{"ts":1771978469643,"action":"IDE_ACTIVATED"}
{"ts":1771978506553,"action":"IDE_DEACTIVATED"}
{"ts":1771978507874,"action":"IDE_ACTIVATED"}
{"ts":1771978518620,"action":"IDE_DEACTIVATED"}
{"ts":1771978518724,"action":"IDE_ACTIVATED"}
{"ts":1771978520651,"action":"IDE_DEACTIVATED"}
{"ts":1771978520813,"action":"IDE_ACTIVATED"}
{"ts":1771978798230,"action":"IDE_DEACTIVATED"}
{"ts":1771978800032,"action":"IDE_ACTIVATED"}
{"ts":1771978823204,"action":"IDE_DEACTIVATED"}
{"ts":1771978823932,"action":"IDE_ACTIVATED"}
{"ts":1771978858876,"action":"IDE_DEACTIVATED"}
{"ts":1771978859502,"action":"IDE_ACTIVATED"}
{"ts":1771978872834,"action":"IDE_DEACTIVATED"}
{"ts":1771978872966,"action":"IDE_ACTIVATED"}
{"ts":1771978912079,"action":"IDE_DEACTIVATED"}
{"ts":1771978915467,"action":"IDE_ACTIVATED"}
{"ts":1771979001337,"action":"IDE_DEACTIVATED"}
{"ts":1771979476857,"action":"IDE_ACTIVATED"}
{"ts":1771979574033,"action":"IDE_DEACTIVATED"}
{"ts":1771979574119,"action":"IDE_ACTIVATED"}
{"ts":1771979583608,"action":"IDE_DEACTIVATED"}
{"ts":1771979584275,"action":"IDE_ACTIVATED"}
{"ts":1771979831549,"action":"IDE_DEACTIVATED"}
{"ts":1771979831645,"action":"IDE_ACTIVATED"}
{"ts":1771979832026,"action":"IDE_DEACTIVATED"}
{"ts":1771979832117,"action":"IDE_ACTIVATED"}
{"ts":1771979857653,"action":"IDE_DEACTIVATED"}
{"ts":1771979858759,"action":"IDE_ACTIVATED"}
{"ts":1771979859512,"action":"IDE_DEACTIVATED"}
{"ts":1771979861208,"action":"IDE_ACTIVATED"}
{"ts":1771979881097,"action":"IDE_DEACTIVATED"}
{"ts":1771979893705,"action":"IDE_ACTIVATED"}
{"ts":1771979972226,"action":"IDE_DEACTIVATED"}
{"ts":1771979977804,"action":"IDE_ACTIVATED"}
{"ts":1771979992596,"action":"IDE_DEACTIVATED"}
{"ts":1771979994071,"action":"IDE_ACTIVATED"}
{"ts":1771980002549,"action":"IDE_DEACTIVATED"}
{"ts":1771980004287,"action":"IDE_ACTIVATED"}
{"ts":1771980004727,"action":"IDE_DEACTIVATED"}
{"ts":1771980005310,"action":"IDE_ACTIVATED"}
{"ts":1771980010016,"action":"IDE_DEACTIVATED"}
{"ts":1771980010090,"action":"IDE_ACTIVATED"}
{"ts":1771980035164,"action":"IDE_DEACTIVATED"}
{"ts":1771980036012,"action":"IDE_ACTIVATED"}
{"ts":1771980045511,"action":"IDE_DEACTIVATED"}
{"ts":1771980060449,"action":"IDE_ACTIVATED"}
{"ts":1771980088961,"action":"IDE_DEACTIVATED"}
{"ts":1771980104400,"action":"IDE_ACTIVATED"}
{"ts":1771980106515,"action":"IDE_DEACTIVATED"}
{"ts":1771980109313,"action":"IDE_ACTIVATED"}
{"ts":1771980117665,"action":"IDE_DEACTIVATED"}
{"ts":1771980118518,"action":"IDE_ACTIVATED"}
{"ts":1771980121419,"action":"IDE_DEACTIVATED"}
{"ts":1771980138411,"action":"IDE_ACTIVATED"}
{"ts":1771980144350,"action":"IDE_DEACTIVATED"}
{"ts":1771980151576,"action":"IDE_ACTIVATED"}
{"ts":1771980156986,"action":"IDE_DEACTIVATED"}
{"ts":1771980163883,"action":"IDE_ACTIVATED"}
{"ts":1771980206812,"action":"IDE_DEACTIVATED"}
{"ts":1771980211011,"action":"IDE_ACTIVATED"}
{"ts":1771980224928,"action":"IDE_DEACTIVATED"}
{"ts":1771980226622,"action":"IDE_ACTIVATED"}
{"ts":1771980247687,"action":"IDE_DEACTIVATED"}
{"ts":1771980248008,"action":"IDE_ACTIVATED"}
{"ts":1771980266838,"action":"IDE_DEACTIVATED"}
{"ts":1771980267533,"action":"IDE_ACTIVATED"}
{"ts":1771980268208,"action":"IDE_DEACTIVATED"}
{"ts":1771980268739,"action":"IDE_ACTIVATED"}
{"ts":1771980274072,"action":"IDE_DEACTIVATED"}
{"ts":1771980274171,"action":"IDE_ACTIVATED"}
{"ts":1771980317754,"action":"IDE_DEACTIVATED"}
{"ts":1771980317868,"action":"IDE_ACTIVATED"}
{"ts":1771980421764,"action":"IDE_DEACTIVATED"}
{"ts":1771980424792,"action":"IDE_ACTIVATED"}
{"ts":1771980437733,"action":"IDE_DEACTIVATED"}
{"ts":1771980439700,"action":"IDE_ACTIVATED"}
{"ts":1771980462586,"action":"IDE_DEACTIVATED"}
{"ts":1771980474828,"action":"IDE_ACTIVATED"}
{"ts":1771980476035,"action":"IDE_DEACTIVATED"}
{"ts":1771980482179,"action":"IDE_ACTIVATED"}
{"ts":1771980498189,"action":"IDE_DEACTIVATED"}
{"ts":1771980499377,"action":"IDE_ACTIVATED"}
{"ts":1771980512118,"action":"IDE_DEACTIVATED"}
{"ts":1771980516172,"action":"IDE_ACTIVATED"}
{"ts":1771980520408,"action":"IDE_DEACTIVATED"}
{"ts":1771980521802,"action":"IDE_ACTIVATED"}
{"ts":1771980524884,"action":"IDE_DEACTIVATED"}
{"ts":1771980525805,"action":"IDE_ACTIVATED"}
{"ts":1771980542995,"action":"IDE_DEACTIVATED"}
{"ts":1771980563701,"action":"IDE_ACTIVATED"}
{"ts":1771980564245,"action":"IDE_DEACTIVATED"}
{"ts":1771980572888,"action":"IDE_ACTIVATED"}
{"ts":1771980583200,"action":"IDE_DEACTIVATED"}
{"ts":1771980584858,"action":"IDE_ACTIVATED"}
{"ts":1771980627510,"action":"IDE_DEACTIVATED"}
{"ts":1771980628856,"action":"IDE_ACTIVATED"}
{"ts":1771980629651,"action":"IDE_DEACTIVATED"}
{"ts":1771980631051,"action":"IDE_ACTIVATED"}
{"ts":1771980751849,"action":"IDE_DEACTIVATED"}
{"ts":1771980753401,"action":"IDE_ACTIVATED"}
{"ts":1771980754425,"action":"IDE_DEACTIVATED"}
{"ts":1771980755063,"action":"IDE_ACTIVATED"}
{"ts":1771980782373,"action":"IDE_DEACTIVATED"}
{"ts":1771980787371,"action":"IDE_ACTIVATED"}
{"ts":1771980788240,"action":"IDE_DEACTIVATED"}
{"ts":1771980788498,"action":"IDE_ACTIVATED"}
{"ts":1771980969704,"action":"IDE_DEACTIVATED"}
{"ts":1771980970475,"action":"IDE_ACTIVATED"}
{"ts":1771981031819,"action":"IDE_DEACTIVATED"}
{"ts":1771981032768,"action":"IDE_ACTIVATED"}
{"ts":1771981109839,"action":"IDE_DEACTIVATED"}
{"ts":1771981110658,"action":"IDE_ACTIVATED"}
{"ts":1771981111905,"action":"IDE_DEACTIVATED"}
{"ts":1771981122993,"action":"IDE_ACTIVATED"}
{"ts":1771981131323,"action":"IDE_DEACTIVATED"}
{"ts":1771981133795,"action":"IDE_ACTIVATED"}
{"ts":1771981159215,"action":"IDE_DEACTIVATED"}
{"ts":1771981160114,"action":"IDE_ACTIVATED"}
{"ts":1771981166213,"action":"IDE_DEACTIVATED"}
{"ts":1771981166911,"action":"IDE_ACTIVATED"}
{"ts":1771981167458,"action":"IDE_DEACTIVATED"}
{"ts":1771981167588,"action":"IDE_ACTIVATED"}
{"ts":1771981202444,"action":"IDE_DEACTIVATED"}
{"ts":1771981206031,"action":"IDE_ACTIVATED"}
{"ts":1771981214192,"action":"IDE_DEACTIVATED"}
{"ts":1771981215474,"action":"IDE_ACTIVATED"}
{"ts":1771981220458,"action":"IDE_DEACTIVATED"}
{"ts":1771981221220,"action":"IDE_ACTIVATED"}
{"ts":1771981221710,"action":"IDE_DEACTIVATED"}
{"ts":1771981222081,"action":"IDE_ACTIVATED"}
{"ts":1771981231933,"action":"IDE_DEACTIVATED"}
{"ts":1771981232422,"action":"IDE_ACTIVATED"}
{"ts":1771981234011,"action":"IDE_DEACTIVATED"}
{"ts":1771981234183,"action":"IDE_ACTIVATED"}
{"ts":1771981239799,"action":"IDE_DEACTIVATED"}
{"ts":1771981240016,"action":"IDE_ACTIVATED"}
{"ts":1771981259052,"action":"IDE_DEACTIVATED"}
{"ts":1771981259831,"action":"IDE_ACTIVATED"}
{"ts":1771981264510,"action":"IDE_DEACTIVATED"}
{"ts":1771981284388,"action":"IDE_ACTIVATED"}
{"ts":1771981292007,"action":"IDE_DEACTIVATED"}
{"ts":1771981293589,"action":"IDE_ACTIVATED"}
{"ts":1771981299281,"action":"IDE_DEACTIVATED"}
{"ts":1771981300191,"action":"IDE_ACTIVATED"}
{"ts":1771981311547,"action":"IDE_DEACTIVATED"}
{"ts":1771981312111,"action":"IDE_ACTIVATED"}
{"ts":1771981322975,"action":"IDE_DEACTIVATED"}
{"ts":1771981323637,"action":"IDE_ACTIVATED"}
{"ts":1771981353134,"action":"IDE_DEACTIVATED"}
{"ts":1771981353399,"action":"IDE_ACTIVATED"}
{"ts":1771981367895,"action":"IDE_DEACTIVATED"}
{"ts":1771981368217,"action":"IDE_ACTIVATED"}
{"ts":1771981383397,"action":"IDE_DEACTIVATED"}
{"ts":1771981383705,"action":"IDE_ACTIVATED"}
{"ts":1771981385389,"action":"IDE_DEACTIVATED"}
{"ts":1771981385552,"action":"IDE_ACTIVATED"}
{"ts":1771981387653,"action":"IDE_DEACTIVATED"}
{"ts":1771981387888,"action":"IDE_ACTIVATED"}
{"ts":1771981390273,"action":"IDE_DEACTIVATED"}
{"ts":1771981390426,"action":"IDE_ACTIVATED"}
{"ts":1771981394202,"action":"IDE_DEACTIVATED"}
{"ts":1771981394367,"action":"IDE_ACTIVATED"}
{"ts":1771981403296,"action":"IDE_DEACTIVATED"}
{"ts":1771981403497,"action":"IDE_ACTIVATED"}
{"ts":1771981458416,"action":"IDE_DEACTIVATED"}
{"ts":1771981465174,"action":"IDE_ACTIVATED"}
{"ts":1771981472737,"action":"IDE_DEACTIVATED"}
{"ts":1771981473169,"action":"IDE_ACTIVATED"}
{"ts":1771981479870,"action":"IDE_DEACTIVATED"}
{"ts":1771981480471,"action":"IDE_ACTIVATED"}
{"ts":1771981489351,"action":"IDE_DEACTIVATED"}
{"ts":1771981490034,"action":"IDE_ACTIVATED"}
{"ts":1771981513777,"action":"IDE_DEACTIVATED"}
{"ts":1771981514400,"action":"IDE_ACTIVATED"}
{"ts":1771981514796,"action":"IDE_DEACTIVATED"}
{"ts":1771981514954,"action":"IDE_ACTIVATED"}
{"ts":1771981517303,"action":"IDE_DEACTIVATED"}
{"ts":1771981517755,"action":"IDE_ACTIVATED"}
{"ts":1771981547335,"action":"IDE_DEACTIVATED"}
{"ts":1771981547543,"action":"IDE_ACTIVATED"}
{"ts":1771981548548,"action":"IDE_DEACTIVATED"}
{"ts":1771981548934,"action":"IDE_ACTIVATED"}
{"ts":1771981549269,"action":"IDE_DEACTIVATED"}
{"ts":1771981549361,"action":"IDE_ACTIVATED"}
{"ts":1771981551394,"action":"IDE_DEACTIVATED"}
{"ts":1771981551980,"action":"IDE_ACTIVATED"}
{"ts":1771981554699,"action":"IDE_DEACTIVATED"}
{"ts":1771981554797,"action":"IDE_ACTIVATED"}
{"ts":1771981555499,"action":"IDE_DEACTIVATED"}
{"ts":1771981555617,"action":"IDE_ACTIVATED"}
{"ts":1771981558262,"action":"IDE_DEACTIVATED"}
{"ts":1771981558421,"action":"IDE_ACTIVATED"}
{"ts":1771981563307,"action":"IDE_DEACTIVATED"}
{"ts":1771981563904,"action":"IDE_ACTIVATED"}
{"ts":1771981575012,"action":"IDE_DEACTIVATED"}
{"ts":1771981576321,"action":"IDE_ACTIVATED"}
{"ts":1771981589315,"action":"IDE_DEACTIVATED"}
{"ts":1771981590020,"action":"IDE_ACTIVATED"}
{"ts":1771981590960,"action":"IDE_DEACTIVATED"}
{"ts":1771981591890,"action":"IDE_ACTIVATED"}
{"ts":1771981638882,"action":"IDE_DEACTIVATED"}
{"ts":1771981641205,"action":"IDE_ACTIVATED"}
{"ts":1771981642196,"action":"IDE_DEACTIVATED"}
{"ts":1771981642397,"action":"IDE_ACTIVATED"}
{"ts":1771981676749,"action":"IDE_DEACTIVATED"}
{"ts":1771981677667,"action":"IDE_ACTIVATED"}
{"ts":1771981678308,"action":"IDE_DEACTIVATED"}
{"ts":1771981678609,"action":"IDE_ACTIVATED"}
{"ts":1771981718696,"action":"IDE_DEACTIVATED"}
{"ts":1771981718812,"action":"IDE_ACTIVATED"}
{"ts":1771982116566,"action":"IDE_DEACTIVATED"}
{"ts":1771982351168,"action":"IDE_ACTIVATED"}
{"ts":1771982361975,"action":"IDE_DEACTIVATED"}
{"ts":1771982365696,"action":"IDE_ACTIVATED"}
{"ts":1771982370400,"action":"IDE_DEACTIVATED"}
{"ts":1771982377901,"action":"IDE_ACTIVATED"}
{"ts":1771982379494,"action":"IDE_DEACTIVATED"}
{"ts":1771982380176,"action":"IDE_ACTIVATED"}
{"ts":1771982412977,"action":"IDE_DEACTIVATED"}
{"ts":1771982414651,"action":"IDE_ACTIVATED"}
{"ts":1771982414906,"action":"IDE_DEACTIVATED"}
{"ts":1771982415075,"action":"IDE_ACTIVATED"}
{"ts":1771982417512,"action":"IDE_DEACTIVATED"}
{"ts":1771982417656,"action":"IDE_ACTIVATED"}
{"ts":1771982418426,"action":"IDE_DEACTIVATED"}
{"ts":1771982418578,"action":"IDE_ACTIVATED"}
{"ts":1771982448051,"action":"IDE_DEACTIVATED"}
{"ts":1771982450313,"action":"IDE_ACTIVATED"}
{"ts":1771982467193,"action":"IDE_DEACTIVATED"}
{"ts":1771982467823,"action":"IDE_ACTIVATED"}
{"ts":1771982477190,"action":"IDE_DEACTIVATED"}
{"ts":1771982477569,"action":"IDE_ACTIVATED"}
{"ts":1771982484149,"action":"IDE_DEACTIVATED"}
{"ts":1771982484535,"action":"IDE_ACTIVATED"}
{"ts":1771982489322,"action":"IDE_DEACTIVATED"}
{"ts":1771982489869,"action":"IDE_ACTIVATED"}
{"ts":1771982504078,"action":"IDE_DEACTIVATED"}
{"ts":1771982505185,"action":"IDE_ACTIVATED"}
{"ts":1771982506176,"action":"IDE_DEACTIVATED"}
{"ts":1771982506394,"action":"IDE_ACTIVATED"}
{"ts":1771982515725,"action":"IDE_DEACTIVATED"}
{"ts":1771982515941,"action":"IDE_ACTIVATED"}
{"ts":1771982516629,"action":"IDE_DEACTIVATED"}
{"ts":1771982516744,"action":"IDE_ACTIVATED"}
{"ts":1771982544044,"action":"IDE_DEACTIVATED"}
{"ts":1771982545439,"action":"IDE_ACTIVATED"}
{"ts":1771982545722,"action":"IDE_DEACTIVATED"}
{"ts":1771982545868,"action":"IDE_ACTIVATED"}
{"ts":1771982564072,"action":"IDE_DEACTIVATED"}
{"ts":1771982564809,"action":"IDE_ACTIVATED"}
{"ts":1771982585715,"action":"IDE_DEACTIVATED"}
{"ts":1771982586364,"action":"IDE_ACTIVATED"}
{"ts":1771982610343,"action":"IDE_DEACTIVATED"}
{"ts":1771982611641,"action":"IDE_ACTIVATED"}
{"ts":1771982611892,"action":"IDE_DEACTIVATED"}
{"ts":1771982612059,"action":"IDE_ACTIVATED"}
{"ts":1771982730435,"action":"IDE_DEACTIVATED"}
{"ts":1771982731680,"action":"IDE_ACTIVATED"}
{"ts":1771982810501,"action":"IDE_DEACTIVATED"}
{"ts":1771982811102,"action":"IDE_ACTIVATED"}
{"ts":1771982834737,"action":"IDE_DEACTIVATED"}
{"ts":1771982835425,"action":"IDE_ACTIVATED"}
{"ts":1771982897541,"action":"IDE_DEACTIVATED"}
{"ts":1771982898297,"action":"IDE_ACTIVATED"}
{"ts":1771982974039,"action":"IDE_DEACTIVATED"}
{"ts":1771982975075,"action":"IDE_ACTIVATED"}
{"ts":1771982975694,"action":"IDE_DEACTIVATED"}
{"ts":1771982975895,"action":"IDE_ACTIVATED"}
{"ts":1771982992375,"action":"IDE_DEACTIVATED"}
{"ts":1771982992824,"action":"IDE_ACTIVATED"}
{"ts":1771983078694,"action":"IDE_DEACTIVATED"}
{"ts":1771983079487,"action":"IDE_ACTIVATED"}
{"ts":1771983089442,"action":"IDE_DEACTIVATED"}
{"ts":1771983094780,"action":"IDE_ACTIVATED"}
{"ts":1771983110161,"action":"IDE_DEACTIVATED"}
{"ts":1771983111842,"action":"IDE_ACTIVATED"}
{"ts":1771983112188,"action":"IDE_DEACTIVATED"}
{"ts":1771983112350,"action":"IDE_ACTIVATED"}
{"ts":1771983121565,"action":"IDE_DEACTIVATED"}
{"ts":1771983121891,"action":"IDE_ACTIVATED"}
{"ts":1771983124002,"action":"IDE_DEACTIVATED"}
{"ts":1771983124100,"action":"IDE_ACTIVATED"}
{"ts":1771983135909,"action":"IDE_DEACTIVATED"}
{"ts":1771983136786,"action":"IDE_ACTIVATED"}
{"ts":1771983172989,"action":"IDE_DEACTIVATED"}
{"ts":1771983173753,"action":"IDE_ACTIVATED"}
{"ts":1771983305794,"action":"IDE_DEACTIVATED"}
{"ts":1771983306613,"action":"IDE_ACTIVATED"}
{"ts":1771983405054,"action":"IDE_DEACTIVATED"}
{"ts":1771983405989,"action":"IDE_ACTIVATED"}
{"ts":1771983414942,"action":"IDE_DEACTIVATED"}
{"ts":1771983415121,"action":"IDE_ACTIVATED"}
{"ts":1771983416802,"action":"IDE_DEACTIVATED"}
{"ts":1771983416868,"action":"IDE_ACTIVATED"}
{"ts":1771983431138,"action":"IDE_DEACTIVATED"}
{"ts":1771983431773,"action":"IDE_ACTIVATED"}
{"ts":1771983455302,"action":"IDE_DEACTIVATED"}
{"ts":1771983455402,"action":"IDE_ACTIVATED"}
{"ts":1771983474158,"action":"IDE_DEACTIVATED"}
{"ts":1771983475502,"action":"IDE_ACTIVATED"}
{"ts":1771983475765,"action":"IDE_DEACTIVATED"}
{"ts":1771983475882,"action":"IDE_ACTIVATED"}
{"ts":1771983483190,"action":"IDE_DEACTIVATED"}
{"ts":1771983483492,"action":"IDE_ACTIVATED"}
{"ts":1771983485921,"action":"IDE_DEACTIVATED"}
{"ts":1771983486842,"action":"IDE_ACTIVATED"}
{"ts":1771983560385,"action":"IDE_DEACTIVATED"}
{"ts":1771983560728,"action":"IDE_ACTIVATED"}
{"ts":1771983561846,"action":"IDE_DEACTIVATED"}
{"ts":1771983562031,"action":"IDE_ACTIVATED"}
{"ts":1771983737072,"action":"IDE_DEACTIVATED"}
{"ts":1771983737910,"action":"IDE_ACTIVATED"}
{"ts":1771983738277,"action":"IDE_DEACTIVATED"}
{"ts":1771983738392,"action":"IDE_ACTIVATED"}
{"ts":1771983745308,"action":"IDE_DEACTIVATED"}
{"ts":1771983745523,"action":"IDE_ACTIVATED"}
{"ts":1771983746544,"action":"IDE_DEACTIVATED"}
{"ts":1771983747047,"action":"IDE_ACTIVATED"}
{"ts":1771983820156,"action":"IDE_DEACTIVATED"}
{"ts":1771983821091,"action":"IDE_ACTIVATED"}
{"ts":1771983821363,"action":"IDE_DEACTIVATED"}
{"ts":1771983821492,"action":"IDE_ACTIVATED"}
{"ts":1771983920029,"action":"IDE_DEACTIVATED"}
{"ts":1771983920659,"action":"IDE_ACTIVATED"}
{"ts":1771984264527,"action":"IDE_DEACTIVATED"}
{"ts":1771984264948,"action":"IDE_ACTIVATED"}
{"ts":1771984299565,"action":"IDE_DEACTIVATED"}
{"ts":1771984313606,"action":"IDE_ACTIVATED"}
{"ts":1771984319140,"action":"IDE_DEACTIVATED"}
{"ts":1771984321202,"action":"IDE_ACTIVATED"}
{"ts":1771984323361,"action":"IDE_DEACTIVATED"}
{"ts":1771984324787,"action":"IDE_ACTIVATED"}
{"ts":1771984363491,"action":"IDE_DEACTIVATED"}
{"ts":1771984363928,"action":"IDE_ACTIVATED"}
{"ts":1771984364710,"action":"IDE_DEACTIVATED"}
{"ts":1771984364872,"action":"IDE_ACTIVATED"}
{"ts":1771984374096,"action":"IDE_DEACTIVATED"}
{"ts":1771984374187,"action":"IDE_ACTIVATED"}
{"ts":1771984376001,"action":"IDE_DEACTIVATED"}
{"ts":1771984376074,"action":"IDE_ACTIVATED"}
{"ts":1771984392487,"action":"IDE_DEACTIVATED"}
{"ts":1771984405020,"action":"IDE_ACTIVATED"}
{"ts":1771984439941,"action":"IDE_DEACTIVATED"}
{"ts":1771984442864,"action":"IDE_ACTIVATED"}
{"ts":1771984443983,"action":"IDE_DEACTIVATED"}
{"ts":1771984445572,"action":"IDE_ACTIVATED"}
{"ts":1771984449885,"action":"IDE_DEACTIVATED"}
{"ts":1771984452685,"action":"IDE_ACTIVATED"}
{"ts":1771984454103,"action":"IDE_DEACTIVATED"}
{"ts":1771984455292,"action":"IDE_ACTIVATED"}
{"ts":1771984456700,"action":"IDE_DEACTIVATED"}
{"ts":1771984456800,"action":"IDE_ACTIVATED"}
{"ts":1771984457939,"action":"IDE_DEACTIVATED"}
{"ts":1771984458066,"action":"IDE_ACTIVATED"}
{"ts":1771984567872,"action":"IDE_DEACTIVATED"}
{"ts":1771984579851,"action":"IDE_ACTIVATED"}
{"ts":1771984696976,"action":"IDE_DEACTIVATED"}
{"ts":1771984699652,"action":"IDE_ACTIVATED"}
{"ts":1771984755939,"action":"IDE_DEACTIVATED"}
{"ts":1771984772397,"action":"IDE_ACTIVATED"}
{"ts":1771984775009,"action":"IDE_DEACTIVATED"}
{"ts":1771984777970,"action":"IDE_ACTIVATED"}
{"ts":1771984781224,"action":"IDE_DEACTIVATED"}
{"ts":1771984783719,"action":"IDE_ACTIVATED"}
{"ts":1771984787402,"action":"IDE_DEACTIVATED"}
{"ts":1771984793427,"action":"IDE_ACTIVATED"}
{"ts":1771984797145,"action":"IDE_DEACTIVATED"}
{"ts":1771984803285,"action":"IDE_ACTIVATED"}
{"ts":1771984809533,"action":"IDE_DEACTIVATED"}
{"ts":1771984818585,"action":"IDE_ACTIVATED"}
{"ts":1771984851970,"action":"IDE_DEACTIVATED"}
{"ts":1771984861451,"action":"IDE_ACTIVATED"}
{"ts":1771984889073,"action":"IDE_DEACTIVATED"}
{"ts":1771984904109,"action":"IDE_ACTIVATED"}
{"ts":1771985370806,"action":"IDE_DEACTIVATED"}
{"ts":1771985372416,"action":"IDE_ACTIVATED"}
{"ts":1771985474309,"action":"IDE_DEACTIVATED"}
{"ts":1771985478464,"action":"IDE_ACTIVATED"}
{"ts":1771985486233,"action":"IDE_DEACTIVATED"}
{"ts":1771985496382,"action":"IDE_ACTIVATED"}
{"ts":1771985511035,"action":"IDE_DEACTIVATED"}
{"ts":1771985514967,"action":"IDE_ACTIVATED"}
{"ts":1771985533232,"action":"IDE_DEACTIVATED"}
{"ts":1771985534889,"action":"IDE_ACTIVATED"}
{"ts":1771985562882,"action":"IDE_DEACTIVATED"}
{"ts":1771985564440,"action":"IDE_ACTIVATED"}
{"ts":1771985581186,"action":"IDE_DEACTIVATED"}
{"ts":1771985583430,"action":"IDE_ACTIVATED"}
{"ts":1771985601515,"action":"IDE_DEACTIVATED"}
{"ts":1771985603887,"action":"IDE_ACTIVATED"}
{"ts":1771985631954,"action":"IDE_DEACTIVATED"}
{"ts":1771985633289,"action":"IDE_ACTIVATED"}
{"ts":1771985654774,"action":"IDE_DEACTIVATED"}
{"ts":1771985656121,"action":"IDE_ACTIVATED"}
{"ts":1771985725900,"action":"IDE_DEACTIVATED"}
{"ts":1771985733853,"action":"IDE_ACTIVATED"}
{"ts":1771985813917,"action":"IDE_DEACTIVATED"}
{"ts":1771985815785,"action":"IDE_ACTIVATED"}
{"ts":1771985837407,"action":"IDE_DEACTIVATED"}
{"ts":1771985840818,"action":"IDE_ACTIVATED"}
{"ts":1771985844981,"action":"IDE_DEACTIVATED"}
{"ts":1771985846596,"action":"IDE_ACTIVATED"}
{"ts":1771985855932,"action":"IDE_DEACTIVATED"}
{"ts":1771985872709,"action":"IDE_ACTIVATED"}
{"ts":1771985879822,"action":"IDE_DEACTIVATED"}
{"ts":1771985881731,"action":"IDE_ACTIVATED"}
{"ts":1771985893222,"action":"IDE_DEACTIVATED"}
{"ts":1771985895060,"action":"IDE_ACTIVATED"}
{"ts":1771985901988,"action":"IDE_DEACTIVATED"}
{"ts":1771985904903,"action":"IDE_ACTIVATED"}
{"ts":1771985916384,"action":"IDE_DEACTIVATED"}
{"ts":1771985918251,"action":"IDE_ACTIVATED"}
{"ts":1771985937930,"action":"IDE_DEACTIVATED"}
{"ts":1771985940271,"action":"IDE_ACTIVATED"}
{"ts":1771985946776,"action":"IDE_DEACTIVATED"}
{"ts":1771985946858,"action":"IDE_ACTIVATED"}
{"ts":1771985950300,"action":"IDE_DEACTIVATED"}
{"ts":1771985950385,"action":"IDE_ACTIVATED"}
{"ts":1771985968646,"action":"IDE_DEACTIVATED"}
{"ts":1771985970521,"action":"IDE_ACTIVATED"}
{"ts":1771985970875,"action":"IDE_DEACTIVATED"}
{"ts":1771985971001,"action":"IDE_ACTIVATED"}
{"ts":1771985973438,"action":"IDE_DEACTIVATED"}
{"ts":1771985973537,"action":"IDE_ACTIVATED"}
{"ts":1771986025728,"action":"IDE_DEACTIVATED"}
{"ts":1771986025797,"action":"IDE_ACTIVATED"}
{"ts":1771986121486,"action":"IDE_DEACTIVATED"}
{"ts":1771986122893,"action":"IDE_ACTIVATED"}
{"ts":1771986239856,"action":"IDE_DEACTIVATED"}
{"ts":1771986240292,"action":"IDE_ACTIVATED"}
{"ts":1771986240609,"action":"IDE_DEACTIVATED"}
{"ts":1771986240728,"action":"IDE_ACTIVATED"}
{"ts":1771986267455,"action":"IDE_DEACTIVATED"}
{"ts":1771986272823,"action":"IDE_ACTIVATED"}
{"ts":1771986275854,"action":"IDE_DEACTIVATED"}
{"ts":1771986279024,"action":"IDE_ACTIVATED"}
{"ts":1771986288987,"action":"IDE_DEACTIVATED"}
{"ts":1771986290814,"action":"IDE_ACTIVATED"}
{"ts":1771986315640,"action":"IDE_DEACTIVATED"}
{"ts":1771986322295,"action":"IDE_ACTIVATED"}
{"ts":1771986339513,"action":"IDE_DEACTIVATED"}
{"ts":1771986340518,"action":"IDE_ACTIVATED"}
{"ts":1771986354506,"action":"IDE_DEACTIVATED"}
{"ts":1771986356289,"action":"IDE_ACTIVATED"}
{"ts":1771986358365,"action":"IDE_DEACTIVATED"}
{"ts":1771986360008,"action":"IDE_ACTIVATED"}
{"ts":1771986386909,"action":"IDE_DEACTIVATED"}
{"ts":1771986388601,"action":"IDE_ACTIVATED"}
{"ts":1771986396205,"action":"IDE_DEACTIVATED"}
{"ts":1771986402746,"action":"IDE_ACTIVATED"}
{"ts":1771986417883,"action":"IDE_DEACTIVATED"}
{"ts":1771986421001,"action":"IDE_ACTIVATED"}
{"ts":1771986485284,"action":"IDE_DEACTIVATED"}
{"ts":1771986486598,"action":"IDE_ACTIVATED"}
{"ts":1771986489165,"action":"IDE_DEACTIVATED"}
{"ts":1771986489249,"action":"IDE_ACTIVATED"}
{"ts":1771986490632,"action":"IDE_DEACTIVATED"}
{"ts":1771986490735,"action":"IDE_ACTIVATED"}
{"ts":1771986491789,"action":"IDE_DEACTIVATED"}
{"ts":1771986491877,"action":"IDE_ACTIVATED"}
{"ts":1771986494290,"action":"IDE_DEACTIVATED"}
{"ts":1771986494398,"action":"IDE_ACTIVATED"}
{"ts":1771986544900,"action":"IDE_DEACTIVATED"}
{"ts":1771986544954,"action":"IDE_ACTIVATED"}
{"ts":1771986559215,"action":"FILE_CLOSED","file":"/DEPLOYMENT_VULTR.md","tags":{"FILE_LINE_OF_CODE":"727"}}
{"ts":1771986559215,"action":"FILE_OPENED","file":"/faktury.db","tags":{"FILE_LINE_OF_CODE":"null"}}
{"ts":1771986568946,"action":"IDE_DEACTIVATED"}
{"ts":1771986569779,"action":"IDE_ACTIVATED"}
{"ts":1771986812685,"action":"IDE_DEACTIVATED"}
{"ts":1771986815399,"action":"IDE_ACTIVATED"}
{"ts":1771986817005,"action":"FILE_CLOSED","file":"/faktury.db","tags":{"FILE_LINE_OF_CODE":"null"}}
{"ts":1771986817005,"action":"FILE_OPENED","file":"/DEPLOYMENT_VULTR.md","tags":{"FILE_LINE_OF_CODE":"727"}}
{"ts":1771986817655,"action":"IDE_DEACTIVATED"}
{"ts":1771986818400,"action":"IDE_ACTIVATED"}
{"ts":1771987001008,"action":"IDE_DEACTIVATED"}
{"ts":1771987005171,"action":"IDE_ACTIVATED"}
{"ts":1771987005618,"action":"IDE_DEACTIVATED"}
{"ts":1771987006419,"action":"IDE_ACTIVATED"}
{"ts":1771987032565,"action":"IDE_DEACTIVATED"}
{"ts":1771987033457,"action":"IDE_ACTIVATED"}
{"ts":1771987034527,"action":"IDE_DEACTIVATED"}
{"ts":1771987035072,"action":"IDE_ACTIVATED"}
{"ts":1771987049298,"action":"IDE_DEACTIVATED"}
{"ts":1771987068601,"action":"IDE_ACTIVATED"}
{"ts":1771987077743,"action":"IDE_DEACTIVATED"}
{"ts":1771987104777,"action":"IDE_ACTIVATED"}
{"ts":1771987106464,"action":"IDE_DEACTIVATED"}
{"ts":1771987127746,"action":"IDE_ACTIVATED"}
{"ts":1771987141806,"action":"IDE_DEACTIVATED"}
{"ts":1771987151675,"action":"IDE_ACTIVATED"}
{"ts":1771987153308,"action":"IDE_DEACTIVATED"}
{"ts":1771987163655,"action":"IDE_ACTIVATED"}
{"ts":1771987176056,"action":"IDE_DEACTIVATED"}
{"ts":1771987178660,"action":"IDE_ACTIVATED"}
{"ts":1771987179024,"action":"IDE_DEACTIVATED"}
{"ts":1771987179169,"action":"IDE_ACTIVATED"}
{"ts":1771987219575,"action":"IDE_DEACTIVATED"}
{"ts":1771987221320,"action":"IDE_ACTIVATED"}
{"ts":1771987221628,"action":"IDE_DEACTIVATED"}
{"ts":1771987221830,"action":"IDE_ACTIVATED"}
{"ts":1771987256574,"action":"IDE_DEACTIVATED"}
{"ts":1771987265600,"action":"IDE_ACTIVATED"}
{"ts":1771987276735,"action":"IDE_DEACTIVATED"}
{"ts":1771987280340,"action":"IDE_ACTIVATED"}
{"ts":1771987293565,"action":"IDE_DEACTIVATED"}
{"ts":1771987295462,"action":"IDE_ACTIVATED"}
{"ts":1771987306375,"action":"IDE_DEACTIVATED"}
{"ts":1771987308190,"action":"IDE_ACTIVATED"}
{"ts":1771987318190,"action":"IDE_DEACTIVATED"}
{"ts":1771987319363,"action":"IDE_ACTIVATED"}
{"ts":1771987364588,"action":"IDE_DEACTIVATED"}
{"ts":1771987365614,"action":"IDE_ACTIVATED"}
{"ts":1771987419804,"action":"IDE_DEACTIVATED"}
{"ts":1771987421531,"action":"IDE_ACTIVATED"}
{"ts":1771987432825,"action":"IDE_DEACTIVATED"}
{"ts":1771987439588,"action":"IDE_ACTIVATED"}
{"ts":1771987500539,"action":"IDE_DEACTIVATED"}
{"ts":1771987503787,"action":"IDE_ACTIVATED"}
{"ts":1771987504367,"action":"IDE_DEACTIVATED"}
{"ts":1771987507950,"action":"IDE_ACTIVATED"}
{"ts":1771987545927,"action":"PROJECT_CLOSED","tags":{"PROJECT_NAME":"faktura_scanner_flask"}}
{"ts":1772029767601,"action":"FILE_OPENED","file":"/DEPLOYMENT_VULTR.md","tags":{"FILE_LINE_OF_CODE":"727"}}
{"ts":1772029767875,"action":"PROJECT_OPENED","tags":{"PROJECT_NAME":"faktura_scanner_flask"}}
{"ts":1772029839257,"action":"IDE_DEACTIVATED"}
{"ts":1772029839372,"action":"IDE_ACTIVATED"}
{"ts":1772029915038,"action":"IDE_DEACTIVATED"}
{"ts":1772029915164,"action":"IDE_ACTIVATED"}
{"ts":1772029954245,"action":"IDE_DEACTIVATED"}
{"ts":1772029954352,"action":"IDE_ACTIVATED"}
{"ts":1772030157894,"action":"IDE_DEACTIVATED"}
{"ts":1772030157996,"action":"IDE_ACTIVATED"}
{"ts":1772030170634,"action":"IDE_DEACTIVATED"}
{"ts":1772030397324,"action":"IDE_ACTIVATED"}
{"ts":1772030402223,"action":"IDE_DEACTIVATED"}
{"ts":1772030435688,"action":"IDE_ACTIVATED"}
{"ts":1772030504520,"action":"IDE_DEACTIVATED"}
{"ts":1772030510088,"action":"IDE_ACTIVATED"}
{"ts":1772030511020,"action":"IDE_DEACTIVATED"}
{"ts":1772030711260,"action":"IDE_ACTIVATED"}
{"ts":1772030724681,"action":"IDE_DEACTIVATED"}
{"ts":1772030724797,"action":"IDE_ACTIVATED"}
{"ts":1772030730610,"action":"IDE_DEACTIVATED"}
{"ts":1772030799145,"action":"IDE_ACTIVATED"}
{"ts":1772030841188,"action":"IDE_DEACTIVATED"}
{"ts":1772030841293,"action":"IDE_ACTIVATED"}
{"ts":1772030856676,"action":"IDE_DEACTIVATED"}
{"ts":1772030979234,"action":"IDE_ACTIVATED"}
{"ts":1772030994879,"action":"IDE_DEACTIVATED"}
{"ts":1772030995001,"action":"IDE_ACTIVATED"}
{"ts":1772031099357,"action":"IDE_DEACTIVATED"}
{"ts":1772031123974,"action":"IDE_ACTIVATED"}
{"ts":1772031143873,"action":"IDE_DEACTIVATED"}
{"ts":1772031159091,"action":"IDE_ACTIVATED"}
{"ts":1772031212376,"action":"IDE_DEACTIVATED"}
{"ts":1772031215154,"action":"IDE_ACTIVATED"}
{"ts":1772031220619,"action":"IDE_DEACTIVATED"}
{"ts":1772031220741,"action":"IDE_ACTIVATED"}
{"ts":1772031248738,"action":"IDE_DEACTIVATED"}
{"ts":1772031249627,"action":"IDE_ACTIVATED"}
{"ts":1772031631957,"action":"IDE_DEACTIVATED"}
{"ts":1772031632035,"action":"IDE_ACTIVATED"}
{"ts":1772031645376,"action":"IDE_DEACTIVATED"}
{"ts":1772031645623,"action":"IDE_ACTIVATED"}
{"ts":1772031648161,"action":"IDE_DEACTIVATED"}
{"ts":1772031699105,"action":"IDE_ACTIVATED"}
{"ts":1772031711936,"action":"IDE_DEACTIVATED"}
{"ts":1772031785763,"action":"IDE_ACTIVATED"}
{"ts":1772031796946,"action":"IDE_DEACTIVATED"}
{"ts":1772031803955,"action":"IDE_ACTIVATED"}
{"ts":1772031807356,"action":"IDE_DEACTIVATED"}
{"ts":1772031811930,"action":"IDE_ACTIVATED"}
{"ts":1772031816845,"action":"IDE_DEACTIVATED"}
{"ts":1772031818626,"action":"IDE_ACTIVATED"}
{"ts":1772031819937,"action":"IDE_DEACTIVATED"}
{"ts":1772031827519,"action":"IDE_ACTIVATED"}
{"ts":1772031831488,"action":"IDE_DEACTIVATED"}
{"ts":1772031836722,"action":"IDE_ACTIVATED"}
{"ts":1772031846985,"action":"IDE_DEACTIVATED"}
{"ts":1772031857598,"action":"IDE_ACTIVATED"}
{"ts":1772031910630,"action":"IDE_DEACTIVATED"}
{"ts":1772031954484,"action":"IDE_ACTIVATED"}
{"ts":1772032010658,"action":"IDE_DEACTIVATED"}
{"ts":1772032041037,"action":"IDE_ACTIVATED"}
{"ts":1772032042006,"action":"IDE_DEACTIVATED"}
{"ts":1772032043041,"action":"IDE_ACTIVATED"}
{"ts":1772032046215,"action":"IDE_DEACTIVATED"}
{"ts":1772032047182,"action":"IDE_ACTIVATED"}
{"ts":1772032047908,"action":"IDE_DEACTIVATED"}
{"ts":1772032086270,"action":"IDE_ACTIVATED"}
{"ts":1772032093248,"action":"IDE_DEACTIVATED"}
{"ts":1772032112479,"action":"IDE_ACTIVATED"}
{"ts":1772032117771,"action":"IDE_DEACTIVATED"}
{"ts":1772032126359,"action":"IDE_ACTIVATED"}
{"ts":1772032171193,"action":"IDE_DEACTIVATED"}
{"ts":1772032174262,"action":"IDE_ACTIVATED"}
{"ts":1772032189165,"action":"IDE_DEACTIVATED"}
{"ts":1772032249730,"action":"IDE_ACTIVATED"}
{"ts":1772032253835,"action":"IDE_DEACTIVATED"}
{"ts":1772032259747,"action":"IDE_ACTIVATED"}
{"ts":1772032284837,"action":"IDE_DEACTIVATED"}
{"ts":1772032290924,"action":"IDE_ACTIVATED"}
{"ts":1772032337457,"action":"IDE_DEACTIVATED"}
{"ts":1772032339095,"action":"IDE_ACTIVATED"}
{"ts":1772032340704,"action":"IDE_DEACTIVATED"}
{"ts":1772032340825,"action":"IDE_ACTIVATED"}
{"ts":1772032344732,"action":"IDE_DEACTIVATED"}
{"ts":1772032344947,"action":"IDE_ACTIVATED"}
{"ts":1772032348975,"action":"IDE_DEACTIVATED"}
{"ts":1772032349047,"action":"IDE_ACTIVATED"}
{"ts":1772032351264,"action":"IDE_DEACTIVATED"}
{"ts":1772032351323,"action":"IDE_ACTIVATED"}
{"ts":1772032432963,"action":"FILE_CLOSED","file":"/DEPLOYMENT_VULTR.md","tags":{"FILE_LINE_OF_CODE":"727"}}
{"ts":1772032432963,"action":"FILE_OPENED","file":"/.env.example","tags":{"FILE_LINE_OF_CODE":"21"}}
{"ts":1772032450802,"action":"IDE_DEACTIVATED"}
{"ts":1772032451475,"action":"IDE_ACTIVATED"}
{"ts":1772032559277,"action":"FILE_CLOSED","file":"/.env.example","tags":{"FILE_LINE_OF_CODE":"21"}}
{"ts":1772032559277,"action":"FILE_OPENED","file":"/DEPLOYMENT_VULTR.md","tags":{"FILE_LINE_OF_CODE":"727"}}
{"ts":1772032578671,"action":"IDE_DEACTIVATED"}
{"ts":1772032633809,"action":"IDE_ACTIVATED"}
{"ts":1772032640840,"action":"IDE_DEACTIVATED"}
{"ts":1772032644149,"action":"IDE_ACTIVATED"}
{"ts":1772032647155,"action":"IDE_DEACTIVATED"}
{"ts":1772032653676,"action":"IDE_ACTIVATED"}
{"ts":1772032699596,"action":"IDE_DEACTIVATED"}
{"ts":1772032700686,"action":"IDE_ACTIVATED"}
{"ts":1772032710008,"action":"IDE_DEACTIVATED"}
{"ts":1772032719648,"action":"IDE_ACTIVATED"}
{"ts":1772032725093,"action":"FILE_CLOSED","file":"/DEPLOYMENT_VULTR.md","tags":{"FILE_LINE_OF_CODE":"727"}}
{"ts":1772032725093,"action":"FILE_OPENED","file":"/gunicorn.conf.py","tags":{"FILE_LINE_OF_CODE":"22"}}
{"ts":1772032755381,"action":"IDE_DEACTIVATED"}
{"ts":1772032761483,"action":"IDE_ACTIVATED"}
{"ts":1772032863018,"action":"IDE_DEACTIVATED"}
{"ts":1772032863096,"action":"IDE_ACTIVATED"}
{"ts":1772032869296,"action":"IDE_DEACTIVATED"}
{"ts":1772032869406,"action":"IDE_ACTIVATED"}
{"ts":1772032871057,"action":"IDE_DEACTIVATED"}
{"ts":1772032871220,"action":"IDE_ACTIVATED"}
{"ts":1772032873784,"action":"IDE_DEACTIVATED"}
{"ts":1772032873868,"action":"IDE_ACTIVATED"}
{"ts":1772032874974,"action":"IDE_DEACTIVATED"}
{"ts":1772032875090,"action":"IDE_ACTIVATED"}
{"ts":1772032877013,"action":"IDE_DEACTIVATED"}
{"ts":1772032877198,"action":"IDE_ACTIVATED"}
{"ts":1772032877792,"action":"IDE_DEACTIVATED"}
{"ts":1772032877901,"action":"IDE_ACTIVATED"}
{"ts":1772032959077,"action":"IDE_DEACTIVATED"}
{"ts":1772032966668,"action":"IDE_ACTIVATED"}
{"ts":1772032974909,"action":"IDE_DEACTIVATED"}
{"ts":1772032980429,"action":"IDE_ACTIVATED"}
{"ts":1772032986676,"action":"IDE_DEACTIVATED"}
{"ts":1772032990213,"action":"IDE_ACTIVATED"}
{"ts":1772032995689,"action":"IDE_DEACTIVATED"}
{"ts":1772032999816,"action":"IDE_ACTIVATED"}
{"ts":1772033015609,"action":"IDE_DEACTIVATED"}
{"ts":1772033016644,"action":"IDE_ACTIVATED"}
{"ts":1772033030331,"action":"FILE_CLOSED","file":"/gunicorn.conf.py","tags":{"FILE_LINE_OF_CODE":"22"}}
{"ts":1772033030331,"action":"FILE_OPENED","file":"/.env.example","tags":{"FILE_LINE_OF_CODE":"21"}}
{"ts":1772033048067,"action":"FILE_CLOSED","file":"/.env.example","tags":{"FILE_LINE_OF_CODE":"21"}}
{"ts":1772033048067,"action":"FILE_OPENED","file":"/DEPLOYMENT_VULTR.md","tags":{"FILE_LINE_OF_CODE":"727"}}
{"ts":1772033058466,"action":"IDE_DEACTIVATED"}
{"ts":1772033058589,"action":"IDE_ACTIVATED"}
{"ts":1772033060771,"action":"IDE_DEACTIVATED"}
{"ts":1772033060852,"action":"IDE_ACTIVATED"}
{"ts":1772033069008,"action":"IDE_DEACTIVATED"}
{"ts":1772033069008,"action":"IDE_ACTIVATED"}
{"ts":1772033069108,"action":"IDE_DEACTIVATED"}
{"ts":1772033079471,"action":"IDE_ACTIVATED"}
{"ts":1772033100364,"action":"IDE_DEACTIVATED"}
{"ts":1772033105144,"action":"IDE_ACTIVATED"}
{"ts":1772033115971,"action":"IDE_DEACTIVATED"}
{"ts":1772033119488,"action":"IDE_ACTIVATED"}
{"ts":1772033164629,"action":"IDE_DEACTIVATED"}
{"ts":1772033165633,"action":"IDE_ACTIVATED"}
{"ts":1772033178327,"action":"IDE_DEACTIVATED"}
{"ts":1772033179248,"action":"IDE_ACTIVATED"}
{"ts":1772033220572,"action":"IDE_DEACTIVATED"}
{"ts":1772033222002,"action":"IDE_ACTIVATED"}
{"ts":1772033226415,"action":"IDE_DEACTIVATED"}
{"ts":1772033230905,"action":"IDE_ACTIVATED"}
{"ts":1772033234149,"action":"FILE_CLOSED","file":"/DEPLOYMENT_VULTR.md","tags":{"FILE_LINE_OF_CODE":"727"}}
{"ts":1772033234149,"action":"FILE_OPENED","file":"/gunicorn.conf.py","tags":{"FILE_LINE_OF_CODE":"22"}}
{"ts":1772033269783,"action":"FILE_CLOSED","file":"/gunicorn.conf.py","tags":{"FILE_LINE_OF_CODE":"22"}}
{"ts":1772033269783,"action":"FILE_OPENED","file":"/app.py","tags":{"FILE_LINE_OF_CODE":"162"}}
{"ts":1772033316624,"action":"FILE_CLOSED","file":"/app.py","tags":{"FILE_LINE_OF_CODE":"162"}}
{"ts":1772033316624,"action":"FILE_OPENED","file":"/gunicorn.conf.py","tags":{"FILE_LINE_OF_CODE":"22"}}
{"ts":1772033318939,"action":"FILE_CLOSED","file":"/gunicorn.conf.py","tags":{"FILE_LINE_OF_CODE":"22"}}
{"ts":1772033318939,"action":"FILE_OPENED","file":"/DEPLOYMENT_VULTR.md","tags":{"FILE_LINE_OF_CODE":"727"}}
{"ts":1772033323429,"action":"FILE_CLOSED","file":"/DEPLOYMENT_VULTR.md","tags":{"FILE_LINE_OF_CODE":"727"}}
{"ts":1772033323429,"action":"FILE_OPENED","file":"/app.py","tags":{"FILE_LINE_OF_CODE":"162"}}
{"ts":1772033401303,"action":"IDE_DEACTIVATED"}
{"ts":1772033401372,"action":"IDE_ACTIVATED"}
{"ts":1772033463250,"action":"FILE_CLOSED","file":"/app.py","tags":{"FILE_LINE_OF_CODE":"162"}}
{"ts":1772033463250,"action":"FILE_OPENED","file":"/gunicorn.conf.py","tags":{"FILE_LINE_OF_CODE":"22"}}
{"ts":1772033477460,"action":"FILE_CLOSED","file":"/gunicorn.conf.py","tags":{"FILE_LINE_OF_CODE":"22"}}
{"ts":1772033477460,"action":"FILE_OPENED","file":"/.env.example","tags":{"FILE_LINE_OF_CODE":"21"}}
{"ts":1772033516767,"action":"IDE_DEACTIVATED"}
{"ts":1772033516898,"action":"IDE_ACTIVATED"}
{"ts":1772033524346,"action":"IDE_DEACTIVATED"}
{"ts":1772033524446,"action":"IDE_ACTIVATED"}
{"ts":1772033525629,"action":"FILE_CLOSED","file":"/.env.example","tags":{"FILE_LINE_OF_CODE":"21"}}
{"ts":1772033525629,"action":"FILE_OPENED","file":"/app.py","tags":{"FILE_LINE_OF_CODE":"162"}}
{"ts":1772033574582,"action":"IDE_DEACTIVATED"}
{"ts":1772033574683,"action":"IDE_ACTIVATED"}
{"ts":1772033627443,"action":"IDE_DEACTIVATED"}
{"ts":1772033628171,"action":"IDE_ACTIVATED"}
{"ts":1772033630624,"action":"FILE_CLOSED","file":"/app.py","tags":{"FILE_LINE_OF_CODE":"162"}}
{"ts":1772033630624,"action":"FILE_OPENED","file":"/DEPLOYMENT_VULTR.md","tags":{"FILE_LINE_OF_CODE":"727"}}
{"ts":1772033640733,"action":"IDE_DEACTIVATED"}
{"ts":1772033641646,"action":"IDE_ACTIVATED"}
{"ts":1772033659263,"action":"IDE_DEACTIVATED"}
{"ts":1772033670039,"action":"IDE_ACTIVATED"}
{"ts":1772033675728,"action":"IDE_DEACTIVATED"}
{"ts":1772033699141,"action":"IDE_ACTIVATED"}
{"ts":1772033720810,"action":"IDE_DEACTIVATED"}
{"ts":1772033739690,"action":"IDE_ACTIVATED"}
{"ts":1772033744683,"action":"IDE_DEACTIVATED"}
{"ts":1772033759439,"action":"IDE_ACTIVATED"}
{"ts":1772033829712,"action":"IDE_DEACTIVATED"}
{"ts":1772033835003,"action":"IDE_ACTIVATED"}
{"ts":1772033844742,"action":"IDE_DEACTIVATED"}
{"ts":1772033852994,"action":"IDE_ACTIVATED"}
{"ts":1772033913782,"action":"IDE_DEACTIVATED"}
{"ts":1772033914532,"action":"IDE_ACTIVATED"}
{"ts":1772033921709,"action":"IDE_DEACTIVATED"}
{"ts":1772033921956,"action":"IDE_ACTIVATED"}
{"ts":1772033924590,"action":"IDE_DEACTIVATED"}
{"ts":1772033924791,"action":"IDE_ACTIVATED"}
{"ts":1772033939116,"action":"IDE_DEACTIVATED"}
{"ts":1772033939904,"action":"IDE_ACTIVATED"}
{"ts":1772034106857,"action":"IDE_DEACTIVATED"}
{"ts":1772034107624,"action":"IDE_ACTIVATED"}
{"ts":1772034187257,"action":"IDE_DEACTIVATED"}
{"ts":1772034213196,"action":"IDE_ACTIVATED"}
{"ts":1772034230478,"action":"IDE_DEACTIVATED"}
{"ts":1772034232140,"action":"IDE_ACTIVATED"}
{"ts":1772034267042,"action":"IDE_DEACTIVATED"}
{"ts":1772034270113,"action":"IDE_ACTIVATED"}
{"ts":1772034271032,"action":"IDE_DEACTIVATED"}
{"ts":1772034271566,"action":"IDE_ACTIVATED"}
{"ts":1772034275775,"action":"IDE_DEACTIVATED"}
{"ts":1772034276509,"action":"IDE_ACTIVATED"}
{"ts":1772034299303,"action":"IDE_DEACTIVATED"}
{"ts":1772034348589,"action":"IDE_ACTIVATED"}
{"ts":1772034359819,"action":"IDE_DEACTIVATED"}
{"ts":1772034361505,"action":"IDE_ACTIVATED"}
{"ts":1772034374205,"action":"IDE_DEACTIVATED"}
{"ts":1772034400978,"action":"IDE_ACTIVATED"}
{"ts":1772034403631,"action":"IDE_DEACTIVATED"}
{"ts":1772034408378,"action":"IDE_ACTIVATED"}
{"ts":1772034410274,"action":"IDE_DEACTIVATED"}
{"ts":1772034410619,"action":"IDE_ACTIVATED"}
{"ts":1772034414244,"action":"IDE_DEACTIVATED"}
{"ts":1772034414879,"action":"IDE_ACTIVATED"}
{"ts":1772034422752,"action":"IDE_DEACTIVATED"}
{"ts":1772034423742,"action":"IDE_ACTIVATED"}
{"ts":1772034426099,"action":"IDE_DEACTIVATED"}
{"ts":1772034426834,"action":"IDE_ACTIVATED"}
{"ts":1772034449427,"action":"IDE_DEACTIVATED"}
{"ts":1772034450370,"action":"IDE_ACTIVATED"}
{"ts":1772034458078,"action":"IDE_DEACTIVATED"}
{"ts":1772034458202,"action":"IDE_ACTIVATED"}
{"ts":1772034462543,"action":"IDE_DEACTIVATED"}
{"ts":1772034462643,"action":"IDE_ACTIVATED"}
{"ts":1772034469410,"action":"IDE_DEACTIVATED"}
{"ts":1772034469595,"action":"IDE_ACTIVATED"}
{"ts":1772034475033,"action":"IDE_DEACTIVATED"}
{"ts":1772034475854,"action":"IDE_ACTIVATED"}
{"ts":1772034479123,"action":"IDE_DEACTIVATED"}
{"ts":1772034479253,"action":"IDE_ACTIVATED"}
{"ts":1772034510903,"action":"IDE_DEACTIVATED"}
{"ts":1772034511119,"action":"IDE_ACTIVATED"}
{"ts":1772034514487,"action":"IDE_DEACTIVATED"}
{"ts":1772034514583,"action":"IDE_ACTIVATED"}
{"ts":1772034526088,"action":"IDE_DEACTIVATED"}
{"ts":1772034526673,"action":"IDE_ACTIVATED"}
{"ts":1772034546798,"action":"IDE_DEACTIVATED"}
{"ts":1772034547401,"action":"IDE_ACTIVATED"}
{"ts":1772034554526,"action":"IDE_DEACTIVATED"}
{"ts":1772034555192,"action":"IDE_ACTIVATED"}
{"ts":1772034599010,"action":"IDE_DEACTIVATED"}
{"ts":1772034599143,"action":"IDE_ACTIVATED"}
{"ts":1772034601033,"action":"IDE_DEACTIVATED"}
{"ts":1772034609241,"action":"IDE_ACTIVATED"}
{"ts":1772034667001,"action":"IDE_DEACTIVATED"}
{"ts":1772034667888,"action":"IDE_ACTIVATED"}
{"ts":1772034683472,"action":"IDE_DEACTIVATED"}
{"ts":1772034689071,"action":"IDE_ACTIVATED"}
{"ts":1772034694678,"action":"IDE_DEACTIVATED"}
{"ts":1772034721655,"action":"IDE_ACTIVATED"}
{"ts":1772034749159,"action":"IDE_DEACTIVATED"}
{"ts":1772034752434,"action":"IDE_ACTIVATED"}
{"ts":1772034759883,"action":"IDE_DEACTIVATED"}
{"ts":1772034765363,"action":"IDE_ACTIVATED"}
{"ts":1772034840822,"action":"IDE_DEACTIVATED"}
{"ts":1772034841128,"action":"IDE_ACTIVATED"}
{"ts":1772034907689,"action":"IDE_DEACTIVATED"}
{"ts":1772034908440,"action":"IDE_ACTIVATED"}
{"ts":1772034909747,"action":"IDE_DEACTIVATED"}
{"ts":1772034931195,"action":"IDE_ACTIVATED"}
{"ts":1772034931699,"action":"IDE_DEACTIVATED"}
{"ts":1772034934365,"action":"IDE_ACTIVATED"}
{"ts":1772034996942,"action":"IDE_DEACTIVATED"}
{"ts":1772034998417,"action":"IDE_ACTIVATED"}
{"ts":1772035018007,"action":"IDE_DEACTIVATED"}
{"ts":1772035019329,"action":"IDE_ACTIVATED"}
{"ts":1772035092058,"action":"IDE_DEACTIVATED"}
{"ts":1772035093777,"action":"IDE_ACTIVATED"}
{"ts":1772035160658,"action":"IDE_DEACTIVATED"}
{"ts":1772035161794,"action":"IDE_ACTIVATED"}
{"ts":1772035185245,"action":"IDE_DEACTIVATED"}
{"ts":1772035185947,"action":"IDE_ACTIVATED"}
{"ts":1772035193065,"action":"IDE_DEACTIVATED"}
{"ts":1772035193581,"action":"IDE_ACTIVATED"}
{"ts":1772035200197,"action":"IDE_DEACTIVATED"}
{"ts":1772035200256,"action":"IDE_ACTIVATED"}
{"ts":1772035212279,"action":"IDE_DEACTIVATED"}
{"ts":1772035212812,"action":"IDE_ACTIVATED"}
{"ts":1772035223447,"action":"IDE_DEACTIVATED"}
{"ts":1772035223629,"action":"IDE_ACTIVATED"}
{"ts":1772035235765,"action":"IDE_DEACTIVATED"}
{"ts":1772035236586,"action":"IDE_ACTIVATED"}
{"ts":1772035242277,"action":"IDE_DEACTIVATED"}
{"ts":1772035242379,"action":"IDE_ACTIVATED"}
{"ts":1772035243280,"action":"IDE_DEACTIVATED"}
{"ts":1772035243346,"action":"IDE_ACTIVATED"}
{"ts":1772035252438,"action":"IDE_DEACTIVATED"}
{"ts":1772035252485,"action":"IDE_ACTIVATED"}
{"ts":1772035259181,"action":"IDE_DEACTIVATED"}
{"ts":1772035259303,"action":"IDE_ACTIVATED"}
{"ts":1772035264082,"action":"IDE_DEACTIVATED"}
{"ts":1772035264195,"action":"IDE_ACTIVATED"}
{"ts":1772035271291,"action":"IDE_DEACTIVATED"}
{"ts":1772035271372,"action":"IDE_ACTIVATED"}
{"ts":1772035275191,"action":"IDE_DEACTIVATED"}
{"ts":1772035275391,"action":"IDE_ACTIVATED"}
{"ts":1772035287170,"action":"IDE_DEACTIVATED"}
{"ts":1772035287434,"action":"IDE_ACTIVATED"}
{"ts":1772035307140,"action":"IDE_DEACTIVATED"}
{"ts":1772035309636,"action":"IDE_ACTIVATED"}
{"ts":1772035309968,"action":"IDE_DEACTIVATED"}
{"ts":1772035310811,"action":"IDE_ACTIVATED"}
{"ts":1772035371444,"action":"IDE_DEACTIVATED"}
{"ts":1772035372561,"action":"IDE_ACTIVATED"}
{"ts":1772035390198,"action":"IDE_DEACTIVATED"}
{"ts":1772035391220,"action":"IDE_ACTIVATED"}
{"ts":1772035430055,"action":"IDE_DEACTIVATED"}
{"ts":1772035430722,"action":"IDE_ACTIVATED"}
{"ts":1772035434422,"action":"IDE_DEACTIVATED"}
{"ts":1772035435393,"action":"IDE_ACTIVATED"}
{"ts":1772035528207,"action":"IDE_DEACTIVATED"}
{"ts":1772035529012,"action":"IDE_ACTIVATED"}
{"ts":1772035529668,"action":"IDE_DEACTIVATED"}
{"ts":1772035530187,"action":"IDE_ACTIVATED"}
{"ts":1772035562670,"action":"IDE_DEACTIVATED"}
{"ts":1772035565875,"action":"IDE_ACTIVATED"}
{"ts":1772035570568,"action":"FILE_CLOSED","file":"/DEPLOYMENT_VULTR.md","tags":{"FILE_LINE_OF_CODE":"727"}}
{"ts":1772035570568,"action":"FILE_OPENED","file":"/gunicorn.conf.py","tags":{"FILE_LINE_OF_CODE":"22"}}
{"ts":1772035583616,"action":"IDE_DEACTIVATED"}
{"ts":1772035583769,"action":"IDE_ACTIVATED"}
{"ts":1772035667574,"action":"IDE_DEACTIVATED"}
{"ts":1772035667674,"action":"IDE_ACTIVATED"}
{"ts":1772035677479,"action":"IDE_DEACTIVATED"}
{"ts":1772035677591,"action":"IDE_ACTIVATED"}
{"ts":1772035679084,"action":"IDE_DEACTIVATED"}
{"ts":1772035679174,"action":"IDE_ACTIVATED"}
{"ts":1772035682162,"action":"IDE_DEACTIVATED"}
{"ts":1772035682251,"action":"IDE_ACTIVATED"}
{"ts":1772035683149,"action":"IDE_DEACTIVATED"}
{"ts":1772035683267,"action":"IDE_ACTIVATED"}
{"ts":1772035685219,"action":"IDE_DEACTIVATED"}
{"ts":1772035685298,"action":"IDE_ACTIVATED"}
{"ts":1772035686494,"action":"IDE_DEACTIVATED"}
{"ts":1772035686565,"action":"IDE_ACTIVATED"}
{"ts":1772035890404,"action":"IDE_DEACTIVATED"}
{"ts":1772035910726,"action":"IDE_ACTIVATED"}
{"ts":1772035928580,"action":"IDE_DEACTIVATED"}
{"ts":1772035947581,"action":"IDE_ACTIVATED"}
{"ts":1772035958425,"action":"IDE_DEACTIVATED"}
{"ts":1772035968497,"action":"IDE_ACTIVATED"}
{"ts":1772035992382,"action":"IDE_DEACTIVATED"}
{"ts":1772036032387,"action":"IDE_ACTIVATED"}
{"ts":1772036049385,"action":"IDE_DEACTIVATED"}
{"ts":1772036050242,"action":"IDE_ACTIVATED"}
{"ts":1772036060334,"action":"IDE_DEACTIVATED"}
{"ts":1772036063649,"action":"IDE_ACTIVATED"}
{"ts":1772036099560,"action":"IDE_DEACTIVATED"}
{"ts":1772036101039,"action":"IDE_ACTIVATED"}
{"ts":1772036371394,"action":"IDE_DEACTIVATED"}
{"ts":1772036373723,"action":"IDE_ACTIVATED"}
{"ts":1772036373962,"action":"IDE_DEACTIVATED"}
{"ts":1772036374063,"action":"IDE_ACTIVATED"}
{"ts":1772036385690,"action":"IDE_DEACTIVATED"}
{"ts":1772036385784,"action":"IDE_ACTIVATED"}
{"ts":1772036386675,"action":"IDE_DEACTIVATED"}
{"ts":1772036386752,"action":"IDE_ACTIVATED"}
{"ts":1772036400683,"action":"IDE_DEACTIVATED"}
{"ts":1772036401666,"action":"IDE_ACTIVATED"}
{"ts":1772036402108,"action":"IDE_DEACTIVATED"}
{"ts":1772036402189,"action":"IDE_ACTIVATED"}
{"ts":1772036408453,"action":"IDE_DEACTIVATED"}
{"ts":1772036413051,"action":"IDE_ACTIVATED"}
{"ts":1772036419209,"action":"IDE_DEACTIVATED"}
{"ts":1772036421136,"action":"IDE_ACTIVATED"}
{"ts":1772036453863,"action":"IDE_DEACTIVATED"}
{"ts":1772036456746,"action":"IDE_ACTIVATED"}
{"ts":1772036456963,"action":"IDE_DEACTIVATED"}
{"ts":1772036458502,"action":"IDE_ACTIVATED"}
{"ts":1772036467200,"action":"IDE_DEACTIVATED"}
{"ts":1772036468607,"action":"IDE_ACTIVATED"}
{"ts":1772036473457,"action":"IDE_DEACTIVATED"}
{"ts":1772036474763,"action":"IDE_ACTIVATED"}
{"ts":1772036623882,"action":"IDE_DEACTIVATED"}
{"ts":1772036625626,"action":"IDE_ACTIVATED"}
{"ts":1772036632795,"action":"IDE_DEACTIVATED"}
{"ts":1772036634285,"action":"IDE_ACTIVATED"}
{"ts":1772036642099,"action":"IDE_DEACTIVATED"}
{"ts":1772036643842,"action":"IDE_ACTIVATED"}
{"ts":1772036654212,"action":"IDE_DEACTIVATED"}
{"ts":1772036655418,"action":"IDE_ACTIVATED"}
{"ts":1772036685014,"action":"IDE_DEACTIVATED"}
{"ts":1772036693714,"action":"IDE_ACTIVATED"}
{"ts":1772036698218,"action":"IDE_DEACTIVATED"}
{"ts":1772036703309,"action":"IDE_ACTIVATED"}
{"ts":1772036708969,"action":"IDE_DEACTIVATED"}
{"ts":1772036717029,"action":"IDE_ACTIVATED"}
{"ts":1772036725119,"action":"IDE_DEACTIVATED"}
{"ts":1772036764419,"action":"IDE_ACTIVATED"}
{"ts":1772036776587,"action":"IDE_DEACTIVATED"}
{"ts":1772036816121,"action":"IDE_ACTIVATED"}
{"ts":1772036822529,"action":"IDE_DEACTIVATED"}
{"ts":1772036824342,"action":"IDE_ACTIVATED"}
{"ts":1772036832684,"action":"IDE_DEACTIVATED"}
{"ts":1772036854197,"action":"IDE_ACTIVATED"}
{"ts":1772036999677,"action":"IDE_DEACTIVATED"}
{"ts":1772037002807,"action":"IDE_ACTIVATED"}
{"ts":1772037003345,"action":"IDE_DEACTIVATED"}
{"ts":1772037004499,"action":"IDE_ACTIVATED"}
{"ts":1772037015611,"action":"IDE_DEACTIVATED"}
{"ts":1772037018501,"action":"IDE_ACTIVATED"}
{"ts":1772037019106,"action":"IDE_DEACTIVATED"}
{"ts":1772037019216,"action":"IDE_ACTIVATED"}
{"ts":1772037019978,"action":"IDE_DEACTIVATED"}
{"ts":1772037020065,"action":"IDE_ACTIVATED"}
{"ts":1772037020648,"action":"IDE_DEACTIVATED"}
{"ts":1772037020753,"action":"IDE_ACTIVATED"}
{"ts":1772037021270,"action":"IDE_DEACTIVATED"}
{"ts":1772037034815,"action":"IDE_ACTIVATED"}
{"ts":1772037055673,"action":"IDE_DEACTIVATED"}
{"ts":1772037079505,"action":"IDE_ACTIVATED"}
{"ts":1772037103084,"action":"IDE_DEACTIVATED"}
{"ts":1772037104658,"action":"IDE_ACTIVATED"}
{"ts":1772037107320,"action":"IDE_DEACTIVATED"}
{"ts":1772037112082,"action":"IDE_ACTIVATED"}
{"ts":1772037112415,"action":"IDE_DEACTIVATED"}
{"ts":1772037113088,"action":"IDE_ACTIVATED"}
{"ts":1772037118412,"action":"IDE_DEACTIVATED"}
{"ts":1772037120159,"action":"IDE_ACTIVATED"}
{"ts":1772037120375,"action":"IDE_DEACTIVATED"}
{"ts":1772037120480,"action":"IDE_ACTIVATED"}
{"ts":1772037127097,"action":"IDE_DEACTIVATED"}
{"ts":1772037127986,"action":"IDE_ACTIVATED"}
{"ts":1772037128683,"action":"IDE_DEACTIVATED"}
{"ts":1772037129330,"action":"IDE_ACTIVATED"}
{"ts":1772037137456,"action":"IDE_DEACTIVATED"}
{"ts":1772037139244,"action":"IDE_ACTIVATED"}
{"ts":1772037150992,"action":"IDE_DEACTIVATED"}
{"ts":1772037151666,"action":"IDE_ACTIVATED"}
{"ts":1772037153089,"action":"IDE_DEACTIVATED"}
{"ts":1772037153258,"action":"IDE_ACTIVATED"}
{"ts":1772037158014,"action":"IDE_DEACTIVATED"}
{"ts":1772037186586,"action":"IDE_ACTIVATED"}
{"ts":1772037204264,"action":"IDE_DEACTIVATED"}
{"ts":1772037220771,"action":"IDE_ACTIVATED"}
{"ts":1772037255395,"action":"IDE_DEACTIVATED"}
{"ts":1772037257613,"action":"IDE_ACTIVATED"}
{"ts":1772037746439,"action":"IDE_DEACTIVATED"}
{"ts":1772037748730,"action":"IDE_ACTIVATED"}
{"ts":1772037819311,"action":"IDE_DEACTIVATED"}
{"ts":1772037836784,"action":"IDE_ACTIVATED"}
{"ts":1772037842067,"action":"IDE_DEACTIVATED"}
{"ts":1772037857036,"action":"IDE_ACTIVATED"}
{"ts":1772037863419,"action":"IDE_DEACTIVATED"}
{"ts":1772037864392,"action":"IDE_ACTIVATED"}
{"ts":1772037890312,"action":"IDE_DEACTIVATED"}
{"ts":1772037891217,"action":"IDE_ACTIVATED"}
{"ts":1772037909017,"action":"IDE_DEACTIVATED"}
{"ts":1772037911098,"action":"IDE_ACTIVATED"}
{"ts":1772037930126,"action":"IDE_DEACTIVATED"}
{"ts":1772037935422,"action":"IDE_ACTIVATED"}
{"ts":1772037944437,"action":"IDE_DEACTIVATED"}
{"ts":1772037951953,"action":"IDE_ACTIVATED"}
{"ts":1772037981475,"action":"IDE_DEACTIVATED"}
{"ts":1772037982263,"action":"IDE_ACTIVATED"}
{"ts":1772037989867,"action":"IDE_DEACTIVATED"}
{"ts":1772038014298,"action":"IDE_ACTIVATED"}
{"ts":1772038075507,"action":"IDE_DEACTIVATED"}
{"ts":1772038080174,"action":"IDE_ACTIVATED"}
{"ts":1772038082009,"action":"IDE_DEACTIVATED"}
{"ts":1772038167982,"action":"IDE_ACTIVATED"}
{"ts":1772038284467,"action":"IDE_DEACTIVATED"}
{"ts":1772038293569,"action":"IDE_ACTIVATED"}
{"ts":1772038315981,"action":"IDE_DEACTIVATED"}
{"ts":1772038319255,"action":"IDE_ACTIVATED"}
{"ts":1772038326441,"action":"IDE_DEACTIVATED"}
{"ts":1772038340056,"action":"IDE_ACTIVATED"}
{"ts":1772038363467,"action":"IDE_DEACTIVATED"}
{"ts":1772038385913,"action":"IDE_ACTIVATED"}
{"ts":1772038392497,"action":"IDE_DEACTIVATED"}
{"ts":1772038408010,"action":"IDE_ACTIVATED"}
{"ts":1772038444957,"action":"IDE_DEACTIVATED"}
{"ts":1772038493045,"action":"IDE_ACTIVATED"}
{"ts":1772038533896,"action":"IDE_DEACTIVATED"}
{"ts":1772038538190,"action":"IDE_ACTIVATED"}
{"ts":1772038768477,"action":"IDE_DEACTIVATED"}
{"ts":1772038770308,"action":"IDE_ACTIVATED"}
{"ts":1772039285741,"action":"IDE_DEACTIVATED"}
{"ts":1772039297657,"action":"IDE_ACTIVATED"}
{"ts":1772039339243,"action":"IDE_DEACTIVATED"}
{"ts":1772039352581,"action":"IDE_ACTIVATED"}
{"ts":1772039438523,"action":"IDE_DEACTIVATED"}
{"ts":1772039448858,"action":"IDE_ACTIVATED"}
{"ts":1772039466350,"action":"IDE_DEACTIVATED"}
{"ts":1772039589349,"action":"IDE_ACTIVATED"}
{"ts":1772040413640,"action":"IDE_DEACTIVATED"}
{"ts":1772040417301,"action":"IDE_ACTIVATED"}
{"ts":1772040417749,"action":"IDE_DEACTIVATED"}
{"ts":1772040460577,"action":"IDE_ACTIVATED"}
{"ts":1772040475177,"action":"IDE_DEACTIVATED"}
{"ts":1772040483013,"action":"IDE_ACTIVATED"}
{"ts":1772040486899,"action":"IDE_DEACTIVATED"}
{"ts":1772040492764,"action":"IDE_ACTIVATED"}
{"ts":1772040509311,"action":"IDE_DEACTIVATED"}
{"ts":1772040522048,"action":"IDE_ACTIVATED"}
{"ts":1772040561001,"action":"IDE_DEACTIVATED"}
{"ts":1772040568071,"action":"IDE_ACTIVATED"}
{"ts":1772040627658,"action":"IDE_DEACTIVATED"}
{"ts":1772040703537,"action":"IDE_ACTIVATED"}
{"ts":1772040826546,"action":"IDE_DEACTIVATED"}
{"ts":1772040864082,"action":"IDE_ACTIVATED"}
{"ts":1772040915550,"action":"IDE_DEACTIVATED"}
{"ts":1772040917407,"action":"IDE_ACTIVATED"}
{"ts":1772040957392,"action":"IDE_DEACTIVATED"}
{"ts":1772041029391,"action":"IDE_ACTIVATED"}
{"ts":1772041267225,"action":"IDE_DEACTIVATED"}
{"ts":1772041269284,"action":"IDE_ACTIVATED"}
{"ts":1772041429993,"action":"IDE_DEACTIVATED"}
{"ts":1772041489822,"action":"IDE_ACTIVATED"}
{"ts":1772041709094,"action":"IDE_DEACTIVATED"}
{"ts":1772041715157,"action":"IDE_ACTIVATED"}
{"ts":1772041729955,"action":"IDE_DEACTIVATED"}
{"ts":1772041731077,"action":"IDE_ACTIVATED"}
{"ts":1772041827812,"action":"IDE_DEACTIVATED"}
{"ts":1772041878471,"action":"IDE_ACTIVATED"}
{"ts":1772041920199,"action":"IDE_DEACTIVATED"}
{"ts":1772041930138,"action":"IDE_ACTIVATED"}
{"ts":1772042006191,"action":"IDE_DEACTIVATED"}
{"ts":1772042056296,"action":"IDE_ACTIVATED"}
{"ts":1772042100436,"action":"IDE_DEACTIVATED"}
{"ts":1772042109303,"action":"IDE_ACTIVATED"}
{"ts":1772042132999,"action":"IDE_DEACTIVATED"}
{"ts":1772042141308,"action":"IDE_ACTIVATED"}
{"ts":1772042291414,"action":"IDE_DEACTIVATED"}
{"ts":1772042291676,"action":"IDE_ACTIVATED"}
{"ts":1772042294158,"action":"IDE_DEACTIVATED"}
{"ts":1772042294270,"action":"IDE_ACTIVATED"}
{"ts":1772042310151,"action":"IDE_DEACTIVATED"}
{"ts":1772042310304,"action":"IDE_ACTIVATED"}
{"ts":1772042313178,"action":"IDE_DEACTIVATED"}
{"ts":1772042335787,"action":"IDE_ACTIVATED"}
{"ts":1772042388414,"action":"IDE_DEACTIVATED"}
{"ts":1772042412673,"action":"IDE_ACTIVATED"}
{"ts":1772042457327,"action":"IDE_DEACTIVATED"}
{"ts":1772042466476,"action":"IDE_ACTIVATED"}
{"ts":1772042494878,"action":"IDE_DEACTIVATED"}
{"ts":1772042532978,"action":"IDE_ACTIVATED"}
{"ts":1772042658497,"action":"IDE_DEACTIVATED"}
{"ts":1772042664413,"action":"IDE_ACTIVATED"}
{"ts":1772042665431,"action":"IDE_DEACTIVATED"}
{"ts":1772042672973,"action":"IDE_ACTIVATED"}
{"ts":1772042676673,"action":"IDE_DEACTIVATED"}
{"ts":1772042703330,"action":"IDE_ACTIVATED"}
{"ts":1772042710866,"action":"IDE_DEACTIVATED"}
{"ts":1772042720787,"action":"IDE_ACTIVATED"}
{"ts":1772042801515,"action":"IDE_DEACTIVATED"}
{"ts":1772042848270,"action":"IDE_ACTIVATED"}
{"ts":1772043151255,"action":"IDE_DEACTIVATED"}
{"ts":1772043185675,"action":"IDE_ACTIVATED"}
{"ts":1772043295820,"action":"IDE_DEACTIVATED"}
{"ts":1772043304323,"action":"IDE_ACTIVATED"}
{"ts":1772043779404,"action":"IDE_DEACTIVATED"}
{"ts":1772043937434,"action":"IDE_ACTIVATED"}
{"ts":1772043944347,"action":"IDE_DEACTIVATED"}
{"ts":1772043955586,"action":"IDE_ACTIVATED"}
{"ts":1772043962717,"action":"IDE_DEACTIVATED"}
{"ts":1772043964574,"action":"IDE_ACTIVATED"}
{"ts":1772043979852,"action":"IDE_DEACTIVATED"}
{"ts":1772043992136,"action":"IDE_ACTIVATED"}
{"ts":1772043995401,"action":"IDE_DEACTIVATED"}
{"ts":1772044001188,"action":"IDE_ACTIVATED"}
{"ts":1772044004191,"action":"IDE_DEACTIVATED"}
{"ts":1772044012891,"action":"IDE_ACTIVATED"}
{"ts":1772044047510,"action":"IDE_DEACTIVATED"}
{"ts":1772044049401,"action":"IDE_ACTIVATED"}
{"ts":1772044056107,"action":"IDE_DEACTIVATED"}
{"ts":1772044062953,"action":"IDE_ACTIVATED"}
{"ts":1772044074056,"action":"IDE_DEACTIVATED"}
{"ts":1772044075552,"action":"IDE_ACTIVATED"}
{"ts":1772044083429,"action":"IDE_DEACTIVATED"}
{"ts":1772044128671,"action":"IDE_ACTIVATED"}
{"ts":1772044149547,"action":"IDE_DEACTIVATED"}
{"ts":1772044151209,"action":"IDE_ACTIVATED"}
{"ts":1772044167397,"action":"IDE_DEACTIVATED"}
{"ts":1772044170867,"action":"IDE_ACTIVATED"}
{"ts":1772044187793,"action":"IDE_DEACTIVATED"}
{"ts":1772044189105,"action":"IDE_ACTIVATED"}
{"ts":1772044220720,"action":"IDE_DEACTIVATED"}
{"ts":1772044222307,"action":"IDE_ACTIVATED"}
{"ts":1772044364572,"action":"IDE_DEACTIVATED"}
{"ts":1772044371748,"action":"IDE_ACTIVATED"}
{"ts":1772044379088,"action":"IDE_DEACTIVATED"}
{"ts":1772044714163,"action":"IDE_ACTIVATED"}
{"ts":1772044726974,"action":"FILE_CLOSED","file":"/gunicorn.conf.py","tags":{"FILE_LINE_OF_CODE":"22"}}
{"ts":1772044726974,"action":"FILE_OPENED","file":"/70.34.252.120-1772044703805.log","tags":{"FILE_LINE_OF_CODE":"12"}}
{"ts":1772044731950,"action":"IDE_DEACTIVATED"}
{"ts":1772044732030,"action":"IDE_ACTIVATED"}
{"ts":1772044780410,"action":"IDE_DEACTIVATED"}
{"ts":1772044803851,"action":"IDE_ACTIVATED"}
{"ts":1772044942573,"action":"IDE_DEACTIVATED"}
{"ts":1772044943942,"action":"IDE_ACTIVATED"}
{"ts":1772044972286,"action":"IDE_DEACTIVATED"}
{"ts":1772044993915,"action":"IDE_ACTIVATED"}
{"ts":1772045000556,"action":"IDE_DEACTIVATED"}
{"ts":1772045005283,"action":"IDE_ACTIVATED"}
{"ts":1772045031604,"action":"IDE_DEACTIVATED"}
{"ts":1772045042956,"action":"IDE_ACTIVATED"}
{"ts":1772045047516,"action":"IDE_DEACTIVATED"}
{"ts":1772045048598,"action":"IDE_ACTIVATED"}
{"ts":1772045057314,"action":"IDE_DEACTIVATED"}
{"ts":1772045059430,"action":"IDE_ACTIVATED"}
{"ts":1772045078630,"action":"IDE_DEACTIVATED"}
{"ts":1772045086476,"action":"IDE_ACTIVATED"}
{"ts":1772045095022,"action":"IDE_DEACTIVATED"}
{"ts":1772045098002,"action":"IDE_ACTIVATED"}
{"ts":1772045112991,"action":"IDE_DEACTIVATED"}
{"ts":1772045124913,"action":"IDE_ACTIVATED"}
{"ts":1772045132900,"action":"IDE_DEACTIVATED"}
{"ts":1772045140274,"action":"IDE_ACTIVATED"}
{"ts":1772045146423,"action":"IDE_DEACTIVATED"}
{"ts":1772045149947,"action":"IDE_ACTIVATED"}
{"ts":1772045168681,"action":"IDE_DEACTIVATED"}
{"ts":1772045168775,"action":"IDE_ACTIVATED"}
{"ts":1772045183411,"action":"IDE_DEACTIVATED"}
{"ts":1772045324695,"action":"IDE_ACTIVATED"}
{"ts":1772045340561,"action":"IDE_DEACTIVATED"}
{"ts":1772045345903,"action":"IDE_ACTIVATED"}
{"ts":1772045346624,"action":"IDE_DEACTIVATED"}
{"ts":1772045347403,"action":"IDE_ACTIVATED"}
{"ts":1772045371620,"action":"IDE_DEACTIVATED"}
{"ts":1772045375236,"action":"IDE_ACTIVATED"}
{"ts":1772045421687,"action":"IDE_DEACTIVATED"}
{"ts":1772045427008,"action":"IDE_ACTIVATED"}
{"ts":1772045446101,"action":"IDE_DEACTIVATED"}
{"ts":1772045447765,"action":"IDE_ACTIVATED"}
{"ts":1772045455600,"action":"IDE_DEACTIVATED"}
{"ts":1772045457709,"action":"IDE_ACTIVATED"}
{"ts":1772045464509,"action":"IDE_DEACTIVATED"}
{"ts":1772045466746,"action":"IDE_ACTIVATED"}
{"ts":1772045476844,"action":"IDE_DEACTIVATED"}
{"ts":1772045478471,"action":"IDE_ACTIVATED"}
{"ts":1772045478818,"action":"IDE_DEACTIVATED"}
{"ts":1772045479953,"action":"IDE_ACTIVATED"}
{"ts":1772045481873,"action":"IDE_DEACTIVATED"}
{"ts":1772045521480,"action":"IDE_ACTIVATED"}
{"ts":1772045524932,"action":"IDE_DEACTIVATED"}
{"ts":1772045559369,"action":"IDE_ACTIVATED"}
{"ts":1772045559681,"action":"IDE_DEACTIVATED"}
{"ts":1772045834238,"action":"IDE_ACTIVATED"}
{"ts":1772046029072,"action":"IDE_DEACTIVATED"}
{"ts":1772046032617,"action":"IDE_ACTIVATED"}
{"ts":1772046046416,"action":"IDE_DEACTIVATED"}
{"ts":1772046069866,"action":"IDE_ACTIVATED"}
{"ts":1772046078070,"action":"IDE_DEACTIVATED"}
{"ts":1772046080536,"action":"IDE_ACTIVATED"}
{"ts":1772046091902,"action":"IDE_DEACTIVATED"}
{"ts":1772046100195,"action":"IDE_ACTIVATED"}
{"ts":1772046103265,"action":"IDE_DEACTIVATED"}
{"ts":1772046111433,"action":"IDE_ACTIVATED"}
{"ts":1772046116528,"action":"IDE_DEACTIVATED"}
{"ts":1772046133947,"action":"IDE_ACTIVATED"}
{"ts":1772046138352,"action":"IDE_DEACTIVATED"}
{"ts":1772046144564,"action":"IDE_ACTIVATED"}
{"ts":1772046153509,"action":"IDE_DEACTIVATED"}
{"ts":1772046325734,"action":"IDE_ACTIVATED"}
{"ts":1772046359102,"action":"IDE_DEACTIVATED"}
{"ts":1772046369815,"action":"IDE_ACTIVATED"}
{"ts":1772046371474,"action":"IDE_DEACTIVATED"}
{"ts":1772046393838,"action":"IDE_ACTIVATED"}
{"ts":1772046512155,"action":"IDE_DEACTIVATED"}
{"ts":1772046512250,"action":"IDE_ACTIVATED"}
{"ts":1772046521060,"action":"FILE_CLOSED","file":"/70.34.252.120-1772044703805.log","tags":{"FILE_LINE_OF_CODE":"12"}}
{"ts":1772046521060,"action":"FILE_OPENED","file":"/repositories/appointments/appointment_repository.py","tags":{"FILE_LINE_OF_CODE":"530"}}
{"ts":1772046540571,"action":"FILE_CLOSED","file":"/repositories/appointments/appointment_repository.py","tags":{"FILE_LINE_OF_CODE":"530"}}
{"ts":1772046541602,"action":"IDE_DEACTIVATED"}
{"ts":1772046541680,"action":"IDE_ACTIVATED"}
{"ts":1772046575350,"action":"IDE_DEACTIVATED"}
{"ts":1772046589531,"action":"IDE_ACTIVATED"}
{"ts":1772046600589,"action":"IDE_DEACTIVATED"}
{"ts":1772046603498,"action":"IDE_ACTIVATED"}
{"ts":1772046615997,"action":"IDE_DEACTIVATED"}
{"ts":1772046625229,"action":"IDE_ACTIVATED"}
{"ts":1772046630760,"action":"IDE_DEACTIVATED"}
{"ts":1772046637606,"action":"IDE_ACTIVATED"}
{"ts":1772046642342,"action":"IDE_DEACTIVATED"}
{"ts":1772046712917,"action":"IDE_ACTIVATED"}
{"ts":1772046847798,"action":"IDE_DEACTIVATED"}
{"ts":1772046854737,"action":"IDE_ACTIVATED"}
{"ts":1772046872669,"action":"IDE_DEACTIVATED"}
{"ts":1772046874690,"action":"IDE_ACTIVATED"}
{"ts":1772046899954,"action":"IDE_DEACTIVATED"}
{"ts":1772046901208,"action":"IDE_ACTIVATED"}
{"ts":1772046901865,"action":"IDE_DEACTIVATED"}
{"ts":1772046902151,"action":"IDE_ACTIVATED"}
{"ts":1772046925048,"action":"IDE_DEACTIVATED"}
{"ts":1772046926397,"action":"IDE_ACTIVATED"}
{"ts":1772046926559,"action":"IDE_DEACTIVATED"}
{"ts":1772046926661,"action":"IDE_ACTIVATED"}
{"ts":1772046939604,"action":"IDE_DEACTIVATED"}
{"ts":1772047489378,"action":"IDE_ACTIVATED"}
{"ts":1772047513794,"action":"IDE_DEACTIVATED"}
{"ts":1772047730086,"action":"IDE_ACTIVATED"}
{"ts":1772047736885,"action":"FILE_OPENED","file":"/faktury.db","tags":{"FILE_LINE_OF_CODE":"null"}}
{"ts":1772048239683,"action":"IDE_DEACTIVATED"}
{"ts":1772048241789,"action":"IDE_ACTIVATED"}
{"ts":1772048955174,"action":"IDE_DEACTIVATED"}
{"ts":1772049019902,"action":"IDE_ACTIVATED"}
{"ts":1772049066557,"action":"FILE_CLOSED","file":"/faktury.db","tags":{"FILE_LINE_OF_CODE":"null"}}
{"ts":1772049066557,"action":"FILE_OPENED","file":"/faktury.db","tags":{"FILE_LINE_OF_CODE":"null"}}
{"ts":1772049090040,"action":"IDE_DEACTIVATED"}
{"ts":1772049092281,"action":"IDE_ACTIVATED"}
{"ts":1772049108882,"action":"IDE_DEACTIVATED"}
{"ts":1772049111373,"action":"IDE_ACTIVATED"}
{"ts":1772049114378,"action":"FILE_CLOSED","file":"/faktury.db","tags":{"FILE_LINE_OF_CODE":"null"}}
{"ts":1772049114378,"action":"FILE_OPENED","file":"/faktury.db","tags":{"FILE_LINE_OF_CODE":"null"}}
{"ts":1772049119354,"action":"IDE_DEACTIVATED"}
{"ts":1772049121709,"action":"IDE_ACTIVATED"}
{"ts":1772049153873,"action":"FILE_CLOSED","file":"/faktury.db","tags":{"FILE_LINE_OF_CODE":"null"}}
{"ts":1772049153873,"action":"FILE_OPENED","file":"/faktury.db","tags":{"FILE_LINE_OF_CODE":"null"}}
{"ts":1772049164174,"action":"IDE_DEACTIVATED"}
{"ts":1772049168689,"action":"IDE_ACTIVATED"}
{"ts":1772049577810,"action":"FILE_CLOSED","file":"/faktury.db","tags":{"FILE_LINE_OF_CODE":"null"}}
{"ts":1772049577810,"action":"FILE_OPENED","file":"/faktury.db","tags":{"FILE_LINE_OF_CODE":"null"}}
{"ts":1772049871110,"action":"FILE_CLOSED","file":"/faktury.db","tags":{"FILE_LINE_OF_CODE":"null"}}
{"ts":1772049873075,"action":"IDE_DEACTIVATED"}
{"ts":1772051368650,"action":"IDE_ACTIVATED"}
{"ts":1772051397241,"action":"IDE_DEACTIVATED"}
{"ts":1772051419271,"action":"IDE_ACTIVATED"}
{"ts":1772051425704,"action":"IDE_DEACTIVATED"}
{"ts":1772051430161,"action":"IDE_ACTIVATED"}
{"ts":1772051433565,"action":"IDE_DEACTIVATED"}
{"ts":1772051434641,"action":"IDE_ACTIVATED"}
{"ts":1772051442832,"action":"IDE_DEACTIVATED"}
{"ts":1772051443881,"action":"IDE_ACTIVATED"}
{"ts":1772051452077,"action":"IDE_DEACTIVATED"}
{"ts":1772051453140,"action":"IDE_ACTIVATED"}
{"ts":1772051469183,"action":"IDE_DEACTIVATED"}
{"ts":1772051488591,"action":"IDE_ACTIVATED"}
{"ts":1772051585428,"action":"IDE_DEACTIVATED"}
{"ts":1772051585519,"action":"IDE_ACTIVATED"}
{"ts":1772051586303,"action":"IDE_DEACTIVATED"}
{"ts":1772051586394,"action":"IDE_ACTIVATED"}
{"ts":1772051602583,"action":"IDE_DEACTIVATED"}
{"ts":1772051608901,"action":"IDE_ACTIVATED"}
{"ts":1772051618439,"action":"IDE_DEACTIVATED"}
{"ts":1772051621461,"action":"IDE_ACTIVATED"}
{"ts":1772051623883,"action":"IDE_DEACTIVATED"}
{"ts":1772051625313,"action":"IDE_ACTIVATED"}
{"ts":1772051626002,"action":"IDE_DEACTIVATED"}
{"ts":1772051636430,"action":"IDE_ACTIVATED"}
{"ts":1772051648570,"action":"IDE_DEACTIVATED"}
{"ts":1772051650917,"action":"IDE_ACTIVATED"}
{"ts":1772051656925,"action":"IDE_DEACTIVATED"}
{"ts":1772051659127,"action":"IDE_ACTIVATED"}
{"ts":1772051676487,"action":"IDE_DEACTIVATED"}
{"ts":1772051679549,"action":"IDE_ACTIVATED"}
{"ts":1772051700226,"action":"IDE_DEACTIVATED"}
{"ts":1772051703883,"action":"IDE_ACTIVATED"}
{"ts":1772051727674,"action":"IDE_DEACTIVATED"}
{"ts":1772051730114,"action":"IDE_ACTIVATED"}
{"ts":1772051736917,"action":"IDE_DEACTIVATED"}
{"ts":1772051738410,"action":"IDE_ACTIVATED"}
{"ts":1772051751296,"action":"IDE_DEACTIVATED"}
{"ts":1772051752580,"action":"IDE_ACTIVATED"}
{"ts":1772051766934,"action":"IDE_DEACTIVATED"}
{"ts":1772051770324,"action":"IDE_ACTIVATED"}
{"ts":1772051779025,"action":"IDE_DEACTIVATED"}
{"ts":1772051781661,"action":"IDE_ACTIVATED"}
{"ts":1772051820225,"action":"IDE_DEACTIVATED"}
{"ts":1772051822458,"action":"IDE_ACTIVATED"}
{"ts":1772051883578,"action":"IDE_DEACTIVATED"}
{"ts":1772051884684,"action":"IDE_ACTIVATED"}
{"ts":1772051893703,"action":"IDE_DEACTIVATED"}
{"ts":1772051895579,"action":"IDE_ACTIVATED"}
{"ts":1772051916094,"action":"IDE_DEACTIVATED"}
{"ts":1772051918763,"action":"IDE_ACTIVATED"}
{"ts":1772052043940,"action":"IDE_DEACTIVATED"}
{"ts":1772052577467,"action":"IDE_ACTIVATED"}
{"ts":1772052579281,"action":"IDE_DEACTIVATED"}
{"ts":1772052579388,"action":"IDE_ACTIVATED"}
{"ts":1772052586813,"action":"IDE_DEACTIVATED"}
{"ts":1772052588005,"action":"IDE_ACTIVATED"}
{"ts":1772052588583,"action":"IDE_DEACTIVATED"}
{"ts":1772052588665,"action":"IDE_ACTIVATED"}
{"ts":1772052701447,"action":"IDE_DEACTIVATED"}
{"ts":1772052703196,"action":"IDE_ACTIVATED"}
{"ts":1772052703932,"action":"IDE_DEACTIVATED"}
{"ts":1772052704390,"action":"IDE_ACTIVATED"}
{"ts":1772052744303,"action":"IDE_DEACTIVATED"}
{"ts":1772052759949,"action":"IDE_ACTIVATED"}
{"ts":1772052765345,"action":"IDE_DEACTIVATED"}
{"ts":1772052775149,"action":"IDE_ACTIVATED"}
{"ts":1772052788483,"action":"IDE_DEACTIVATED"}
{"ts":1772052796054,"action":"IDE_ACTIVATED"}
{"ts":1772052803354,"action":"IDE_DEACTIVATED"}
{"ts":1772052805717,"action":"IDE_ACTIVATED"}
{"ts":1772052819193,"action":"IDE_DEACTIVATED"}
{"ts":1772052820105,"action":"IDE_ACTIVATED"}
{"ts":1772052831293,"action":"IDE_DEACTIVATED"}
{"ts":1772052834336,"action":"IDE_ACTIVATED"}
{"ts":1772052840041,"action":"IDE_DEACTIVATED"}
{"ts":1772052851786,"action":"IDE_ACTIVATED"}
{"ts":1772052856367,"action":"IDE_DEACTIVATED"}
{"ts":1772052861740,"action":"IDE_ACTIVATED"}
{"ts":1772052865604,"action":"IDE_DEACTIVATED"}
{"ts":1772052909394,"action":"IDE_ACTIVATED"}
{"ts":1772052909685,"action":"IDE_DEACTIVATED"}
{"ts":1772053178951,"action":"IDE_ACTIVATED"}
{"ts":1772053182461,"action":"IDE_DEACTIVATED"}
{"ts":1772053184492,"action":"IDE_ACTIVATED"}
{"ts":1772053230708,"action":"IDE_DEACTIVATED"}
{"ts":1772053245991,"action":"IDE_ACTIVATED"}
{"ts":1772053528694,"action":"IDE_DEACTIVATED"}
{"ts":1772053537633,"action":"IDE_ACTIVATED"}
{"ts":1772053544455,"action":"IDE_DEACTIVATED"}
{"ts":1772053547785,"action":"IDE_ACTIVATED"}
{"ts":1772053559373,"action":"IDE_DEACTIVATED"}
{"ts":1772053562690,"action":"IDE_ACTIVATED"}
{"ts":1772053580728,"action":"IDE_DEACTIVATED"}
{"ts":1772053583433,"action":"IDE_ACTIVATED"}
{"ts":1772053588585,"action":"IDE_DEACTIVATED"}
{"ts":1772055203170,"action":"IDE_ACTIVATED"}
{"ts":1772055204450,"action":"IDE_DEACTIVATED"}
{"ts":1772055204536,"action":"IDE_ACTIVATED"}
{"ts":1772055236179,"action":"IDE_DEACTIVATED"}
{"ts":1772055236582,"action":"IDE_ACTIVATED"}
{"ts":1772055237202,"action":"IDE_DEACTIVATED"}
{"ts":1772055239556,"action":"IDE_ACTIVATED"}
{"ts":1772055239951,"action":"IDE_DEACTIVATED"}
{"ts":1772055250674,"action":"IDE_ACTIVATED"}
{"ts":1772055283157,"action":"IDE_DEACTIVATED"}
{"ts":1772057001773,"action":"IDE_ACTIVATED"}
{"ts":1772057028907,"action":"IDE_DEACTIVATED"}
{"ts":1772057098655,"action":"IDE_ACTIVATED"}
{"ts":1772057106508,"action":"IDE_DEACTIVATED"}
{"ts":1772057114739,"action":"IDE_ACTIVATED"}
{"ts":1772057133372,"action":"IDE_DEACTIVATED"}
{"ts":1772057135531,"action":"IDE_ACTIVATED"}
{"ts":1772057147478,"action":"IDE_DEACTIVATED"}
{"ts":1772057156834,"action":"IDE_ACTIVATED"}
{"ts":1772057204113,"action":"IDE_DEACTIVATED"}
{"ts":1772057206885,"action":"IDE_ACTIVATED"}
{"ts":1772057320019,"action":"IDE_DEACTIVATED"}
{"ts":1772057324624,"action":"IDE_ACTIVATED"}
{"ts":1772057431988,"action":"IDE_DEACTIVATED"}
{"ts":1772057716830,"action":"IDE_ACTIVATED"}
{"ts":1772057748536,"action":"IDE_DEACTIVATED"}
{"ts":1772057754944,"action":"IDE_ACTIVATED"}
{"ts":1772057814424,"action":"IDE_DEACTIVATED"}
{"ts":1772057815828,"action":"IDE_ACTIVATED"}
{"ts":1772057825753,"action":"IDE_DEACTIVATED"}
{"ts":1772057835436,"action":"IDE_ACTIVATED"}
{"ts":1772057846837,"action":"IDE_DEACTIVATED"}
{"ts":1772057852484,"action":"IDE_ACTIVATED"}
{"ts":1772057861325,"action":"IDE_DEACTIVATED"}
{"ts":1772057862799,"action":"IDE_ACTIVATED"}
{"ts":1772057872110,"action":"IDE_DEACTIVATED"}
{"ts":1772057877599,"action":"IDE_ACTIVATED"}
{"ts":1772057893141,"action":"IDE_DEACTIVATED"}
{"ts":1772057905686,"action":"IDE_ACTIVATED"}
{"ts":1772057969914,"action":"IDE_DEACTIVATED"}
{"ts":1772058063384,"action":"IDE_ACTIVATED"}
{"ts":1772058089034,"action":"IDE_DEACTIVATED"}
{"ts":1772058091778,"action":"IDE_ACTIVATED"}
{"ts":1772058111197,"action":"IDE_DEACTIVATED"}
{"ts":1772058132675,"action":"IDE_ACTIVATED"}
{"ts":1772058138977,"action":"IDE_DEACTIVATED"}
{"ts":1772058142220,"action":"IDE_ACTIVATED"}
{"ts":1772058177635,"action":"IDE_DEACTIVATED"}
{"ts":1772058759525,"action":"IDE_ACTIVATED"}
{"ts":1772058760273,"action":"IDE_DEACTIVATED"}
{"ts":1772059238239,"action":"IDE_ACTIVATED"}
{"ts":1772059258137,"action":"IDE_DEACTIVATED"}
{"ts":1772059473711,"action":"IDE_ACTIVATED"}
{"ts":1772059669782,"action":"IDE_DEACTIVATED"}
{"ts":1772059780910,"action":"IDE_ACTIVATED"}
{"ts":1772059820429,"action":"IDE_DEACTIVATED"}
{"ts":1772060302598,"action":"IDE_ACTIVATED"}
{"ts":1772060321606,"action":"IDE_DEACTIVATED"}
{"ts":1772062925484,"action":"IDE_ACTIVATED"}
{"ts":1772062939607,"action":"IDE_DEACTIVATED"}
{"ts":1772062957824,"action":"IDE_ACTIVATED"}
{"ts":1772062963191,"action":"IDE_DEACTIVATED"}
{"ts":1772062964768,"action":"IDE_ACTIVATED"}
{"ts":1772063015585,"action":"IDE_DEACTIVATED"}
{"ts":1772063059410,"action":"IDE_ACTIVATED"}
{"ts":1772063073859,"action":"IDE_DEACTIVATED"}
{"ts":1772063615380,"action":"IDE_ACTIVATED"}
{"ts":1772063665074,"action":"IDE_DEACTIVATED"}
{"ts":1772063678730,"action":"IDE_ACTIVATED"}
{"ts":1772063679380,"action":"IDE_DEACTIVATED"}
{"ts":1772063680836,"action":"IDE_ACTIVATED"}
{"ts":1772063684592,"action":"IDE_DEACTIVATED"}
{"ts":1772065727903,"action":"IDE_ACTIVATED"}
{"ts":1772065731622,"action":"IDE_DEACTIVATED"}
{"ts":1772065733772,"action":"IDE_ACTIVATED"}
{"ts":1772065735899,"action":"PROJECT_CLOSED","tags":{"PROJECT_NAME":"faktura_scanner_flask"}}
{"ts":1772117475397,"action":"PROJECT_OPENED","tags":{"PROJECT_NAME":"faktura_scanner_flask"}}
{"ts":1772117496208,"action":"IDE_DEACTIVATED"}
{"ts":1772119751926,"action":"IDE_ACTIVATED"}
{"ts":1772119753257,"action":"PROJECT_CLOSED","tags":{"PROJECT_NAME":"faktura_scanner_flask"}}
{"ts":1772410190450,"action":"IDE_DEACTIVATED"}
{"ts":1772410190581,"action":"PROJECT_OPENED","tags":{"PROJECT_NAME":"faktura_scanner_flask"}}
{"ts":1772412140163,"action":"IDE_ACTIVATED"}
{"ts":1772412141746,"action":"IDE_DEACTIVATED"}
{"ts":1772412148641,"action":"IDE_ACTIVATED"}
{"ts":1772412159150,"action":"IDE_DEACTIVATED"}
{"ts":1772412159229,"action":"IDE_ACTIVATED"}
{"ts":1772412165237,"action":"IDE_DEACTIVATED"}
{"ts":1772412165346,"action":"IDE_ACTIVATED"}
{"ts":1772412223603,"action":"IDE_DEACTIVATED"}
{"ts":1772412223681,"action":"IDE_ACTIVATED"}
{"ts":1772412258622,"action":"IDE_DEACTIVATED"}
{"ts":1772412888962,"action":"IDE_ACTIVATED"}
{"ts":1772412946045,"action":"IDE_DEACTIVATED"}
{"ts":1772413014634,"action":"IDE_ACTIVATED"}
{"ts":1772413017282,"action":"IDE_DEACTIVATED"}
{"ts":1772413017360,"action":"IDE_ACTIVATED"}
{"ts":1772413046269,"action":"IDE_DEACTIVATED"}
{"ts":1772413047318,"action":"IDE_ACTIVATED"}
{"ts":1772413059323,"action":"IDE_DEACTIVATED"}
{"ts":1772413187839,"action":"IDE_ACTIVATED"}
{"ts":1772413198022,"action":"IDE_DEACTIVATED"}
{"ts":1772413201530,"action":"IDE_ACTIVATED"}
{"ts":1772413219238,"action":"IDE_DEACTIVATED"}
{"ts":1772413222196,"action":"IDE_ACTIVATED"}
{"ts":1772413224232,"action":"IDE_DEACTIVATED"}
{"ts":1772413225124,"action":"IDE_ACTIVATED"}
{"ts":1772413298766,"action":"IDE_DEACTIVATED"}
{"ts":1772413298860,"action":"IDE_ACTIVATED"}
{"ts":1772413315524,"action":"IDE_DEACTIVATED"}
{"ts":1772413315634,"action":"IDE_ACTIVATED"}
{"ts":1772413361438,"action":"IDE_DEACTIVATED"}
{"ts":1772413361979,"action":"IDE_ACTIVATED"}
{"ts":1772413362458,"action":"IDE_DEACTIVATED"}
{"ts":1772413362584,"action":"IDE_ACTIVATED"}
{"ts":1772413382920,"action":"IDE_DEACTIVATED"}
{"ts":1772413383620,"action":"IDE_ACTIVATED"}
{"ts":1772413390087,"action":"IDE_DEACTIVATED"}
{"ts":1772413390274,"action":"IDE_ACTIVATED"}
{"ts":1772413438697,"action":"IDE_DEACTIVATED"}
{"ts":1772413438775,"action":"IDE_ACTIVATED"}
{"ts":1772413444044,"action":"IDE_DEACTIVATED"}
{"ts":1772413445735,"action":"IDE_ACTIVATED"}
{"ts":1772413466462,"action":"IDE_DEACTIVATED"}
{"ts":1772413531995,"action":"IDE_ACTIVATED"}
{"ts":1772413550097,"action":"IDE_DEACTIVATED"}
{"ts":1772413571029,"action":"IDE_ACTIVATED"}
{"ts":1772413576939,"action":"IDE_DEACTIVATED"}
{"ts":1772413583162,"action":"IDE_ACTIVATED"}
{"ts":1772413591838,"action":"IDE_DEACTIVATED"}
{"ts":1772413597118,"action":"IDE_ACTIVATED"}
{"ts":1772413623521,"action":"IDE_DEACTIVATED"}
{"ts":1772413639009,"action":"IDE_ACTIVATED"}
{"ts":1772413641133,"action":"IDE_DEACTIVATED"}
{"ts":1772413643085,"action":"IDE_ACTIVATED"}
{"ts":1772413649963,"action":"IDE_DEACTIVATED"}
{"ts":1772413652000,"action":"IDE_ACTIVATED"}
{"ts":1772413661496,"action":"IDE_DEACTIVATED"}
{"ts":1772413663563,"action":"IDE_ACTIVATED"}
{"ts":1772413675880,"action":"IDE_DEACTIVATED"}
{"ts":1772413677607,"action":"IDE_ACTIVATED"}
{"ts":1772413697455,"action":"IDE_DEACTIVATED"}
{"ts":1772413699488,"action":"IDE_ACTIVATED"}
{"ts":1772413709770,"action":"IDE_DEACTIVATED"}
{"ts":1772413709849,"action":"IDE_ACTIVATED"}
{"ts":1772413715951,"action":"FILE_OPENED","file":"/.env.local","tags":{"FILE_LINE_OF_CODE":"32"}}
{"ts":1772413721282,"action":"IDE_DEACTIVATED"}
{"ts":1772413721403,"action":"IDE_ACTIVATED"}
{"ts":1772413727089,"action":"IDE_DEACTIVATED"}
{"ts":1772413727197,"action":"IDE_ACTIVATED"}
{"ts":1772413750964,"action":"IDE_DEACTIVATED"}
{"ts":1772413751041,"action":"IDE_ACTIVATED"}
{"ts":1772413777804,"action":"IDE_DEACTIVATED"}
{"ts":1772413777875,"action":"IDE_ACTIVATED"}
{"ts":1772413782399,"action":"IDE_DEACTIVATED"}
{"ts":1772413782482,"action":"IDE_ACTIVATED"}
{"ts":1772413790196,"action":"IDE_DEACTIVATED"}
{"ts":1772413801188,"action":"IDE_ACTIVATED"}
{"ts":1772413819541,"action":"IDE_DEACTIVATED"}
{"ts":1772413825604,"action":"IDE_ACTIVATED"}
{"ts":1772413892261,"action":"IDE_DEACTIVATED"}
{"ts":1772413892333,"action":"IDE_ACTIVATED"}
{"ts":1772413895805,"action":"IDE_DEACTIVATED"}
{"ts":1772413895898,"action":"IDE_ACTIVATED"}
{"ts":1772413940416,"action":"IDE_DEACTIVATED"}
{"ts":1772413945799,"action":"IDE_ACTIVATED"}
{"ts":1772413949375,"action":"IDE_DEACTIVATED"}
{"ts":1772413954854,"action":"IDE_ACTIVATED"}
{"ts":1772413971936,"action":"IDE_DEACTIVATED"}
{"ts":1772413972030,"action":"IDE_ACTIVATED"}
{"ts":1772413980558,"action":"IDE_DEACTIVATED"}
{"ts":1772413980801,"action":"IDE_ACTIVATED"}
{"ts":1772414061728,"action":"IDE_DEACTIVATED"}
{"ts":1772414061907,"action":"IDE_ACTIVATED"}
{"ts":1772414062450,"action":"IDE_DEACTIVATED"}
{"ts":1772414065231,"action":"IDE_ACTIVATED"}
{"ts":1772414066178,"action":"IDE_DEACTIVATED"}
{"ts":1772414067114,"action":"IDE_ACTIVATED"}
{"ts":1772414099161,"action":"IDE_DEACTIVATED"}
{"ts":1772414100949,"action":"IDE_ACTIVATED"}
{"ts":1772414107149,"action":"IDE_DEACTIVATED"}
{"ts":1772414107239,"action":"IDE_ACTIVATED"}
{"ts":1772414109870,"action":"IDE_DEACTIVATED"}
{"ts":1772414109946,"action":"IDE_ACTIVATED"}
{"ts":1772414110202,"action":"IDE_DEACTIVATED"}
{"ts":1772414112210,"action":"IDE_ACTIVATED"}
{"ts":1772414123318,"action":"IDE_DEACTIVATED"}
{"ts":1772414124010,"action":"IDE_ACTIVATED"}
{"ts":1772414126676,"action":"IDE_DEACTIVATED"}
{"ts":1772414126761,"action":"IDE_ACTIVATED"}
{"ts":1772414131011,"action":"IDE_DEACTIVATED"}
{"ts":1772414131105,"action":"IDE_ACTIVATED"}
{"ts":1772414153748,"action":"IDE_DEACTIVATED"}
{"ts":1772414164592,"action":"IDE_ACTIVATED"}
{"ts":1772414165051,"action":"FILE_CLOSED","file":"/.env.local","tags":{"FILE_LINE_OF_CODE":"30"}}
{"ts":1772414165051,"action":"FILE_OPENED","file":"/.env.example","tags":{"FILE_LINE_OF_CODE":"21"}}
{"ts":1772414174676,"action":"IDE_DEACTIVATED"}
{"ts":1772414177865,"action":"IDE_ACTIVATED"}
{"ts":1772414189475,"action":"IDE_DEACTIVATED"}
{"ts":1772414269701,"action":"IDE_ACTIVATED"}
{"ts":1772414274320,"action":"FILE_CLOSED","file":"/.env.example","tags":{"FILE_LINE_OF_CODE":"21"}}
{"ts":1772414274320,"action":"FILE_OPENED","file":"/.env.local","tags":{"FILE_LINE_OF_CODE":"30"}}
{"ts":1772414284786,"action":"IDE_DEACTIVATED"}
{"ts":1772414286019,"action":"IDE_ACTIVATED"}
{"ts":1772414289517,"action":"IDE_DEACTIVATED"}
{"ts":1772414290406,"action":"IDE_ACTIVATED"}
{"ts":1772414306991,"action":"FILE_CLOSED","file":"/.env.local","tags":{"FILE_LINE_OF_CODE":"30"}}
{"ts":1772414308420,"action":"FILE_OPENED","file":"/.env.local","tags":{"FILE_LINE_OF_CODE":"30"}}
{"ts":1772414330282,"action":"FILE_CLOSED","file":"/.env.local","tags":{"FILE_LINE_OF_CODE":"30"}}
{"ts":1772414330282,"action":"FILE_OPENED","file":"/run_dev.py","tags":{"FILE_LINE_OF_CODE":"51"}}
{"ts":1772414348554,"action":"FILE_CLOSED","file":"/run_dev.py","tags":{"FILE_LINE_OF_CODE":"51"}}
{"ts":1772414348554,"action":"FILE_OPENED","file":"/.env.example","tags":{"FILE_LINE_OF_CODE":"21"}}
{"ts":1772414351754,"action":"FILE_CLOSED","file":"/.env.example","tags":{"FILE_LINE_OF_CODE":"21"}}
{"ts":1772414351754,"action":"FILE_OPENED","file":"/.env.local","tags":{"FILE_LINE_OF_CODE":"30"}}
{"ts":1772414362873,"action":"FILE_CLOSED","file":"/.env.local","tags":{"FILE_LINE_OF_CODE":"30"}}
{"ts":1772414362873,"action":"FILE_OPENED","file":"/.env.example","tags":{"FILE_LINE_OF_CODE":"21"}}
{"ts":1772414375555,"action":"IDE_DEACTIVATED"}
{"ts":1772414376349,"action":"IDE_ACTIVATED"}
{"ts":1772414426445,"action":"IDE_DEACTIVATED"}
{"ts":1772414427047,"action":"IDE_ACTIVATED"}
{"ts":1772414432851,"action":"FILE_CLOSED","file":"/.env.example","tags":{"FILE_LINE_OF_CODE":"21"}}
{"ts":1772414432851,"action":"FILE_OPENED","file":"/.env.local","tags":{"FILE_LINE_OF_CODE":"30"}}
{"ts":1772414448101,"action":"FILE_CLOSED","file":"/.env.local","tags":{"FILE_LINE_OF_CODE":"30"}}
{"ts":1772414448101,"action":"FILE_OPENED","file":"/.env.example","tags":{"FILE_LINE_OF_CODE":"21"}}
{"ts":1772414449852,"action":"FILE_CLOSED","file":"/.env.example","tags":{"FILE_LINE_OF_CODE":"21"}}
{"ts":1772414449852,"action":"FILE_OPENED","file":"/run_dev.py","tags":{"FILE_LINE_OF_CODE":"51"}}
{"ts":1772414467680,"action":"IDE_DEACTIVATED"}
{"ts":1772414468292,"action":"IDE_ACTIVATED"}
{"ts":1772414468619,"action":"IDE_DEACTIVATED"}
{"ts":1772414468775,"action":"IDE_ACTIVATED"}
{"ts":1772414473768,"action":"FILE_CLOSED","file":"/run_dev.py","tags":{"FILE_LINE_OF_CODE":"51"}}
{"ts":1772414473768,"action":"FILE_OPENED","file":"/.env.example","tags":{"FILE_LINE_OF_CODE":"21"}}
{"ts":1772414482290,"action":"FILE_CLOSED","file":"/.env.example","tags":{"FILE_LINE_OF_CODE":"21"}}
{"ts":1772414482290,"action":"FILE_OPENED","file":"/run_dev.py","tags":{"FILE_LINE_OF_CODE":"51"}}
{"ts":1772414511209,"action":"IDE_DEACTIVATED"}
{"ts":1772414512276,"action":"IDE_ACTIVATED"}
{"ts":1772414521652,"action":"IDE_DEACTIVATED"}
{"ts":1772414521700,"action":"IDE_ACTIVATED"}
{"ts":1772414536138,"action":"IDE_DEACTIVATED"}
{"ts":1772414536209,"action":"IDE_ACTIVATED"}
{"ts":1772414561407,"action":"IDE_DEACTIVATED"}
{"ts":1772414561478,"action":"IDE_ACTIVATED"}
{"ts":1772414561659,"action":"IDE_DEACTIVATED"}
{"ts":1772414563807,"action":"IDE_ACTIVATED"}
{"ts":1772414591584,"action":"IDE_DEACTIVATED"}
{"ts":1772414591665,"action":"IDE_ACTIVATED"}
{"ts":1772414623057,"action":"FILE_CLOSED","file":"/run_dev.py","tags":{"FILE_LINE_OF_CODE":"51"}}
{"ts":1772414623057,"action":"FILE_OPENED","file":"/240220260444.txt","tags":{"FILE_LINE_OF_CODE":"1301"}}
{"ts":1772414711915,"action":"FILE_CLOSED","file":"/240220260444.txt","tags":{"FILE_LINE_OF_CODE":"1301"}}
{"ts":1772414711915,"action":"FILE_OPENED","file":"/250220260155.txt","tags":{"FILE_LINE_OF_CODE":"4209"}}
{"ts":1772414720122,"action":"FILE_CLOSED","file":"/250220260155.txt","tags":{"FILE_LINE_OF_CODE":"4209"}}
{"ts":1772414720122,"action":"FILE_OPENED","file":"/vultr_deploy__faktura_db__pswds.txt","tags":{"FILE_LINE_OF_CODE":"11"}}
{"ts":1772414729036,"action":"FILE_CLOSED","file":"/vultr_deploy__faktura_db__pswds.txt","tags":{"FILE_LINE_OF_CODE":"11"}}
{"ts":1772414729036,"action":"FILE_OPENED","file":"/250220260155.txt","tags":{"FILE_LINE_OF_CODE":"4209"}}
{"ts":1772414772430,"action":"FILE_CLOSED","file":"/250220260155.txt","tags":{"FILE_LINE_OF_CODE":"4209"}}
{"ts":1772414772430,"action":"FILE_OPENED","file":"/vultr_deploy__faktura_db__pswds.txt","tags":{"FILE_LINE_OF_CODE":"11"}}
{"ts":1772414774926,"action":"IDE_DEACTIVATED"}
{"ts":1772414775551,"action":"IDE_ACTIVATED"}
{"ts":1772414817187,"action":"IDE_DEACTIVATED"}
{"ts":1772414823957,"action":"IDE_ACTIVATED"}
{"ts":1772414856174,"action":"IDE_DEACTIVATED"}
{"ts":1772414863845,"action":"IDE_ACTIVATED"}
{"ts":1772414866506,"action":"IDE_DEACTIVATED"}
{"ts":1772414871824,"action":"IDE_ACTIVATED"}
{"ts":1772414987190,"action":"IDE_DEACTIVATED"}
{"ts":1772415011673,"action":"IDE_ACTIVATED"}
{"ts":1772415047417,"action":"IDE_DEACTIVATED"}
{"ts":1772415059203,"action":"IDE_ACTIVATED"}
{"ts":1772415100090,"action":"IDE_DEACTIVATED"}
{"ts":1772415106420,"action":"IDE_ACTIVATED"}
{"ts":1772415108427,"action":"IDE_DEACTIVATED"}
{"ts":1772415108521,"action":"IDE_ACTIVATED"}
{"ts":1772415127382,"action":"IDE_DEACTIVATED"}
{"ts":1772415137615,"action":"IDE_ACTIVATED"}
{"ts":1772415208889,"action":"IDE_DEACTIVATED"}
{"ts":1772415232068,"action":"IDE_ACTIVATED"}
{"ts":1772415233402,"action":"IDE_DEACTIVATED"}
{"ts":1772415234228,"action":"IDE_ACTIVATED"}
{"ts":1772415241675,"action":"IDE_DEACTIVATED"}
{"ts":1772415287734,"action":"IDE_ACTIVATED"}
{"ts":1772415305830,"action":"IDE_DEACTIVATED"}
{"ts":1772415783428,"action":"IDE_ACTIVATED"}
{"ts":1772415787489,"action":"IDE_DEACTIVATED"}
{"ts":1772415794971,"action":"IDE_ACTIVATED"}
{"ts":1772415801097,"action":"IDE_DEACTIVATED"}
{"ts":1772415801172,"action":"IDE_ACTIVATED"}
{"ts":1772415810469,"action":"IDE_DEACTIVATED"}
{"ts":1772415810619,"action":"IDE_ACTIVATED"}
{"ts":1772415811381,"action":"IDE_DEACTIVATED"}
{"ts":1772415822576,"action":"IDE_ACTIVATED"}
{"ts":1772415835877,"action":"IDE_DEACTIVATED"}
{"ts":1772415835954,"action":"IDE_ACTIVATED"}
{"ts":1772415839366,"action":"IDE_DEACTIVATED"}
{"ts":1772415853090,"action":"IDE_ACTIVATED"}
{"ts":1772415854301,"action":"IDE_DEACTIVATED"}
{"ts":1772415855351,"action":"IDE_ACTIVATED"}
{"ts":1772415863836,"action":"IDE_DEACTIVATED"}
{"ts":1772415868449,"action":"IDE_ACTIVATED"}
{"ts":1772415876437,"action":"IDE_DEACTIVATED"}
{"ts":1772415876512,"action":"IDE_ACTIVATED"}
{"ts":1772415877607,"action":"IDE_DEACTIVATED"}
{"ts":1772415957700,"action":"IDE_ACTIVATED"}
{"ts":1772415959253,"action":"IDE_DEACTIVATED"}
{"ts":1772415960220,"action":"IDE_ACTIVATED"}
{"ts":1772415968779,"action":"IDE_DEACTIVATED"}
{"ts":1772415974970,"action":"IDE_ACTIVATED"}
{"ts":1772416021827,"action":"IDE_DEACTIVATED"}
{"ts":1772416031463,"action":"IDE_ACTIVATED"}
{"ts":1772416035353,"action":"IDE_DEACTIVATED"}
{"ts":1772416036377,"action":"IDE_ACTIVATED"}
{"ts":1772416038209,"action":"IDE_DEACTIVATED"}
{"ts":1772416040146,"action":"IDE_ACTIVATED"}
{"ts":1772416071484,"action":"IDE_DEACTIVATED"}
{"ts":1772416081085,"action":"IDE_ACTIVATED"}
{"ts":1772416081452,"action":"IDE_DEACTIVATED"}
{"ts":1772416082611,"action":"IDE_ACTIVATED"}
{"ts":1772416086698,"action":"IDE_DEACTIVATED"}
{"ts":1772416087246,"action":"IDE_ACTIVATED"}
{"ts":1772416095667,"action":"FILE_CLOSED","file":"/vultr_deploy__faktura_db__pswds.txt","tags":{"FILE_LINE_OF_CODE":"11"}}
{"ts":1772416095667,"action":"FILE_OPENED","file":"/templates/components/sidebar.html","tags":{"FILE_LINE_OF_CODE":"185"}}
{"ts":1772416151491,"action":"IDE_DEACTIVATED"}
{"ts":1772416152030,"action":"IDE_ACTIVATED"}
{"ts":1772416153480,"action":"IDE_DEACTIVATED"}
{"ts":1772416164803,"action":"IDE_ACTIVATED"}
{"ts":1772416165494,"action":"IDE_DEACTIVATED"}
{"ts":1772416166515,"action":"IDE_ACTIVATED"}
{"ts":1772416191177,"action":"IDE_DEACTIVATED"}
{"ts":1772416197722,"action":"IDE_ACTIVATED"}
{"ts":1772416233165,"action":"IDE_DEACTIVATED"}
{"ts":1772416234002,"action":"IDE_ACTIVATED"}
{"ts":1772416239862,"action":"IDE_DEACTIVATED"}
{"ts":1772416239957,"action":"IDE_ACTIVATED"}
{"ts":1772416255424,"action":"IDE_DEACTIVATED"}
{"ts":1772416255516,"action":"IDE_ACTIVATED"}
{"ts":1772416258372,"action":"IDE_DEACTIVATED"}
{"ts":1772416265133,"action":"IDE_ACTIVATED"}
{"ts":1772416266358,"action":"IDE_DEACTIVATED"}
{"ts":1772416266687,"action":"IDE_ACTIVATED"}
{"ts":1772416331394,"action":"IDE_DEACTIVATED"}
{"ts":1772416337694,"action":"IDE_ACTIVATED"}
{"ts":1772416338564,"action":"IDE_DEACTIVATED"}
{"ts":1772416339036,"action":"IDE_ACTIVATED"}
{"ts":1772416345461,"action":"IDE_DEACTIVATED"}
{"ts":1772416381802,"action":"IDE_ACTIVATED"}
{"ts":1772416459067,"action":"IDE_DEACTIVATED"}
{"ts":1772416466244,"action":"IDE_ACTIVATED"}
{"ts":1772416468545,"action":"IDE_DEACTIVATED"}
{"ts":1772416469335,"action":"IDE_ACTIVATED"}
{"ts":1772416503936,"action":"IDE_DEACTIVATED"}
{"ts":1772416504091,"action":"IDE_ACTIVATED"}
{"ts":1772416504924,"action":"IDE_DEACTIVATED"}
{"ts":1772416507598,"action":"IDE_ACTIVATED"}
{"ts":1772416520299,"action":"IDE_DEACTIVATED"}
{"ts":1772416529875,"action":"IDE_ACTIVATED"}
{"ts":1772416549763,"action":"IDE_DEACTIVATED"}
{"ts":1772416563847,"action":"IDE_ACTIVATED"}
{"ts":1772416614802,"action":"IDE_DEACTIVATED"}
{"ts":1772416633197,"action":"IDE_ACTIVATED"}
{"ts":1772416691109,"action":"IDE_DEACTIVATED"}
{"ts":1772416691886,"action":"IDE_ACTIVATED"}
{"ts":1772416694120,"action":"IDE_DEACTIVATED"}
{"ts":1772416694857,"action":"IDE_ACTIVATED"}
{"ts":1772416703180,"action":"IDE_DEACTIVATED"}
{"ts":1772416714863,"action":"IDE_ACTIVATED"}
{"ts":1772416733236,"action":"IDE_DEACTIVATED"}
{"ts":1772416734716,"action":"IDE_ACTIVATED"}
{"ts":1772416739715,"action":"IDE_DEACTIVATED"}
{"ts":1772416743295,"action":"IDE_ACTIVATED"}
{"ts":1772416772090,"action":"IDE_DEACTIVATED"}
{"ts":1772416774738,"action":"IDE_ACTIVATED"}
{"ts":1772416794896,"action":"IDE_DEACTIVATED"}
{"ts":1772416802690,"action":"IDE_ACTIVATED"}
{"ts":1772416824013,"action":"IDE_DEACTIVATED"}
{"ts":1772416826075,"action":"IDE_ACTIVATED"}
{"ts":1772416827666,"action":"IDE_DEACTIVATED"}
{"ts":1772416831363,"action":"IDE_ACTIVATED"}
{"ts":1772416845049,"action":"IDE_DEACTIVATED"}
{"ts":1772416849664,"action":"IDE_ACTIVATED"}
{"ts":1772416861753,"action":"IDE_DEACTIVATED"}
{"ts":1772416862796,"action":"IDE_ACTIVATED"}
{"ts":1772416877926,"action":"IDE_DEACTIVATED"}
{"ts":1772416880800,"action":"IDE_ACTIVATED"}
{"ts":1772416881989,"action":"IDE_DEACTIVATED"}
{"ts":1772416885795,"action":"IDE_ACTIVATED"}
{"ts":1772416898572,"action":"IDE_DEACTIVATED"}
{"ts":1772416903229,"action":"IDE_ACTIVATED"}
{"ts":1772416907771,"action":"IDE_DEACTIVATED"}
{"ts":1772416909778,"action":"IDE_ACTIVATED"}
{"ts":1772416957921,"action":"IDE_DEACTIVATED"}
{"ts":1772416966356,"action":"IDE_ACTIVATED"}
{"ts":1772416980998,"action":"IDE_DEACTIVATED"}
{"ts":1772416991497,"action":"IDE_ACTIVATED"}
{"ts":1772416992779,"action":"IDE_DEACTIVATED"}
{"ts":1772416993706,"action":"IDE_ACTIVATED"}
{"ts":1772417003087,"action":"IDE_DEACTIVATED"}
{"ts":1772417003292,"action":"IDE_ACTIVATED"}
{"ts":1772417006039,"action":"IDE_DEACTIVATED"}
{"ts":1772417008835,"action":"IDE_ACTIVATED"}
{"ts":1772417009632,"action":"IDE_DEACTIVATED"}
{"ts":1772417010207,"action":"IDE_ACTIVATED"}
{"ts":1772417011466,"action":"IDE_DEACTIVATED"}
{"ts":1772417020375,"action":"IDE_ACTIVATED"}
{"ts":1772417039125,"action":"IDE_DEACTIVATED"}
{"ts":1772417043035,"action":"IDE_ACTIVATED"}
{"ts":1772417050773,"action":"IDE_DEACTIVATED"}
{"ts":1772417052735,"action":"IDE_ACTIVATED"}
{"ts":1772417054076,"action":"IDE_DEACTIVATED"}
{"ts":1772417074415,"action":"IDE_ACTIVATED"}
{"ts":1772417091837,"action":"IDE_DEACTIVATED"}
{"ts":1772417093434,"action":"IDE_ACTIVATED"}
{"ts":1772417110501,"action":"IDE_DEACTIVATED"}
{"ts":1772417111399,"action":"IDE_ACTIVATED"}
{"ts":1772417133744,"action":"IDE_DEACTIVATED"}
{"ts":1772417142254,"action":"IDE_ACTIVATED"}
{"ts":1772417143361,"action":"IDE_DEACTIVATED"}
{"ts":1772417143699,"action":"IDE_ACTIVATED"}
{"ts":1772417198140,"action":"IDE_DEACTIVATED"}
{"ts":1772417198233,"action":"IDE_ACTIVATED"}
{"ts":1772417198952,"action":"IDE_DEACTIVATED"}
{"ts":1772417200594,"action":"IDE_ACTIVATED"}
{"ts":1772417201450,"action":"IDE_DEACTIVATED"}
{"ts":1772417201806,"action":"IDE_ACTIVATED"}
{"ts":1772417203184,"action":"IDE_DEACTIVATED"}
{"ts":1772417203410,"action":"IDE_ACTIVATED"}
{"ts":1772417204285,"action":"IDE_DEACTIVATED"}
{"ts":1772417256065,"action":"IDE_ACTIVATED"}
{"ts":1772417257027,"action":"IDE_DEACTIVATED"}
{"ts":1772417258523,"action":"IDE_ACTIVATED"}
{"ts":1772417259147,"action":"IDE_DEACTIVATED"}
{"ts":1772417259749,"action":"IDE_ACTIVATED"}
{"ts":1772417388612,"action":"IDE_DEACTIVATED"}
{"ts":1772417388781,"action":"IDE_ACTIVATED"}
{"ts":1772417389447,"action":"IDE_DEACTIVATED"}
{"ts":1772417391102,"action":"IDE_ACTIVATED"}
{"ts":1772417391850,"action":"IDE_DEACTIVATED"}
{"ts":1772417392207,"action":"IDE_ACTIVATED"}
{"ts":1772417393944,"action":"IDE_DEACTIVATED"}
{"ts":1772417394060,"action":"IDE_ACTIVATED"}
{"ts":1772417394800,"action":"IDE_DEACTIVATED"}
{"ts":1772417407275,"action":"IDE_ACTIVATED"}
{"ts":1772417408010,"action":"IDE_DEACTIVATED"}
{"ts":1772417409398,"action":"IDE_ACTIVATED"}
{"ts":1772417410031,"action":"IDE_DEACTIVATED"}
{"ts":1772417411473,"action":"IDE_ACTIVATED"}
{"ts":1772417412464,"action":"IDE_DEACTIVATED"}
{"ts":1772417413358,"action":"IDE_ACTIVATED"}
{"ts":1772417413743,"action":"IDE_DEACTIVATED"}
{"ts":1772417414614,"action":"IDE_ACTIVATED"}
{"ts":1772417453590,"action":"IDE_DEACTIVATED"}
{"ts":1772417453705,"action":"IDE_ACTIVATED"}
{"ts":1772417454300,"action":"IDE_DEACTIVATED"}
{"ts":1772417485204,"action":"IDE_ACTIVATED"}
{"ts":1772417486084,"action":"IDE_DEACTIVATED"}
{"ts":1772417486955,"action":"IDE_ACTIVATED"}
{"ts":1772417491991,"action":"IDE_DEACTIVATED"}
{"ts":1772417492091,"action":"IDE_ACTIVATED"}
{"ts":1772417492654,"action":"IDE_DEACTIVATED"}
{"ts":1772417499413,"action":"IDE_ACTIVATED"}
{"ts":1772417546297,"action":"IDE_DEACTIVATED"}
{"ts":1772417559968,"action":"IDE_ACTIVATED"}
{"ts":1772417571691,"action":"IDE_DEACTIVATED"}
{"ts":1772417596729,"action":"IDE_ACTIVATED"}
{"ts":1772417606607,"action":"IDE_DEACTIVATED"}
{"ts":1772417607279,"action":"IDE_ACTIVATED"}
{"ts":1772417627020,"action":"IDE_DEACTIVATED"}
{"ts":1772417641573,"action":"IDE_ACTIVATED"}
{"ts":1772417694502,"action":"IDE_DEACTIVATED"}
{"ts":1772417695366,"action":"IDE_ACTIVATED"}
{"ts":1772417695761,"action":"IDE_DEACTIVATED"}
{"ts":1772417698694,"action":"IDE_ACTIVATED"}
{"ts":1772417707405,"action":"IDE_DEACTIVATED"}
{"ts":1772417715445,"action":"IDE_ACTIVATED"}
{"ts":1772417729025,"action":"IDE_DEACTIVATED"}
{"ts":1772417730761,"action":"IDE_ACTIVATED"}
{"ts":1772417755892,"action":"IDE_DEACTIVATED"}
{"ts":1772417762411,"action":"IDE_ACTIVATED"}
{"ts":1772417772528,"action":"IDE_DEACTIVATED"}
{"ts":1772417780305,"action":"IDE_ACTIVATED"}
{"ts":1772417824620,"action":"IDE_DEACTIVATED"}
{"ts":1772417830025,"action":"IDE_ACTIVATED"}
{"ts":1772417831198,"action":"IDE_DEACTIVATED"}
{"ts":1772417835022,"action":"IDE_ACTIVATED"}
{"ts":1772417845334,"action":"IDE_DEACTIVATED"}
{"ts":1772417855504,"action":"IDE_ACTIVATED"}
{"ts":1772417871558,"action":"IDE_DEACTIVATED"}
{"ts":1772417879817,"action":"IDE_ACTIVATED"}
{"ts":1772417894037,"action":"IDE_DEACTIVATED"}
{"ts":1772417894127,"action":"IDE_ACTIVATED"}
{"ts":1772417908332,"action":"IDE_DEACTIVATED"}
{"ts":1772417952313,"action":"IDE_ACTIVATED"}
{"ts":1772417954825,"action":"IDE_DEACTIVATED"}
{"ts":1772417956297,"action":"IDE_ACTIVATED"}
{"ts":1772418008287,"action":"FILE_CLOSED","file":"/templates/components/sidebar.html","tags":{"FILE_LINE_OF_CODE":"183"}}
{"ts":1772418008287,"action":"FILE_OPENED","file":"/templates/analytics/dashboard.html","tags":{"FILE_LINE_OF_CODE":"178"}}
{"ts":1772418013008,"action":"IDE_DEACTIVATED"}
{"ts":1772418014585,"action":"IDE_ACTIVATED"}
{"ts":1772418052963,"action":"IDE_DEACTIVATED"}
{"ts":1772418100093,"action":"IDE_ACTIVATED"}
{"ts":1772418100470,"action":"IDE_DEACTIVATED"}
{"ts":1772418101745,"action":"IDE_ACTIVATED"}
{"ts":1772418180368,"action":"IDE_DEACTIVATED"}
{"ts":1772418181666,"action":"IDE_ACTIVATED"}
{"ts":1772418183208,"action":"IDE_DEACTIVATED"}
{"ts":1772418183290,"action":"IDE_ACTIVATED"}
{"ts":1772418213794,"action":"IDE_DEACTIVATED"}
{"ts":1772418219148,"action":"IDE_ACTIVATED"}
{"ts":1772418264778,"action":"IDE_DEACTIVATED"}
{"ts":1772418264855,"action":"IDE_ACTIVATED"}
{"ts":1772418266947,"action":"IDE_DEACTIVATED"}
{"ts":1772418267039,"action":"IDE_ACTIVATED"}
{"ts":1772418268941,"action":"IDE_DEACTIVATED"}
{"ts":1772418269044,"action":"IDE_ACTIVATED"}
{"ts":1772418271445,"action":"FILE_CLOSED","file":"/templates/analytics/dashboard.html","tags":{"FILE_LINE_OF_CODE":"178"}}
{"ts":1772418271445,"action":"FILE_OPENED","file":"/vultr_deploy__faktura_db__pswds.txt","tags":{"FILE_LINE_OF_CODE":"11"}}
{"ts":1772418276260,"action":"IDE_DEACTIVATED"}
{"ts":1772418276645,"action":"IDE_ACTIVATED"}
{"ts":1772418338476,"action":"IDE_DEACTIVATED"}
{"ts":1772418362008,"action":"IDE_ACTIVATED"}
{"ts":1772418363744,"action":"IDE_DEACTIVATED"}
{"ts":1772418364831,"action":"IDE_ACTIVATED"}
{"ts":1772418405045,"action":"IDE_DEACTIVATED"}
{"ts":1772418411548,"action":"IDE_ACTIVATED"}
{"ts":1772418425632,"action":"IDE_DEACTIVATED"}
{"ts":1772418427388,"action":"IDE_ACTIVATED"}
{"ts":1772418535695,"action":"IDE_DEACTIVATED"}
{"ts":1772418535792,"action":"IDE_ACTIVATED"}
{"ts":1772418537360,"action":"IDE_DEACTIVATED"}
{"ts":1772418537455,"action":"IDE_ACTIVATED"}
{"ts":1772418538461,"action":"IDE_DEACTIVATED"}
{"ts":1772418539723,"action":"IDE_ACTIVATED"}
{"ts":1772418544206,"action":"IDE_DEACTIVATED"}
{"ts":1772418545237,"action":"IDE_ACTIVATED"}
{"ts":1772418658333,"action":"IDE_DEACTIVATED"}
{"ts":1772418658410,"action":"IDE_ACTIVATED"}
{"ts":1772418660250,"action":"IDE_DEACTIVATED"}
{"ts":1772418660341,"action":"IDE_ACTIVATED"}
{"ts":1772419081737,"action":"IDE_DEACTIVATED"}
{"ts":1772419252117,"action":"IDE_ACTIVATED"}
{"ts":1772419254422,"action":"IDE_DEACTIVATED"}
{"ts":1772419254504,"action":"IDE_ACTIVATED"}
{"ts":1772419325750,"action":"IDE_DEACTIVATED"}
{"ts":1772419325981,"action":"IDE_ACTIVATED"}
{"ts":1772419326540,"action":"IDE_DEACTIVATED"}
{"ts":1772419328526,"action":"IDE_ACTIVATED"}
{"ts":1772419330112,"action":"IDE_DEACTIVATED"}
{"ts":1772419331339,"action":"IDE_ACTIVATED"}
{"ts":1772419334194,"action":"IDE_DEACTIVATED"}
{"ts":1772419334286,"action":"IDE_ACTIVATED"}
{"ts":1772419334931,"action":"IDE_DEACTIVATED"}
{"ts":1772419336719,"action":"IDE_ACTIVATED"}
{"ts":1772419337138,"action":"IDE_DEACTIVATED"}
{"ts":1772419338270,"action":"IDE_ACTIVATED"}
{"ts":1772419346755,"action":"IDE_DEACTIVATED"}
{"ts":1772419348367,"action":"IDE_ACTIVATED"}
{"ts":1772419455448,"action":"IDE_DEACTIVATED"}
{"ts":1772419479652,"action":"IDE_ACTIVATED"}
{"ts":1772419566646,"action":"IDE_DEACTIVATED"}
{"ts":1772419568431,"action":"IDE_ACTIVATED"}
{"ts":1772419574313,"action":"IDE_DEACTIVATED"}
{"ts":1772419600674,"action":"IDE_ACTIVATED"}
{"ts":1772419669937,"action":"IDE_DEACTIVATED"}
{"ts":1772419685226,"action":"IDE_ACTIVATED"}
{"ts":1772419747384,"action":"IDE_DEACTIVATED"}
{"ts":1772419747465,"action":"IDE_ACTIVATED"}
{"ts":1772419748700,"action":"IDE_DEACTIVATED"}
{"ts":1772419748783,"action":"IDE_ACTIVATED"}
{"ts":1772419759699,"action":"IDE_DEACTIVATED"}
{"ts":1772419768741,"action":"IDE_ACTIVATED"}
{"ts":1772419887687,"action":"IDE_DEACTIVATED"}
{"ts":1772419918814,"action":"IDE_ACTIVATED"}
{"ts":1772419970344,"action":"IDE_DEACTIVATED"}
{"ts":1772420132372,"action":"IDE_ACTIVATED"}
{"ts":1772420145744,"action":"IDE_DEACTIVATED"}
{"ts":1772420153213,"action":"IDE_ACTIVATED"}
{"ts":1772420169175,"action":"IDE_DEACTIVATED"}
{"ts":1772420269149,"action":"IDE_ACTIVATED"}
{"ts":1772420386873,"action":"IDE_DEACTIVATED"}
{"ts":1772420388143,"action":"IDE_ACTIVATED"}
{"ts":1772420388183,"action":"IDE_DEACTIVATED"}
{"ts":1772420388922,"action":"IDE_ACTIVATED"}
{"ts":1772420389373,"action":"IDE_DEACTIVATED"}
{"ts":1772420395210,"action":"IDE_ACTIVATED"}
{"ts":1772420411017,"action":"IDE_DEACTIVATED"}
{"ts":1772420435102,"action":"IDE_ACTIVATED"}
{"ts":1772420473971,"action":"IDE_DEACTIVATED"}
{"ts":1772420586327,"action":"IDE_ACTIVATED"}
{"ts":1772420670160,"action":"IDE_DEACTIVATED"}
{"ts":1772420692638,"action":"IDE_ACTIVATED"}
{"ts":1772420705314,"action":"IDE_DEACTIVATED"}
{"ts":1772420706751,"action":"IDE_ACTIVATED"}
{"ts":1772420708348,"action":"IDE_DEACTIVATED"}
{"ts":1772420710039,"action":"IDE_ACTIVATED"}
{"ts":1772420722460,"action":"IDE_DEACTIVATED"}
{"ts":1772420752076,"action":"IDE_ACTIVATED"}
{"ts":1772420774303,"action":"IDE_DEACTIVATED"}
{"ts":1772420774412,"action":"IDE_ACTIVATED"}
{"ts":1772420785147,"action":"IDE_DEACTIVATED"}
{"ts":1772420785224,"action":"IDE_ACTIVATED"}
{"ts":1772421186206,"action":"IDE_DEACTIVATED"}
{"ts":1772421258592,"action":"IDE_ACTIVATED"}
{"ts":1772421298059,"action":"IDE_DEACTIVATED"}
{"ts":1772421404312,"action":"IDE_ACTIVATED"}
{"ts":1772421413781,"action":"IDE_DEACTIVATED"}
{"ts":1772421415286,"action":"IDE_ACTIVATED"}
{"ts":1772421423206,"action":"IDE_DEACTIVATED"}
{"ts":1772421437129,"action":"IDE_ACTIVATED"}
{"ts":1772421446827,"action":"IDE_DEACTIVATED"}
{"ts":1772421447687,"action":"IDE_ACTIVATED"}
{"ts":1772421476592,"action":"IDE_DEACTIVATED"}
{"ts":1772421478106,"action":"IDE_ACTIVATED"}
{"ts":1772421478364,"action":"IDE_DEACTIVATED"}
{"ts":1772421483626,"action":"IDE_ACTIVATED"}
{"ts":1772421500745,"action":"IDE_DEACTIVATED"}
{"ts":1772421510454,"action":"IDE_ACTIVATED"}
{"ts":1772437171589,"action":"IDE_DEACTIVATED"}
{"ts":1772448934604,"action":"IDE_ACTIVATED"}
{"ts":1772448958271,"action":"IDE_DEACTIVATED"}
{"ts":1772448987034,"action":"IDE_ACTIVATED"}
{"ts":1772449009988,"action":"IDE_DEACTIVATED"}
{"ts":1772449049595,"action":"IDE_ACTIVATED"}
{"ts":1772449095819,"action":"IDE_DEACTIVATED"}
{"ts":1772449161442,"action":"IDE_ACTIVATED"}
{"ts":1772449181403,"action":"IDE_DEACTIVATED"}
{"ts":1772449603546,"action":"IDE_ACTIVATED"}
{"ts":1772449643723,"action":"IDE_DEACTIVATED"}
{"ts":1772449707933,"action":"IDE_ACTIVATED"}
{"ts":1772450148566,"action":"IDE_DEACTIVATED"}
{"ts":1772450574630,"action":"IDE_ACTIVATED"}
{"ts":1772450600191,"action":"IDE_DEACTIVATED"}
{"ts":1772452356632,"action":"IDE_ACTIVATED"}
{"ts":1772452361500,"action":"IDE_DEACTIVATED"}
{"ts":1772456926517,"action":"IDE_ACTIVATED"}
{"ts":1772456931988,"action":"IDE_DEACTIVATED"}
{"ts":1772456957258,"action":"IDE_ACTIVATED"}
{"ts":1772456965378,"action":"IDE_DEACTIVATED"}
{"ts":1772456971877,"action":"IDE_ACTIVATED"}
{"ts":1772456972921,"action":"IDE_DEACTIVATED"}
{"ts":1772456982431,"action":"IDE_ACTIVATED"}
{"ts":1772456986867,"action":"IDE_DEACTIVATED"}
{"ts":1772457010256,"action":"IDE_ACTIVATED"}
{"ts":1772457073163,"action":"IDE_DEACTIVATED"}
{"ts":1772457625339,"action":"IDE_ACTIVATED"}
{"ts":1772457625914,"action":"IDE_DEACTIVATED"}
{"ts":1772457627932,"action":"IDE_ACTIVATED"}
{"ts":1772457628651,"action":"IDE_DEACTIVATED"}
{"ts":1772457730686,"action":"IDE_ACTIVATED"}
{"ts":1772457731204,"action":"IDE_DEACTIVATED"}
{"ts":1772457742252,"action":"IDE_ACTIVATED"}
{"ts":1772457743066,"action":"IDE_DEACTIVATED"}
{"ts":1772457772062,"action":"IDE_ACTIVATED"}
{"ts":1772457772709,"action":"IDE_DEACTIVATED"}
{"ts":1772457775881,"action":"IDE_ACTIVATED"}
{"ts":1772457776815,"action":"IDE_DEACTIVATED"}
{"ts":1772457794891,"action":"IDE_ACTIVATED"}
{"ts":1772457795434,"action":"IDE_DEACTIVATED"}
{"ts":1772457885734,"action":"IDE_ACTIVATED"}
{"ts":1772457889029,"action":"IDE_DEACTIVATED"}
{"ts":1772457890353,"action":"IDE_ACTIVATED"}
{"ts":1772457929217,"action":"IDE_DEACTIVATED"}
{"ts":1772459131905,"action":"IDE_ACTIVATED"}
{"ts":1772459134819,"action":"IDE_DEACTIVATED"}
{"ts":1772459135676,"action":"IDE_ACTIVATED"}
{"ts":1772459147045,"action":"IDE_DEACTIVATED"}
{"ts":1772459172897,"action":"IDE_ACTIVATED"}
{"ts":1772459178411,"action":"IDE_DEACTIVATED"}
{"ts":1772459188219,"action":"IDE_ACTIVATED"}
{"ts":1772459199399,"action":"IDE_DEACTIVATED"}
{"ts":1772459268256,"action":"IDE_ACTIVATED"}
{"ts":1772459277847,"action":"IDE_DEACTIVATED"}
{"ts":1772459288698,"action":"IDE_ACTIVATED"}
{"ts":1772459298505,"action":"IDE_DEACTIVATED"}
{"ts":1772459985841,"action":"IDE_ACTIVATED"}
{"ts":1772460006301,"action":"IDE_DEACTIVATED"}
{"ts":1772461128536,"action":"IDE_ACTIVATED"}
{"ts":1772461154755,"action":"IDE_DEACTIVATED"}
{"ts":1772461166682,"action":"IDE_ACTIVATED"}
{"ts":1772461176695,"action":"IDE_DEACTIVATED"}
{"ts":1772461220916,"action":"IDE_ACTIVATED"}
{"ts":1772461222311,"action":"IDE_DEACTIVATED"}
{"ts":1772461222976,"action":"IDE_ACTIVATED"}
{"ts":1772461230412,"action":"IDE_DEACTIVATED"}
{"ts":1772461233765,"action":"IDE_ACTIVATED"}
{"ts":1772461234970,"action":"IDE_DEACTIVATED"}
{"ts":1772461235041,"action":"IDE_ACTIVATED"}
{"ts":1772461559837,"action":"FILE_CLOSED","file":"/vultr_deploy__faktura_db__pswds.txt","tags":{"FILE_LINE_OF_CODE":"11"}}
{"ts":1772461561799,"action":"IDE_DEACTIVATED"}
{"ts":1772461561886,"action":"IDE_ACTIVATED"}
{"ts":1772461573475,"action":"IDE_DEACTIVATED"}
{"ts":1772462663315,"action":"IDE_ACTIVATED"}
{"ts":1772462731169,"action":"IDE_DEACTIVATED"}
{"ts":1772462962030,"action":"IDE_ACTIVATED"}
{"ts":1772463036418,"action":"IDE_DEACTIVATED"}
{"ts":1772463257864,"action":"IDE_ACTIVATED"}
{"ts":1772463339304,"action":"IDE_DEACTIVATED"}
{"ts":1772463427361,"action":"IDE_ACTIVATED"}
{"ts":1772463637948,"action":"IDE_DEACTIVATED"}
{"ts":1772463667351,"action":"IDE_ACTIVATED"}
{"ts":1772463689500,"action":"IDE_DEACTIVATED"}
{"ts":1772463801394,"action":"IDE_ACTIVATED"}
{"ts":1772463804806,"action":"IDE_DEACTIVATED"}
{"ts":1772463815502,"action":"IDE_ACTIVATED"}
{"ts":1772463818889,"action":"IDE_DEACTIVATED"}
{"ts":1772463835648,"action":"IDE_ACTIVATED"}
{"ts":1772463838706,"action":"IDE_DEACTIVATED"}
{"ts":1772463858445,"action":"IDE_ACTIVATED"}
{"ts":1772463880176,"action":"IDE_DEACTIVATED"}
{"ts":1772463886615,"action":"IDE_ACTIVATED"}
{"ts":1772463889366,"action":"IDE_DEACTIVATED"}
{"ts":1772463999133,"action":"IDE_ACTIVATED"}
{"ts":1772464291338,"action":"IDE_DEACTIVATED"}
{"ts":1772464303325,"action":"IDE_ACTIVATED"}
{"ts":1772464312771,"action":"IDE_DEACTIVATED"}
{"ts":1772464312856,"action":"IDE_ACTIVATED"}
{"ts":1772464320568,"action":"FILE_OPENED","file":"/020320260332.txt","tags":{"FILE_LINE_OF_CODE":"3479"}}
{"ts":1772464429951,"action":"IDE_DEACTIVATED"}
{"ts":1772464443078,"action":"IDE_ACTIVATED"}
{"ts":1772464449406,"action":"IDE_DEACTIVATED"}
{"ts":1772464451021,"action":"IDE_ACTIVATED"}
{"ts":1772464478034,"action":"IDE_DEACTIVATED"}
{"ts":1772464761340,"action":"IDE_ACTIVATED"}
{"ts":1772464804852,"action":"IDE_DEACTIVATED"}
{"ts":1772464862013,"action":"IDE_ACTIVATED"}
{"ts":1772464942291,"action":"IDE_DEACTIVATED"}
{"ts":1772465068721,"action":"IDE_ACTIVATED"}
{"ts":1772465084101,"action":"IDE_DEACTIVATED"}
{"ts":1772465084193,"action":"IDE_ACTIVATED"}
{"ts":1772465088506,"action":"IDE_DEACTIVATED"}
{"ts":1772465279479,"action":"IDE_ACTIVATED"}
{"ts":1772465293132,"action":"IDE_DEACTIVATED"}
{"ts":1772465412729,"action":"IDE_ACTIVATED"}
{"ts":1772465419840,"action":"IDE_DEACTIVATED"}
{"ts":1772465533900,"action":"IDE_ACTIVATED"}
{"ts":1772465571951,"action":"IDE_DEACTIVATED"}
{"ts":1772465815981,"action":"IDE_ACTIVATED"}
{"ts":1772465864770,"action":"IDE_DEACTIVATED"}
{"ts":1772465879487,"action":"IDE_ACTIVATED"}
{"ts":1772465965679,"action":"IDE_DEACTIVATED"}
{"ts":1772465977337,"action":"IDE_ACTIVATED"}
{"ts":1772465980203,"action":"IDE_DEACTIVATED"}
{"ts":1772466133979,"action":"IDE_ACTIVATED"}
{"ts":1772466343745,"action":"IDE_DEACTIVATED"}
{"ts":1772466343857,"action":"IDE_ACTIVATED"}
{"ts":1772466418129,"action":"IDE_DEACTIVATED"}
{"ts":1772466436679,"action":"IDE_ACTIVATED"}
{"ts":1772466443768,"action":"IDE_DEACTIVATED"}
{"ts":1772466585658,"action":"IDE_ACTIVATED"}
{"ts":1772466682207,"action":"IDE_DEACTIVATED"}
{"ts":1772469981719,"action":"IDE_ACTIVATED"}
{"ts":1772470029941,"action":"IDE_DEACTIVATED"}
{"ts":1772470043830,"action":"IDE_ACTIVATED"}
{"ts":1772470045169,"action":"IDE_DEACTIVATED"}
{"ts":1772470047992,"action":"IDE_ACTIVATED"}
{"ts":1772470089132,"action":"IDE_DEACTIVATED"}
{"ts":1772470109367,"action":"IDE_ACTIVATED"}
{"ts":1772470168624,"action":"IDE_DEACTIVATED"}
{"ts":1772470489556,"action":"IDE_ACTIVATED"}
{"ts":1772470490980,"action":"IDE_DEACTIVATED"}
{"ts":1772470499092,"action":"IDE_ACTIVATED"}
{"ts":1772470525575,"action":"IDE_DEACTIVATED"}
{"ts":1772470531051,"action":"IDE_ACTIVATED"}
{"ts":1772470533007,"action":"IDE_DEACTIVATED"}
{"ts":1772470544484,"action":"IDE_ACTIVATED"}
{"ts":1772470547726,"action":"IDE_DEACTIVATED"}
{"ts":1772470552961,"action":"IDE_ACTIVATED"}
{"ts":1772470559267,"action":"IDE_DEACTIVATED"}
{"ts":1772470563622,"action":"IDE_ACTIVATED"}
{"ts":1772470582445,"action":"IDE_DEACTIVATED"}
{"ts":1772470649266,"action":"IDE_ACTIVATED"}
{"ts":1772470677205,"action":"IDE_DEACTIVATED"}
{"ts":1772470677516,"action":"IDE_ACTIVATED"}
{"ts":1772471198808,"action":"IDE_DEACTIVATED"}
{"ts":1772471200784,"action":"IDE_ACTIVATED"}
{"ts":1772471412283,"action":"IDE_DEACTIVATED"}
{"ts":1772471412602,"action":"IDE_ACTIVATED"}
{"ts":1772471674898,"action":"IDE_DEACTIVATED"}
{"ts":1772471743118,"action":"IDE_ACTIVATED"}
{"ts":1772471757977,"action":"IDE_DEACTIVATED"}
{"ts":1772471797378,"action":"IDE_ACTIVATED"}
{"ts":1772471829960,"action":"IDE_DEACTIVATED"}
{"ts":1772471919936,"action":"IDE_ACTIVATED"}
{"ts":1772472030389,"action":"IDE_DEACTIVATED"}
{"ts":1772472033289,"action":"IDE_ACTIVATED"}
{"ts":1772472047124,"action":"IDE_DEACTIVATED"}
{"ts":1772472048226,"action":"IDE_ACTIVATED"}
{"ts":1772472087838,"action":"IDE_DEACTIVATED"}
{"ts":1772472099834,"action":"IDE_ACTIVATED"}
{"ts":1772472106212,"action":"IDE_DEACTIVATED"}
{"ts":1772472383459,"action":"IDE_ACTIVATED"}
{"ts":1772472476142,"action":"IDE_DEACTIVATED"}
{"ts":1772472478187,"action":"IDE_ACTIVATED"}
{"ts":1772472598116,"action":"IDE_DEACTIVATED"}
{"ts":1772472613089,"action":"IDE_ACTIVATED"}
{"ts":1772472667625,"action":"IDE_DEACTIVATED"}
{"ts":1772472750981,"action":"IDE_ACTIVATED"}
{"ts":1772472759150,"action":"IDE_DEACTIVATED"}
{"ts":1772472762210,"action":"IDE_ACTIVATED"}
{"ts":1772472767088,"action":"IDE_DEACTIVATED"}
{"ts":1772472788974,"action":"IDE_ACTIVATED"}
{"ts":1772472827666,"action":"IDE_DEACTIVATED"}
{"ts":1772472836611,"action":"IDE_ACTIVATED"}
{"ts":1772472849022,"action":"IDE_DEACTIVATED"}
{"ts":1772472849410,"action":"IDE_ACTIVATED"}
{"ts":1772473167753,"action":"IDE_DEACTIVATED"}
{"ts":1772473171589,"action":"IDE_ACTIVATED"}
{"ts":1772473180202,"action":"IDE_DEACTIVATED"}
{"ts":1772473181736,"action":"IDE_ACTIVATED"}
{"ts":1772473214096,"action":"IDE_DEACTIVATED"}
{"ts":1772473502629,"action":"IDE_ACTIVATED"}
{"ts":1772473507124,"action":"IDE_DEACTIVATED"}
{"ts":1772473515940,"action":"IDE_ACTIVATED"}
{"ts":1772473522983,"action":"IDE_DEACTIVATED"}
{"ts":1772473750443,"action":"IDE_ACTIVATED"}
{"ts":1772473776429,"action":"IDE_DEACTIVATED"}
{"ts":1772473861619,"action":"IDE_ACTIVATED"}
{"ts":1772473953365,"action":"IDE_DEACTIVATED"}
{"ts":1772473963207,"action":"IDE_ACTIVATED"}
{"ts":1772473971877,"action":"IDE_DEACTIVATED"}
{"ts":1772473973642,"action":"IDE_ACTIVATED"}
{"ts":1772473982662,"action":"IDE_DEACTIVATED"}
{"ts":1772473982810,"action":"IDE_ACTIVATED"}
{"ts":1772473983701,"action":"IDE_DEACTIVATED"}
{"ts":1772474016156,"action":"IDE_ACTIVATED"}
{"ts":1772474021084,"action":"IDE_DEACTIVATED"}
{"ts":1772474023883,"action":"IDE_ACTIVATED"}
{"ts":1772474054730,"action":"IDE_DEACTIVATED"}
{"ts":1772474054911,"action":"IDE_ACTIVATED"}
{"ts":1772474057361,"action":"IDE_DEACTIVATED"}
{"ts":1772474071846,"action":"IDE_ACTIVATED"}
{"ts":1772474189089,"action":"IDE_DEACTIVATED"}
{"ts":1772474239796,"action":"IDE_ACTIVATED"}
{"ts":1772474355751,"action":"IDE_DEACTIVATED"}
{"ts":1772474361339,"action":"IDE_ACTIVATED"}
{"ts":1772474651118,"action":"IDE_DEACTIVATED"}
{"ts":1772474652017,"action":"IDE_ACTIVATED"}
{"ts":1772474658872,"action":"IDE_DEACTIVATED"}
{"ts":1772474666792,"action":"IDE_ACTIVATED"}
{"ts":1772474677506,"action":"IDE_DEACTIVATED"}
{"ts":1772474731163,"action":"IDE_ACTIVATED"}
{"ts":1772474795835,"action":"IDE_DEACTIVATED"}
{"ts":1772474797866,"action":"IDE_ACTIVATED"}
{"ts":1772474799740,"action":"IDE_DEACTIVATED"}
{"ts":1772474801348,"action":"IDE_ACTIVATED"}
{"ts":1772474915548,"action":"IDE_DEACTIVATED"}
{"ts":1772474919268,"action":"IDE_ACTIVATED"}
{"ts":1772474966611,"action":"IDE_DEACTIVATED"}
{"ts":1772474999560,"action":"IDE_ACTIVATED"}
{"ts":1772475053113,"action":"IDE_DEACTIVATED"}
{"ts":1772475059324,"action":"IDE_ACTIVATED"}
{"ts":1772475063765,"action":"IDE_DEACTIVATED"}
{"ts":1772475118617,"action":"IDE_ACTIVATED"}
{"ts":1772475527983,"action":"IDE_DEACTIVATED"}
{"ts":1772475545996,"action":"IDE_ACTIVATED"}
{"ts":1772475553369,"action":"IDE_DEACTIVATED"}
{"ts":1772476779536,"action":"IDE_ACTIVATED"}
{"ts":1772476784101,"action":"IDE_DEACTIVATED"}
{"ts":1772476785820,"action":"IDE_ACTIVATED"}
{"ts":1772476793467,"action":"FILE_CLOSED","file":"/020320260332.txt","tags":{"FILE_LINE_OF_CODE":"3479"}}
{"ts":1772476793467,"action":"FILE_OPENED","file":"/faktury.db","tags":{"FILE_LINE_OF_CODE":"null"}}
{"ts":1772476814980,"action":"IDE_DEACTIVATED"}
{"ts":1772476866309,"action":"IDE_ACTIVATED"}
{"ts":1772476894571,"action":"IDE_DEACTIVATED"}
{"ts":1772476900199,"action":"IDE_ACTIVATED"}
{"ts":1772476906349,"action":"IDE_DEACTIVATED"}
{"ts":1772476966992,"action":"IDE_ACTIVATED"}
{"ts":1772477006566,"action":"IDE_DEACTIVATED"}
{"ts":1772477032356,"action":"IDE_ACTIVATED"}
{"ts":1772477556592,"action":"IDE_DEACTIVATED"}
{"ts":1772477594520,"action":"IDE_ACTIVATED"}
{"ts":1772477640269,"action":"IDE_DEACTIVATED"}
{"ts":1772477683042,"action":"IDE_ACTIVATED"}
{"ts":1772477692361,"action":"IDE_DEACTIVATED"}
{"ts":1772477757852,"action":"IDE_ACTIVATED"}
{"ts":1772477769850,"action":"IDE_DEACTIVATED"}
{"ts":1772477800504,"action":"IDE_ACTIVATED"}
{"ts":1772477862670,"action":"IDE_DEACTIVATED"}
{"ts":1772477867437,"action":"IDE_ACTIVATED"}
{"ts":1772477876825,"action":"IDE_DEACTIVATED"}
{"ts":1772477879950,"action":"IDE_ACTIVATED"}
{"ts":1772477895654,"action":"IDE_DEACTIVATED"}
{"ts":1772477897157,"action":"IDE_ACTIVATED"}
{"ts":1772478078428,"action":"IDE_DEACTIVATED"}
{"ts":1772478086668,"action":"IDE_ACTIVATED"}
{"ts":1772478115374,"action":"IDE_DEACTIVATED"}
{"ts":1772478117481,"action":"IDE_ACTIVATED"}
{"ts":1772478193574,"action":"IDE_DEACTIVATED"}
{"ts":1772478231181,"action":"IDE_ACTIVATED"}
{"ts":1772478241061,"action":"IDE_DEACTIVATED"}
{"ts":1772478264668,"action":"IDE_ACTIVATED"}
{"ts":1772478296077,"action":"IDE_DEACTIVATED"}
{"ts":1772478342925,"action":"IDE_ACTIVATED"}
{"ts":1772478346357,"action":"IDE_DEACTIVATED"}
{"ts":1772478371399,"action":"IDE_ACTIVATED"}
{"ts":1772478374283,"action":"IDE_DEACTIVATED"}
{"ts":1772478380068,"action":"IDE_ACTIVATED"}
{"ts":1772478439433,"action":"IDE_DEACTIVATED"}
{"ts":1772478441494,"action":"IDE_ACTIVATED"}
{"ts":1772478463543,"action":"FILE_CLOSED","file":"/faktury.db","tags":{"FILE_LINE_OF_CODE":"null"}}
{"ts":1772478463543,"action":"FILE_OPENED","file":"/database/models.py","tags":{"FILE_LINE_OF_CODE":"369"}}
{"ts":1772478710651,"action":"IDE_DEACTIVATED"}
{"ts":1772478713019,"action":"IDE_ACTIVATED"}
{"ts":1772478781975,"action":"IDE_DEACTIVATED"}
{"ts":1772478784667,"action":"IDE_ACTIVATED"}
{"ts":1772478860616,"action":"IDE_DEACTIVATED"}
{"ts":1772478862472,"action":"IDE_ACTIVATED"}
{"ts":1772478869094,"action":"IDE_DEACTIVATED"}
{"ts":1772479109744,"action":"IDE_ACTIVATED"}
{"ts":1772479400783,"action":"IDE_DEACTIVATED"}
{"ts":1772479407884,"action":"IDE_ACTIVATED"}
{"ts":1772479873006,"action":"IDE_DEACTIVATED"}
{"ts":1772479911044,"action":"IDE_ACTIVATED"}
{"ts":1772479963123,"action":"IDE_DEACTIVATED"}
{"ts":1772479965413,"action":"IDE_ACTIVATED"}
{"ts":1772480118198,"action":"IDE_DEACTIVATED"}
{"ts":1772480120586,"action":"IDE_ACTIVATED"}
{"ts":1772480126314,"action":"IDE_DEACTIVATED"}
{"ts":1772480150472,"action":"IDE_ACTIVATED"}
{"ts":1772480251027,"action":"IDE_DEACTIVATED"}
{"ts":1772480269505,"action":"IDE_ACTIVATED"}
{"ts":1772480280277,"action":"IDE_DEACTIVATED"}
{"ts":1772480323487,"action":"IDE_ACTIVATED"}
{"ts":1772480349773,"action":"IDE_DEACTIVATED"}
{"ts":1772480409340,"action":"IDE_ACTIVATED"}
{"ts":1772480454196,"action":"IDE_DEACTIVATED"}
{"ts":1772481364164,"action":"IDE_ACTIVATED"}
{"ts":1772481467839,"action":"IDE_DEACTIVATED"}
{"ts":1772481474252,"action":"IDE_ACTIVATED"}
{"ts":1772481588705,"action":"IDE_DEACTIVATED"}
{"ts":1772481883452,"action":"IDE_ACTIVATED"}
{"ts":1772481886385,"action":"IDE_DEACTIVATED"}
{"ts":1772481887739,"action":"IDE_ACTIVATED"}
{"ts":1772481899031,"action":"IDE_DEACTIVATED"}
{"ts":1772481917679,"action":"IDE_ACTIVATED"}
{"ts":1772481935446,"action":"IDE_DEACTIVATED"}
{"ts":1772481936295,"action":"IDE_ACTIVATED"}
{"ts":1772481936665,"action":"IDE_DEACTIVATED"}
{"ts":1772481936827,"action":"IDE_ACTIVATED"}
{"ts":1772482625963,"action":"IDE_DEACTIVATED"}
{"ts":1772482684388,"action":"IDE_ACTIVATED"}
{"ts":1772482713553,"action":"IDE_DEACTIVATED"}
{"ts":1772482737587,"action":"IDE_ACTIVATED"}
{"ts":1772482769790,"action":"IDE_DEACTIVATED"}
{"ts":1772482785621,"action":"IDE_ACTIVATED"}
{"ts":1772482836756,"action":"IDE_DEACTIVATED"}
{"ts":1772482839958,"action":"IDE_ACTIVATED"}
{"ts":1772482863534,"action":"IDE_DEACTIVATED"}
{"ts":1772482882697,"action":"IDE_ACTIVATED"}
{"ts":1772482885169,"action":"IDE_DEACTIVATED"}
{"ts":1772482893147,"action":"IDE_ACTIVATED"}
{"ts":1772482896557,"action":"IDE_DEACTIVATED"}
{"ts":1772483046266,"action":"IDE_ACTIVATED"}
{"ts":1772483054645,"action":"IDE_DEACTIVATED"}
{"ts":1772483593788,"action":"IDE_ACTIVATED"}
{"ts":1772483596270,"action":"IDE_DEACTIVATED"}
{"ts":1772483597295,"action":"IDE_ACTIVATED"}
{"ts":1772483628113,"action":"IDE_DEACTIVATED"}
{"ts":1772483629813,"action":"IDE_ACTIVATED"}
{"ts":1772483636020,"action":"IDE_DEACTIVATED"}
{"ts":1772483662327,"action":"IDE_ACTIVATED"}
{"ts":1772483666583,"action":"IDE_DEACTIVATED"}
{"ts":1772483667988,"action":"IDE_ACTIVATED"}
{"ts":1772483678565,"action":"IDE_DEACTIVATED"}
{"ts":1772483679691,"action":"IDE_ACTIVATED"}
{"ts":1772483681747,"action":"IDE_DEACTIVATED"}
{"ts":1772483704789,"action":"IDE_ACTIVATED"}
{"ts":1772483851903,"action":"IDE_DEACTIVATED"}
{"ts":1772483857919,"action":"IDE_ACTIVATED"}
{"ts":1772483863440,"action":"IDE_DEACTIVATED"}
{"ts":1772483910038,"action":"IDE_ACTIVATED"}
{"ts":1772483935258,"action":"IDE_DEACTIVATED"}
{"ts":1772484732374,"action":"IDE_ACTIVATED"}
{"ts":1772484741970,"action":"IDE_DEACTIVATED"}
{"ts":1772484746244,"action":"IDE_ACTIVATED"}
{"ts":1772484747612,"action":"IDE_DEACTIVATED"}
{"ts":1772484749165,"action":"IDE_ACTIVATED"}
{"ts":1772484749902,"action":"IDE_DEACTIVATED"}
{"ts":1772484752706,"action":"IDE_ACTIVATED"}
{"ts":1772484774640,"action":"IDE_DEACTIVATED"}
{"ts":1772484776596,"action":"IDE_ACTIVATED"}
{"ts":1772484832249,"action":"IDE_DEACTIVATED"}
{"ts":1772484840178,"action":"IDE_ACTIVATED"}
{"ts":1772484852768,"action":"IDE_DEACTIVATED"}
{"ts":1772484854068,"action":"IDE_ACTIVATED"}
{"ts":1772484858084,"action":"IDE_DEACTIVATED"}
{"ts":1772484858339,"action":"IDE_ACTIVATED"}
{"ts":1772484962121,"action":"IDE_DEACTIVATED"}
{"ts":1772484962324,"action":"IDE_ACTIVATED"}
{"ts":1772484963265,"action":"IDE_DEACTIVATED"}
{"ts":1772484964685,"action":"IDE_ACTIVATED"}
{"ts":1772485055162,"action":"IDE_DEACTIVATED"}
{"ts":1772485055985,"action":"IDE_ACTIVATED"}
{"ts":1772485192378,"action":"IDE_DEACTIVATED"}
{"ts":1772485194075,"action":"IDE_ACTIVATED"}
{"ts":1772485247833,"action":"IDE_DEACTIVATED"}
{"ts":1772485250553,"action":"IDE_ACTIVATED"}
{"ts":1772485274777,"action":"IDE_DEACTIVATED"}
{"ts":1772485276719,"action":"IDE_ACTIVATED"}
{"ts":1772485390193,"action":"IDE_DEACTIVATED"}
{"ts":1772485406783,"action":"IDE_ACTIVATED"}
{"ts":1772485447084,"action":"IDE_DEACTIVATED"}
{"ts":1772485452676,"action":"IDE_ACTIVATED"}
{"ts":1772485453798,"action":"IDE_DEACTIVATED"}
{"ts":1772485468433,"action":"IDE_ACTIVATED"}
{"ts":1772485469329,"action":"IDE_DEACTIVATED"}
{"ts":1772485480921,"action":"IDE_ACTIVATED"}
{"ts":1772485604850,"action":"IDE_DEACTIVATED"}
{"ts":1772485636827,"action":"IDE_ACTIVATED"}
{"ts":1772486347212,"action":"IDE_DEACTIVATED"}
{"ts":1772486366947,"action":"IDE_ACTIVATED"}
{"ts":1772486829046,"action":"IDE_DEACTIVATED"}
{"ts":1772486833684,"action":"IDE_ACTIVATED"}
{"ts":1772486913150,"action":"IDE_DEACTIVATED"}
{"ts":1772486917002,"action":"IDE_ACTIVATED"}
{"ts":1772486980424,"action":"IDE_DEACTIVATED"}
{"ts":1772487005086,"action":"IDE_ACTIVATED"}
{"ts":1772487198348,"action":"IDE_DEACTIVATED"}
{"ts":1772487239602,"action":"IDE_ACTIVATED"}
{"ts":1772487351161,"action":"IDE_DEACTIVATED"}
{"ts":1772487353187,"action":"IDE_ACTIVATED"}
{"ts":1772487367784,"action":"IDE_DEACTIVATED"}
{"ts":1772487582283,"action":"IDE_ACTIVATED"}
{"ts":1772487623111,"action":"IDE_DEACTIVATED"}
{"ts":1772487633082,"action":"IDE_ACTIVATED"}
{"ts":1772487644099,"action":"IDE_DEACTIVATED"}
{"ts":1772487657207,"action":"IDE_ACTIVATED"}
{"ts":1772487703967,"action":"IDE_DEACTIVATED"}
{"ts":1772487705800,"action":"IDE_ACTIVATED"}
{"ts":1772487720991,"action":"FILE_CLOSED","file":"/database/models.py","tags":{"FILE_LINE_OF_CODE":"369"}}
{"ts":1772487720991,"action":"FILE_OPENED","file":"/repositories/appointments/income_repository.py","tags":{"FILE_LINE_OF_CODE":"186"}}
{"ts":1772487965772,"action":"IDE_DEACTIVATED"}
{"ts":1772487981856,"action":"IDE_ACTIVATED"}
{"ts":1772488004567,"action":"IDE_DEACTIVATED"}
{"ts":1772488008746,"action":"IDE_ACTIVATED"}
{"ts":1772488486880,"action":"IDE_DEACTIVATED"}
{"ts":1772488499765,"action":"IDE_ACTIVATED"}
{"ts":1772488682725,"action":"IDE_DEACTIVATED"}
{"ts":1772488769960,"action":"IDE_ACTIVATED"}
{"ts":1772488773849,"action":"IDE_DEACTIVATED"}
{"ts":1772488778051,"action":"IDE_ACTIVATED"}
{"ts":1772488837951,"action":"IDE_DEACTIVATED"}
{"ts":1772488844478,"action":"IDE_ACTIVATED"}
{"ts":1772488975808,"action":"IDE_DEACTIVATED"}
{"ts":1772489023102,"action":"IDE_ACTIVATED"}
{"ts":1772489033855,"action":"IDE_DEACTIVATED"}
{"ts":1772489047409,"action":"IDE_ACTIVATED"}
{"ts":1772489095717,"action":"IDE_DEACTIVATED"}
{"ts":1772489163960,"action":"IDE_ACTIVATED"}
{"ts":1772489237617,"action":"IDE_DEACTIVATED"}
{"ts":1772489271629,"action":"IDE_ACTIVATED"}
{"ts":1772489345517,"action":"IDE_DEACTIVATED"}
{"ts":1772489348287,"action":"IDE_ACTIVATED"}
{"ts":1772489348631,"action":"IDE_DEACTIVATED"}
{"ts":1772489350441,"action":"IDE_ACTIVATED"}
{"ts":1772489357081,"action":"IDE_DEACTIVATED"}
{"ts":1772489445784,"action":"IDE_ACTIVATED"}
{"ts":1772489566311,"action":"IDE_DEACTIVATED"}
{"ts":1772489578509,"action":"IDE_ACTIVATED"}
{"ts":1772489641706,"action":"IDE_DEACTIVATED"}
{"ts":1772489642795,"action":"IDE_ACTIVATED"}
{"ts":1772489702720,"action":"IDE_DEACTIVATED"}
{"ts":1772489828578,"action":"IDE_ACTIVATED"}
{"ts":1772490324083,"action":"IDE_DEACTIVATED"}
{"ts":1772490345290,"action":"IDE_ACTIVATED"}
{"ts":1772490379619,"action":"IDE_DEACTIVATED"}
{"ts":1772490490612,"action":"IDE_ACTIVATED"}
{"ts":1772490500133,"action":"IDE_DEACTIVATED"}
{"ts":1772490506060,"action":"IDE_ACTIVATED"}
{"ts":1772490551154,"action":"IDE_DEACTIVATED"}
{"ts":1772490750422,"action":"IDE_ACTIVATED"}
{"ts":1772490763822,"action":"IDE_DEACTIVATED"}
{"ts":1772490791573,"action":"IDE_ACTIVATED"}
{"ts":1772490797743,"action":"IDE_DEACTIVATED"}
{"ts":1772491081587,"action":"IDE_ACTIVATED"}
{"ts":1772491622782,"action":"IDE_DEACTIVATED"}
{"ts":1772491625734,"action":"IDE_ACTIVATED"}
{"ts":1772491630298,"action":"IDE_DEACTIVATED"}
{"ts":1772491632695,"action":"IDE_ACTIVATED"}
{"ts":1772491635245,"action":"IDE_DEACTIVATED"}
{"ts":1772491635453,"action":"IDE_ACTIVATED"}
{"ts":1772491650535,"action":"IDE_DEACTIVATED"}
{"ts":1772491651601,"action":"IDE_ACTIVATED"}
{"ts":1772491652691,"action":"IDE_DEACTIVATED"}
{"ts":1772491731764,"action":"IDE_ACTIVATED"}
{"ts":1772491733141,"action":"IDE_DEACTIVATED"}
{"ts":1772491733539,"action":"IDE_ACTIVATED"}
{"ts":1772492175975,"action":"IDE_DEACTIVATED"}
{"ts":1772492176300,"action":"IDE_ACTIVATED"}
{"ts":1772492177632,"action":"IDE_DEACTIVATED"}
{"ts":1772492275402,"action":"IDE_ACTIVATED"}
{"ts":1772492466763,"action":"IDE_DEACTIVATED"}
{"ts":1772492472827,"action":"IDE_ACTIVATED"}
{"ts":1772492473713,"action":"IDE_DEACTIVATED"}
{"ts":1772492482331,"action":"IDE_ACTIVATED"}
{"ts":1772493059054,"action":"IDE_DEACTIVATED"}
{"ts":1772493243606,"action":"IDE_ACTIVATED"}
{"ts":1772493244437,"action":"IDE_DEACTIVATED"}
{"ts":1772493246628,"action":"IDE_ACTIVATED"}
{"ts":1772493261621,"action":"IDE_DEACTIVATED"}
{"ts":1772493261881,"action":"IDE_ACTIVATED"}
{"ts":1772493262490,"action":"IDE_DEACTIVATED"}
{"ts":1772493280609,"action":"IDE_ACTIVATED"}
{"ts":1772493568577,"action":"IDE_DEACTIVATED"}
{"ts":1772493572856,"action":"IDE_ACTIVATED"}
{"ts":1772493577759,"action":"IDE_DEACTIVATED"}
{"ts":1772493580232,"action":"IDE_ACTIVATED"}
{"ts":1772493581800,"action":"IDE_DEACTIVATED"}
{"ts":1772493583158,"action":"IDE_ACTIVATED"}
{"ts":1772493597086,"action":"IDE_DEACTIVATED"}
{"ts":1772493597310,"action":"IDE_ACTIVATED"}
{"ts":1772493598248,"action":"IDE_DEACTIVATED"}
{"ts":1772493661061,"action":"IDE_ACTIVATED"}
{"ts":1772493662734,"action":"IDE_DEACTIVATED"}
{"ts":1772493663137,"action":"IDE_ACTIVATED"}
{"ts":1772493715505,"action":"IDE_DEACTIVATED"}
{"ts":1772493718272,"action":"IDE_ACTIVATED"}
{"ts":1772493720620,"action":"IDE_DEACTIVATED"}
{"ts":1772493741069,"action":"IDE_ACTIVATED"}
{"ts":1772493792798,"action":"IDE_DEACTIVATED"}
{"ts":1772493795242,"action":"IDE_ACTIVATED"}
{"ts":1772494043430,"action":"IDE_DEACTIVATED"}
{"ts":1772494046413,"action":"IDE_ACTIVATED"}
{"ts":1772494505918,"action":"IDE_DEACTIVATED"}
{"ts":1772494559715,"action":"IDE_ACTIVATED"}
{"ts":1772494586175,"action":"IDE_DEACTIVATED"}
{"ts":1772494988142,"action":"IDE_ACTIVATED"}
{"ts":1772495043755,"action":"IDE_DEACTIVATED"}
{"ts":1772495045625,"action":"IDE_ACTIVATED"}
{"ts":1772495047716,"action":"IDE_DEACTIVATED"}
{"ts":1772495051027,"action":"IDE_ACTIVATED"}
{"ts":1772495054366,"action":"IDE_DEACTIVATED"}
{"ts":1772495065570,"action":"IDE_ACTIVATED"}
{"ts":1772495119627,"action":"IDE_DEACTIVATED"}
{"ts":1772495126194,"action":"IDE_ACTIVATED"}
{"ts":1772495128742,"action":"IDE_DEACTIVATED"}
{"ts":1772495131953,"action":"IDE_ACTIVATED"}
{"ts":1772495148090,"action":"IDE_DEACTIVATED"}
{"ts":1772495152421,"action":"IDE_ACTIVATED"}
{"ts":1772495208921,"action":"IDE_DEACTIVATED"}
{"ts":1772495365883,"action":"IDE_ACTIVATED"}
{"ts":1772495604636,"action":"IDE_DEACTIVATED"}
{"ts":1772495649243,"action":"IDE_ACTIVATED"}
{"ts":1772495991717,"action":"IDE_DEACTIVATED"}
{"ts":1772496049646,"action":"IDE_ACTIVATED"}
{"ts":1772496069437,"action":"IDE_DEACTIVATED"}
{"ts":1772496185676,"action":"IDE_ACTIVATED"}
{"ts":1772496189516,"action":"IDE_DEACTIVATED"}
{"ts":1772496196313,"action":"IDE_ACTIVATED"}
{"ts":1772496209978,"action":"IDE_DEACTIVATED"}
{"ts":1772496217445,"action":"IDE_ACTIVATED"}
{"ts":1772496246919,"action":"IDE_DEACTIVATED"}
{"ts":1772496251319,"action":"IDE_ACTIVATED"}
{"ts":1772496318637,"action":"IDE_DEACTIVATED"}
{"ts":1772496346709,"action":"IDE_ACTIVATED"}
{"ts":1772496462300,"action":"IDE_DEACTIVATED"}
{"ts":1772496528367,"action":"IDE_ACTIVATED"}
{"ts":1772496536246,"action":"IDE_DEACTIVATED"}
{"ts":1772496548891,"action":"IDE_ACTIVATED"}
{"ts":1772496575748,"action":"IDE_DEACTIVATED"}
{"ts":1772496578216,"action":"IDE_ACTIVATED"}
{"ts":1772497253976,"action":"IDE_DEACTIVATED"}
{"ts":1772497254371,"action":"IDE_ACTIVATED"}
{"ts":1772497532463,"action":"IDE_DEACTIVATED"}
{"ts":1772497534432,"action":"IDE_ACTIVATED"}
{"ts":1772497584510,"action":"IDE_DEACTIVATED"}
{"ts":1772498029834,"action":"IDE_ACTIVATED"}
{"ts":1772498035659,"action":"IDE_DEACTIVATED"}
{"ts":1772498051378,"action":"IDE_ACTIVATED"}
{"ts":1772498053051,"action":"IDE_DEACTIVATED"}
{"ts":1772498054309,"action":"IDE_ACTIVATED"}
{"ts":1772498120576,"action":"IDE_DEACTIVATED"}
{"ts":1772498120721,"action":"IDE_ACTIVATED"}
{"ts":1772498166720,"action":"IDE_ACTIVATED"}
{"ts":1772498172156,"action":"IDE_DEACTIVATED"}
{"ts":1772498173467,"action":"IDE_ACTIVATED"}
{"ts":1772498190958,"action":"IDE_DEACTIVATED"}
{"ts":1772498191096,"action":"IDE_ACTIVATED"}
{"ts":1772498191784,"action":"IDE_DEACTIVATED"}
{"ts":1772498195649,"action":"IDE_ACTIVATED"}
{"ts":1772498206549,"action":"IDE_DEACTIVATED"}
{"ts":1772498212062,"action":"IDE_ACTIVATED"}
{"ts":1772498216522,"action":"IDE_DEACTIVATED"}
{"ts":1772498222382,"action":"IDE_ACTIVATED"}
{"ts":1772498223431,"action":"IDE_DEACTIVATED"}
{"ts":1772498224755,"action":"IDE_ACTIVATED"}
{"ts":1772498250159,"action":"IDE_DEACTIVATED"}
{"ts":1772498260336,"action":"IDE_ACTIVATED"}
{"ts":1772498270285,"action":"IDE_DEACTIVATED"}
{"ts":1772498275911,"action":"IDE_ACTIVATED"}
{"ts":1772498289168,"action":"IDE_DEACTIVATED"}
{"ts":1772498334701,"action":"IDE_ACTIVATED"}
{"ts":1772498395108,"action":"IDE_DEACTIVATED"}
{"ts":1772498462556,"action":"IDE_ACTIVATED"}
{"ts":1772498534144,"action":"IDE_DEACTIVATED"}
{"ts":1772498561432,"action":"IDE_ACTIVATED"}
{"ts":1772498565039,"action":"IDE_DEACTIVATED"}
{"ts":1772498586266,"action":"IDE_ACTIVATED"}
{"ts":1772498598737,"action":"IDE_DEACTIVATED"}
{"ts":1772498645331,"action":"IDE_ACTIVATED"}
{"ts":1772498652953,"action":"IDE_DEACTIVATED"}
{"ts":1772498722003,"action":"IDE_ACTIVATED"}
{"ts":1772498730139,"action":"IDE_DEACTIVATED"}
{"ts":1772498815241,"action":"IDE_ACTIVATED"}
{"ts":1772498837547,"action":"IDE_DEACTIVATED"}
{"ts":1772498871988,"action":"IDE_ACTIVATED"}
{"ts":1772498877731,"action":"IDE_DEACTIVATED"}
{"ts":1772498879086,"action":"IDE_ACTIVATED"}
{"ts":1772498885267,"action":"IDE_DEACTIVATED"}
{"ts":1772498920741,"action":"IDE_ACTIVATED"}
{"ts":1772498937311,"action":"IDE_DEACTIVATED"}
{"ts":1772499033835,"action":"IDE_ACTIVATED"}
{"ts":1772499037092,"action":"IDE_DEACTIVATED"}
{"ts":1772499037869,"action":"IDE_ACTIVATED"}
{"ts":1772499113707,"action":"IDE_DEACTIVATED"}
{"ts":1772499231004,"action":"IDE_ACTIVATED"}
{"ts":1772499237131,"action":"IDE_DEACTIVATED"}
{"ts":1772499238456,"action":"IDE_ACTIVATED"}
{"ts":1772499257881,"action":"IDE_DEACTIVATED"}
{"ts":1772499367351,"action":"IDE_ACTIVATED"}
{"ts":1772499464788,"action":"IDE_DEACTIVATED"}
{"ts":1772499500473,"action":"IDE_ACTIVATED"}
{"ts":1772499514070,"action":"IDE_DEACTIVATED"}
{"ts":1772499557430,"action":"IDE_ACTIVATED"}
{"ts":1772499576094,"action":"IDE_DEACTIVATED"}
{"ts":1772499592568,"action":"IDE_ACTIVATED"}
{"ts":1772499601221,"action":"IDE_DEACTIVATED"}
{"ts":1772499604206,"action":"IDE_ACTIVATED"}
{"ts":1772499631586,"action":"IDE_DEACTIVATED"}
{"ts":1772499644795,"action":"IDE_ACTIVATED"}
{"ts":1772499686033,"action":"IDE_DEACTIVATED"}
{"ts":1772499703749,"action":"IDE_ACTIVATED"}
{"ts":1772499798448,"action":"IDE_DEACTIVATED"}
{"ts":1772499845097,"action":"IDE_ACTIVATED"}
{"ts":1772499851563,"action":"IDE_DEACTIVATED"}
{"ts":1772499927308,"action":"IDE_ACTIVATED"}
{"ts":1772499937173,"action":"IDE_DEACTIVATED"}
{"ts":1772499938633,"action":"IDE_ACTIVATED"}
{"ts":1772499941370,"action":"IDE_DEACTIVATED"}
{"ts":1772499942381,"action":"IDE_ACTIVATED"}
{"ts":1772499956596,"action":"IDE_DEACTIVATED"}
{"ts":1772499958635,"action":"IDE_ACTIVATED"}
{"ts":1772499968582,"action":"IDE_DEACTIVATED"}
{"ts":1772499974203,"action":"IDE_ACTIVATED"}
{"ts":1772499983112,"action":"IDE_DEACTIVATED"}
{"ts":1772499994136,"action":"IDE_ACTIVATED"}
{"ts":1772500025203,"action":"IDE_DEACTIVATED"}
{"ts":1772500040120,"action":"IDE_ACTIVATED"}
{"ts":1772500061618,"action":"IDE_DEACTIVATED"}
{"ts":1772500121582,"action":"IDE_ACTIVATED"}
{"ts":1772500278969,"action":"IDE_DEACTIVATED"}
{"ts":1772500281096,"action":"IDE_ACTIVATED"}
{"ts":1772500289269,"action":"IDE_DEACTIVATED"}
{"ts":1772500296541,"action":"IDE_ACTIVATED"}
{"ts":1772500303005,"action":"IDE_DEACTIVATED"}
{"ts":1772500304307,"action":"IDE_ACTIVATED"}
{"ts":1772500336162,"action":"IDE_DEACTIVATED"}
{"ts":1772500337935,"action":"IDE_ACTIVATED"}
{"ts":1772500338713,"action":"IDE_DEACTIVATED"}
{"ts":1772500341676,"action":"IDE_ACTIVATED"}
{"ts":1772500632885,"action":"IDE_DEACTIVATED"}
{"ts":1772500650542,"action":"IDE_ACTIVATED"}
{"ts":1772500661764,"action":"IDE_DEACTIVATED"}
{"ts":1772500665157,"action":"IDE_ACTIVATED"}
{"ts":1772500669308,"action":"IDE_DEACTIVATED"}
{"ts":1772500673551,"action":"IDE_ACTIVATED"}
{"ts":1772500679541,"action":"IDE_DEACTIVATED"}
{"ts":1772500686278,"action":"IDE_ACTIVATED"}
{"ts":1772500687237,"action":"IDE_DEACTIVATED"}
{"ts":1772500691990,"action":"IDE_ACTIVATED"}
{"ts":1772500699002,"action":"IDE_DEACTIVATED"}
{"ts":1772500700664,"action":"IDE_ACTIVATED"}
{"ts":1772500702375,"action":"IDE_DEACTIVATED"}
{"ts":1772500704634,"action":"IDE_ACTIVATED"}
{"ts":1772500734835,"action":"IDE_DEACTIVATED"}
{"ts":1772500740501,"action":"IDE_ACTIVATED"}
{"ts":1772500748551,"action":"IDE_DEACTIVATED"}
{"ts":1772500756731,"action":"IDE_ACTIVATED"}
{"ts":1772500759320,"action":"IDE_DEACTIVATED"}
{"ts":1772500760654,"action":"IDE_ACTIVATED"}
{"ts":1772500770131,"action":"IDE_DEACTIVATED"}
{"ts":1772500771846,"action":"IDE_ACTIVATED"}
{"ts":1772500798951,"action":"IDE_DEACTIVATED"}
{"ts":1772500800429,"action":"IDE_ACTIVATED"}
{"ts":1772500800867,"action":"IDE_DEACTIVATED"}
{"ts":1772500801000,"action":"IDE_ACTIVATED"}
{"ts":1772500802414,"action":"IDE_DEACTIVATED"}
{"ts":1772500910583,"action":"IDE_ACTIVATED"}
{"ts":1772500953549,"action":"IDE_DEACTIVATED"}
{"ts":1772500975570,"action":"IDE_ACTIVATED"}
{"ts":1772501437679,"action":"IDE_DEACTIVATED"}
{"ts":1772501452126,"action":"IDE_ACTIVATED"}
{"ts":1772501492772,"action":"IDE_DEACTIVATED"}
{"ts":1772501496840,"action":"IDE_ACTIVATED"}
{"ts":1772501502888,"action":"IDE_DEACTIVATED"}
{"ts":1772501505019,"action":"IDE_ACTIVATED"}
{"ts":1772501511210,"action":"IDE_DEACTIVATED"}
{"ts":1772501533870,"action":"IDE_ACTIVATED"}
{"ts":1772501661089,"action":"IDE_DEACTIVATED"}
{"ts":1772501825362,"action":"IDE_ACTIVATED"}
{"ts":1772501827071,"action":"IDE_DEACTIVATED"}
{"ts":1772501832625,"action":"IDE_ACTIVATED"}
{"ts":1772501874724,"action":"IDE_DEACTIVATED"}
{"ts":1772501876682,"action":"IDE_ACTIVATED"}
{"ts":1772502084811,"action":"IDE_DEACTIVATED"}
{"ts":1772502100280,"action":"IDE_ACTIVATED"}
{"ts":1772502118407,"action":"IDE_DEACTIVATED"}
{"ts":1772502121043,"action":"IDE_ACTIVATED"}
{"ts":1772502130913,"action":"IDE_DEACTIVATED"}
{"ts":1772502176010,"action":"IDE_ACTIVATED"}
{"ts":1772502412646,"action":"IDE_DEACTIVATED"}
{"ts":1772502415765,"action":"IDE_ACTIVATED"}
{"ts":1772502428663,"action":"FILE_CLOSED","file":"/repositories/appointments/income_repository.py","tags":{"FILE_LINE_OF_CODE":"186"}}
{"ts":1772502428663,"action":"FILE_OPENED","file":"/templates/analytics/dashboard.html","tags":{"FILE_LINE_OF_CODE":"422"}}
{"ts":1772502559437,"action":"IDE_DEACTIVATED"}
{"ts":1772502559589,"action":"IDE_ACTIVATED"}
{"ts":1772502560192,"action":"IDE_DEACTIVATED"}
{"ts":1772502588234,"action":"IDE_ACTIVATED"}
{"ts":1772502591986,"action":"IDE_DEACTIVATED"}
{"ts":1772502602189,"action":"IDE_ACTIVATED"}
{"ts":1772502767662,"action":"IDE_DEACTIVATED"}
{"ts":1772502769671,"action":"IDE_ACTIVATED"}
{"ts":1772502774103,"action":"IDE_DEACTIVATED"}
{"ts":1772502774399,"action":"IDE_ACTIVATED"}
{"ts":1772502776278,"action":"IDE_DEACTIVATED"}
{"ts":1772502776581,"action":"IDE_ACTIVATED"}
{"ts":1772502778766,"action":"IDE_DEACTIVATED"}
{"ts":1772502785250,"action":"IDE_ACTIVATED"}
{"ts":1772502798181,"action":"IDE_DEACTIVATED"}
{"ts":1772502807494,"action":"IDE_ACTIVATED"}
{"ts":1772502854007,"action":"IDE_DEACTIVATED"}
{"ts":1772502856016,"action":"IDE_ACTIVATED"}
{"ts":1772502859854,"action":"IDE_DEACTIVATED"}
{"ts":1772502859864,"action":"IDE_ACTIVATED"}
{"ts":1772502873045,"action":"IDE_DEACTIVATED"}
{"ts":1772502889271,"action":"IDE_ACTIVATED"}
{"ts":1772502894579,"action":"IDE_DEACTIVATED"}
{"ts":1772502897653,"action":"IDE_ACTIVATED"}
{"ts":1772502927094,"action":"IDE_DEACTIVATED"}
{"ts":1772502934762,"action":"IDE_ACTIVATED"}
{"ts":1772502938228,"action":"IDE_DEACTIVATED"}
{"ts":1772502991246,"action":"IDE_ACTIVATED"}
{"ts":1772503002548,"action":"IDE_DEACTIVATED"}
{"ts":1772503017940,"action":"IDE_ACTIVATED"}
{"ts":1772503076825,"action":"IDE_DEACTIVATED"}
{"ts":1772503082686,"action":"IDE_ACTIVATED"}
{"ts":1772503116487,"action":"IDE_DEACTIVATED"}
{"ts":1772503119056,"action":"IDE_ACTIVATED"}
{"ts":1772503153947,"action":"IDE_DEACTIVATED"}
{"ts":1772503257505,"action":"IDE_ACTIVATED"}
{"ts":1772503277364,"action":"IDE_DEACTIVATED"}
{"ts":1772503279352,"action":"IDE_ACTIVATED"}
{"ts":1772503292223,"action":"IDE_DEACTIVATED"}
{"ts":1772503314381,"action":"IDE_ACTIVATED"}
{"ts":1772503379628,"action":"IDE_DEACTIVATED"}
{"ts":1772503382111,"action":"IDE_ACTIVATED"}
{"ts":1772503398279,"action":"IDE_DEACTIVATED"}
{"ts":1772503400590,"action":"IDE_ACTIVATED"}
{"ts":1772503403861,"action":"IDE_DEACTIVATED"}
{"ts":1772503403977,"action":"IDE_ACTIVATED"}
{"ts":1772503405695,"action":"IDE_DEACTIVATED"}
{"ts":1772503410180,"action":"IDE_ACTIVATED"}
{"ts":1772503412234,"action":"IDE_DEACTIVATED"}
{"ts":1772503421435,"action":"IDE_ACTIVATED"}
{"ts":1772503422770,"action":"IDE_DEACTIVATED"}
{"ts":1772503422841,"action":"IDE_ACTIVATED"}
{"ts":1772503427616,"action":"IDE_DEACTIVATED"}
{"ts":1772503441205,"action":"IDE_ACTIVATED"}
{"ts":1772503693110,"action":"IDE_DEACTIVATED"}
{"ts":1772503774234,"action":"IDE_ACTIVATED"}
{"ts":1772503814833,"action":"IDE_DEACTIVATED"}
{"ts":1772503816605,"action":"IDE_ACTIVATED"}
{"ts":1772503828029,"action":"IDE_DEACTIVATED"}
{"ts":1772503849481,"action":"IDE_ACTIVATED"}
{"ts":1772503851497,"action":"IDE_DEACTIVATED"}
{"ts":1772503851581,"action":"IDE_ACTIVATED"}
{"ts":1772503863205,"action":"IDE_DEACTIVATED"}
{"ts":1772503863321,"action":"IDE_ACTIVATED"}
{"ts":1772503864000,"action":"IDE_DEACTIVATED"}
{"ts":1772503896069,"action":"IDE_ACTIVATED"}
{"ts":1772503916848,"action":"IDE_DEACTIVATED"}
{"ts":1772503919676,"action":"IDE_ACTIVATED"}
{"ts":1772503985917,"action":"IDE_DEACTIVATED"}
{"ts":1772503997330,"action":"IDE_ACTIVATED"}
{"ts":1772504014529,"action":"IDE_DEACTIVATED"}
{"ts":1772504016681,"action":"IDE_ACTIVATED"}
{"ts":1772504019737,"action":"IDE_DEACTIVATED"}
{"ts":1772504021701,"action":"IDE_ACTIVATED"}
{"ts":1772504044659,"action":"IDE_DEACTIVATED"}
{"ts":1772504055660,"action":"IDE_ACTIVATED"}
{"ts":1772504103072,"action":"IDE_DEACTIVATED"}
{"ts":1772504121457,"action":"IDE_ACTIVATED"}
{"ts":1772504133937,"action":"IDE_DEACTIVATED"}
{"ts":1772504136048,"action":"IDE_ACTIVATED"}
{"ts":1772504140137,"action":"IDE_DEACTIVATED"}
{"ts":1772504141303,"action":"IDE_ACTIVATED"}
{"ts":1772504220021,"action":"IDE_DEACTIVATED"}
{"ts":1772504364414,"action":"IDE_ACTIVATED"}
{"ts":1772504372225,"action":"IDE_DEACTIVATED"}
{"ts":1772504377816,"action":"IDE_ACTIVATED"}
{"ts":1772504381737,"action":"IDE_DEACTIVATED"}
{"ts":1772504387416,"action":"IDE_ACTIVATED"}
{"ts":1772504402080,"action":"IDE_DEACTIVATED"}
{"ts":1772504406612,"action":"IDE_ACTIVATED"}
{"ts":1772504408481,"action":"IDE_DEACTIVATED"}
{"ts":1772504411358,"action":"IDE_ACTIVATED"}
{"ts":1772504416426,"action":"IDE_DEACTIVATED"}
{"ts":1772504447573,"action":"IDE_ACTIVATED"}
{"ts":1772504538653,"action":"IDE_DEACTIVATED"}
{"ts":1772504540018,"action":"IDE_ACTIVATED"}
{"ts":1772504706830,"action":"IDE_DEACTIVATED"}
{"ts":1772504713287,"action":"IDE_ACTIVATED"}
{"ts":1772504802232,"action":"IDE_DEACTIVATED"}
{"ts":1772504807954,"action":"IDE_ACTIVATED"}
{"ts":1772504817615,"action":"IDE_DEACTIVATED"}
{"ts":1772504827675,"action":"IDE_ACTIVATED"}
{"ts":1772504834026,"action":"IDE_DEACTIVATED"}
{"ts":1772504836682,"action":"IDE_ACTIVATED"}
{"ts":1772504846057,"action":"IDE_DEACTIVATED"}
{"ts":1772504852369,"action":"IDE_ACTIVATED"}
{"ts":1772504857556,"action":"IDE_DEACTIVATED"}
{"ts":1772504912050,"action":"IDE_ACTIVATED"}
{"ts":1772505045214,"action":"IDE_DEACTIVATED"}
{"ts":1772505066382,"action":"IDE_ACTIVATED"}
{"ts":1772505072976,"action":"IDE_DEACTIVATED"}
{"ts":1772505076917,"action":"IDE_ACTIVATED"}
{"ts":1772505099440,"action":"IDE_DEACTIVATED"}
{"ts":1772505100517,"action":"IDE_ACTIVATED"}
{"ts":1772505103887,"action":"IDE_DEACTIVATED"}
{"ts":1772505104899,"action":"IDE_ACTIVATED"}
{"ts":1772505152180,"action":"IDE_DEACTIVATED"}
{"ts":1772505155069,"action":"IDE_ACTIVATED"}
{"ts":1772505277924,"action":"IDE_DEACTIVATED"}
{"ts":1772505318792,"action":"IDE_ACTIVATED"}
{"ts":1772505322859,"action":"IDE_DEACTIVATED"}
{"ts":1772505347909,"action":"IDE_ACTIVATED"}
{"ts":1772505365583,"action":"IDE_DEACTIVATED"}
{"ts":1772505426754,"action":"IDE_ACTIVATED"}
{"ts":1772505430271,"action":"IDE_DEACTIVATED"}
{"ts":1772505431272,"action":"IDE_ACTIVATED"}
{"ts":1772505465579,"action":"IDE_DEACTIVATED"}
{"ts":1772505529846,"action":"IDE_ACTIVATED"}
{"ts":1772505663951,"action":"IDE_DEACTIVATED"}
{"ts":1772505779902,"action":"IDE_ACTIVATED"}
{"ts":1772505799193,"action":"IDE_DEACTIVATED"}
{"ts":1772505831671,"action":"IDE_ACTIVATED"}
{"ts":1772505837850,"action":"IDE_DEACTIVATED"}
{"ts":1772505840176,"action":"IDE_ACTIVATED"}
{"ts":1772505842894,"action":"IDE_DEACTIVATED"}
{"ts":1772505844257,"action":"IDE_ACTIVATED"}
{"ts":1772506023774,"action":"IDE_DEACTIVATED"}
{"ts":1772506031468,"action":"IDE_ACTIVATED"}
{"ts":1772506040278,"action":"IDE_DEACTIVATED"}
{"ts":1772506291286,"action":"IDE_ACTIVATED"}
{"ts":1772506400741,"action":"IDE_DEACTIVATED"}
{"ts":1772506402376,"action":"IDE_ACTIVATED"}
{"ts":1772506420289,"action":"FILE_CLOSED","file":"/templates/analytics/dashboard.html","tags":{"FILE_LINE_OF_CODE":"421"}}
{"ts":1772506420289,"action":"FILE_OPENED","file":"/database/models.py","tags":{"FILE_LINE_OF_CODE":"369"}}
{"ts":1772506456053,"action":"IDE_DEACTIVATED"}
{"ts":1772506456153,"action":"IDE_ACTIVATED"}
{"ts":1772506593851,"action":"IDE_DEACTIVATED"}
{"ts":1772506982258,"action":"IDE_ACTIVATED"}
{"ts":1772507024223,"action":"IDE_DEACTIVATED"}
{"ts":1772507142856,"action":"IDE_ACTIVATED"}
{"ts":1772507154857,"action":"IDE_DEACTIVATED"}
{"ts":1772507168809,"action":"IDE_ACTIVATED"}
{"ts":1772507180494,"action":"IDE_DEACTIVATED"}
{"ts":1772507453358,"action":"IDE_ACTIVATED"}
{"ts":1772507469511,"action":"IDE_DEACTIVATED"}
{"ts":1772507601075,"action":"IDE_ACTIVATED"}
{"ts":1772507601776,"action":"IDE_DEACTIVATED"}
{"ts":1772507602694,"action":"IDE_ACTIVATED"}
{"ts":1772507615743,"action":"IDE_DEACTIVATED"}
{"ts":1772507616460,"action":"IDE_ACTIVATED"}
{"ts":1772507617824,"action":"IDE_DEACTIVATED"}
{"ts":1772507646650,"action":"IDE_ACTIVATED"}
{"ts":1772507647548,"action":"IDE_DEACTIVATED"}
{"ts":1772507648209,"action":"IDE_ACTIVATED"}
{"ts":1772507650836,"action":"IDE_DEACTIVATED"}
{"ts":1772507650924,"action":"IDE_ACTIVATED"}
{"ts":1772507651734,"action":"IDE_DEACTIVATED"}
{"ts":1772507659412,"action":"IDE_ACTIVATED"}
{"ts":1772507660075,"action":"IDE_DEACTIVATED"}
{"ts":1772507660314,"action":"IDE_ACTIVATED"}
{"ts":1772507662413,"action":"IDE_DEACTIVATED"}
{"ts":1772507662505,"action":"IDE_ACTIVATED"}
{"ts":1772507663605,"action":"IDE_DEACTIVATED"}
{"ts":1772507851443,"action":"IDE_ACTIVATED"}
{"ts":1772507995509,"action":"IDE_DEACTIVATED"}
{"ts":1772508061357,"action":"IDE_ACTIVATED"}
{"ts":1772508066124,"action":"IDE_DEACTIVATED"}
{"ts":1772508145012,"action":"IDE_ACTIVATED"}
{"ts":1772508153786,"action":"IDE_DEACTIVATED"}
{"ts":1772508177251,"action":"IDE_ACTIVATED"}
{"ts":1772508182571,"action":"IDE_DEACTIVATED"}
{"ts":1772508213274,"action":"IDE_ACTIVATED"}
{"ts":1772508260653,"action":"IDE_DEACTIVATED"}
{"ts":1772508262731,"action":"IDE_ACTIVATED"}
{"ts":1772508263911,"action":"IDE_DEACTIVATED"}
{"ts":1772508266885,"action":"IDE_ACTIVATED"}
{"ts":1772508269109,"action":"IDE_DEACTIVATED"}
{"ts":1772508292203,"action":"IDE_ACTIVATED"}
{"ts":1772508616825,"action":"IDE_DEACTIVATED"}
{"ts":1772508622341,"action":"IDE_ACTIVATED"}
{"ts":1772508628460,"action":"IDE_DEACTIVATED"}
{"ts":1772508639712,"action":"IDE_ACTIVATED"}
{"ts":1772508650297,"action":"IDE_DEACTIVATED"}
{"ts":1772508678076,"action":"IDE_ACTIVATED"}
{"ts":1772508691255,"action":"IDE_DEACTIVATED"}
{"ts":1772508842687,"action":"IDE_ACTIVATED"}
{"ts":1772508860060,"action":"FILE_CLOSED","file":"/database/models.py","tags":{"FILE_LINE_OF_CODE":"369"}}
{"ts":1772508860060,"action":"FILE_OPENED","file":"/templates/components/sidebar.html","tags":{"FILE_LINE_OF_CODE":"197"}}
{"ts":1772508941686,"action":"FILE_CLOSED","file":"/templates/components/sidebar.html","tags":{"FILE_LINE_OF_CODE":"197"}}
{"ts":1772508941686,"action":"FILE_OPENED","file":"/templates/analytics/dashboard.html","tags":{"FILE_LINE_OF_CODE":"421"}}
{"ts":1772508955523,"action":"IDE_DEACTIVATED"}
{"ts":1772508993238,"action":"IDE_ACTIVATED"}
{"ts":1772508993793,"action":"IDE_DEACTIVATED"}
{"ts":1772509039314,"action":"IDE_ACTIVATED"}
{"ts":1772509039559,"action":"IDE_DEACTIVATED"}
{"ts":1772509041347,"action":"IDE_ACTIVATED"}
{"ts":1772509137516,"action":"IDE_DEACTIVATED"}
{"ts":1772509139636,"action":"IDE_ACTIVATED"}
{"ts":1772509163381,"action":"IDE_DEACTIVATED"}
{"ts":1772509165616,"action":"IDE_ACTIVATED"}
{"ts":1772509216658,"action":"IDE_DEACTIVATED"}
{"ts":1772509231696,"action":"IDE_ACTIVATED"}
{"ts":1772509247399,"action":"IDE_DEACTIVATED"}
{"ts":1772509248457,"action":"IDE_ACTIVATED"}
{"ts":1772509254157,"action":"IDE_DEACTIVATED"}
{"ts":1772509257774,"action":"IDE_ACTIVATED"}
{"ts":1772509283366,"action":"IDE_DEACTIVATED"}
{"ts":1772509284289,"action":"IDE_ACTIVATED"}
{"ts":1772509307251,"action":"IDE_DEACTIVATED"}
{"ts":1772509311668,"action":"IDE_ACTIVATED"}
{"ts":1772509320377,"action":"IDE_DEACTIVATED"}
{"ts":1772509321742,"action":"IDE_ACTIVATED"}
{"ts":1772509331236,"action":"IDE_DEACTIVATED"}
{"ts":1772509333309,"action":"IDE_ACTIVATED"}
{"ts":1772509336515,"action":"IDE_DEACTIVATED"}
{"ts":1772509337890,"action":"IDE_ACTIVATED"}
{"ts":1772509359074,"action":"IDE_DEACTIVATED"}
{"ts":1772509360070,"action":"IDE_ACTIVATED"}
{"ts":1772509360701,"action":"IDE_DEACTIVATED"}
{"ts":1772509363571,"action":"IDE_ACTIVATED"}
{"ts":1772509389896,"action":"IDE_DEACTIVATED"}
{"ts":1772509392290,"action":"IDE_ACTIVATED"}
{"ts":1772509397695,"action":"IDE_DEACTIVATED"}
{"ts":1772509399897,"action":"IDE_ACTIVATED"}
{"ts":1772509412441,"action":"IDE_DEACTIVATED"}
{"ts":1772509415278,"action":"IDE_ACTIVATED"}
{"ts":1772509415700,"action":"IDE_DEACTIVATED"}
{"ts":1772509416751,"action":"IDE_ACTIVATED"}
{"ts":1772509418408,"action":"IDE_DEACTIVATED"}
{"ts":1772509419282,"action":"IDE_ACTIVATED"}
{"ts":1772509421947,"action":"IDE_DEACTIVATED"}
{"ts":1772509423154,"action":"IDE_ACTIVATED"}
{"ts":1772509436030,"action":"IDE_DEACTIVATED"}
{"ts":1772509438133,"action":"IDE_ACTIVATED"}
{"ts":1772509451089,"action":"IDE_DEACTIVATED"}
{"ts":1772509452292,"action":"IDE_ACTIVATED"}
{"ts":1772509455719,"action":"IDE_DEACTIVATED"}
{"ts":1772509458523,"action":"IDE_ACTIVATED"}
{"ts":1772509465260,"action":"IDE_DEACTIVATED"}
{"ts":1772509466850,"action":"IDE_ACTIVATED"}
{"ts":1772509504008,"action":"IDE_DEACTIVATED"}
{"ts":1772509505083,"action":"IDE_ACTIVATED"}
{"ts":1772509509061,"action":"IDE_DEACTIVATED"}
{"ts":1772509520038,"action":"IDE_ACTIVATED"}
{"ts":1772509525284,"action":"IDE_DEACTIVATED"}
{"ts":1772509529206,"action":"IDE_ACTIVATED"}
{"ts":1772509540429,"action":"IDE_DEACTIVATED"}
{"ts":1772509543891,"action":"IDE_ACTIVATED"}
{"ts":1772509553959,"action":"IDE_DEACTIVATED"}
{"ts":1772509556025,"action":"IDE_ACTIVATED"}
{"ts":1772509559662,"action":"IDE_DEACTIVATED"}
{"ts":1772509562525,"action":"IDE_ACTIVATED"}
{"ts":1772509572126,"action":"IDE_DEACTIVATED"}
{"ts":1772509574259,"action":"IDE_ACTIVATED"}
{"ts":1772509578549,"action":"IDE_DEACTIVATED"}
{"ts":1772509580976,"action":"IDE_ACTIVATED"}
{"ts":1772509629946,"action":"FILE_CLOSED","file":"/templates/analytics/dashboard.html","tags":{"FILE_LINE_OF_CODE":"420"}}
{"ts":1772509629946,"action":"FILE_OPENED","file":"/static/js/analytics/dashboard.js","tags":{"FILE_LINE_OF_CODE":"1421"}}
{"ts":1772510199164,"action":"IDE_DEACTIVATED"}
{"ts":1772510201662,"action":"IDE_ACTIVATED"}
{"ts":1772510215617,"action":"IDE_DEACTIVATED"}
{"ts":1772510218105,"action":"IDE_ACTIVATED"}
{"ts":1772510229879,"action":"IDE_DEACTIVATED"}
{"ts":1772510232498,"action":"IDE_ACTIVATED"}
{"ts":1772510291843,"action":"IDE_DEACTIVATED"}
{"ts":1772510293773,"action":"IDE_ACTIVATED"}
{"ts":1772510314085,"action":"IDE_DEACTIVATED"}
{"ts":1772510320495,"action":"IDE_ACTIVATED"}
{"ts":1772510326643,"action":"IDE_DEACTIVATED"}
{"ts":1772510332062,"action":"IDE_ACTIVATED"}
{"ts":1772510443800,"action":"IDE_DEACTIVATED"}
{"ts":1772510450741,"action":"IDE_ACTIVATED"}
{"ts":1772510462827,"action":"IDE_DEACTIVATED"}
{"ts":1772510464571,"action":"IDE_ACTIVATED"}
{"ts":1772510578261,"action":"IDE_DEACTIVATED"}
{"ts":1772510583831,"action":"IDE_ACTIVATED"}
{"ts":1772510586512,"action":"IDE_DEACTIVATED"}
{"ts":1772510586636,"action":"IDE_ACTIVATED"}
{"ts":1772510590286,"action":"IDE_DEACTIVATED"}
{"ts":1772510590483,"action":"IDE_ACTIVATED"}
{"ts":1772510591651,"action":"IDE_DEACTIVATED"}
{"ts":1772510604277,"action":"IDE_ACTIVATED"}
{"ts":1772510607988,"action":"IDE_DEACTIVATED"}
{"ts":1772510609063,"action":"IDE_ACTIVATED"}
{"ts":1772510612951,"action":"PROJECT_CLOSED","tags":{"PROJECT_NAME":"faktura_scanner_flask"}}
{"ts":1772537625217,"action":"FILE_OPENED","file":"/static/js/analytics/dashboard.js","tags":{"FILE_LINE_OF_CODE":"1422"}}
{"ts":1772537626708,"action":"PROJECT_OPENED","tags":{"PROJECT_NAME":"faktura_scanner_flask"}}
{"ts":1772537651999,"action":"IDE_DEACTIVATED"}
{"ts":1772537652101,"action":"IDE_ACTIVATED"}
{"ts":1772537672865,"action":"PROJECT_CLOSED","tags":{"PROJECT_NAME":"faktura_scanner_flask"}}
{"ts":1772537692561,"action":"FILE_OPENED","file":"/static/js/analytics/dashboard.js","tags":{"FILE_LINE_OF_CODE":"1422"}}
{"ts":1772537693931,"action":"PROJECT_OPENED","tags":{"PROJECT_NAME":"faktura_scanner_flask"}}
{"ts":1772537700592,"action":"IDE_DEACTIVATED"}
{"ts":1772537700643,"action":"IDE_ACTIVATED"}
{"ts":1772537710069,"action":"PROJECT_CLOSED","tags":{"PROJECT_NAME":"faktura_scanner_flask"}}
{"ts":1772737911964,"action":"FILE_OPENED","file":"/static/js/analytics/dashboard.js","tags":{"FILE_LINE_OF_CODE":"1422"}}
{"ts":1772737912388,"action":"PROJECT_OPENED","tags":{"PROJECT_NAME":"faktura_scanner_flask"}}
{"ts":1772737916810,"action":"IDE_DEACTIVATED"}
{"ts":1772737916935,"action":"IDE_ACTIVATED"}
{"ts":1772737918234,"action":"IDE_DEACTIVATED"}
{"ts":1772737918351,"action":"IDE_ACTIVATED"}
{"ts":1772737918792,"action":"IDE_DEACTIVATED"}
{"ts":1772737918912,"action":"IDE_ACTIVATED"}
{"ts":1772737922681,"action":"IDE_DEACTIVATED"}
{"ts":1772737932117,"action":"IDE_ACTIVATED"}
{"ts":1772737963123,"action":"FILE_CLOSED","file":"/static/js/analytics/dashboard.js","tags":{"FILE_LINE_OF_CODE":"1422"}}
{"ts":1772737963123,"action":"FILE_OPENED","file":"/docs/plans/2026-03-03-rolling-trends-charts-design.md","tags":{"FILE_LINE_OF_CODE":"163"}}
{"ts":1772738035714,"action":"FILE_CLOSED","file":"/docs/plans/2026-03-03-rolling-trends-charts-design.md","tags":{"FILE_LINE_OF_CODE":"163"}}
{"ts":1772738035714,"action":"FILE_OPENED","file":"/run_dev.py","tags":{"FILE_LINE_OF_CODE":"51"}}
{"ts":1772738113104,"action":"FILE_CLOSED","file":"/run_dev.py","tags":{"FILE_LINE_OF_CODE":"51"}}
{"ts":1772738113104,"action":"FILE_OPENED","file":"/docs/plans/2026-03-03-rolling-trends-charts-design.md","tags":{"FILE_LINE_OF_CODE":"163"}}
{"ts":1772738146823,"action":"FILE_CLOSED","file":"/docs/plans/2026-03-03-rolling-trends-charts-design.md","tags":{"FILE_LINE_OF_CODE":"163"}}
{"ts":1772738146823,"action":"FILE_OPENED","file":"/static/js/analytics/dashboard.js","tags":{"FILE_LINE_OF_CODE":"1422"}}
{"ts":1772738150464,"action":"FILE_CLOSED","file":"/static/js/analytics/dashboard.js","tags":{"FILE_LINE_OF_CODE":"1422"}}
{"ts":1772738150464,"action":"FILE_OPENED","file":"/020320260332.txt","tags":{"FILE_LINE_OF_CODE":"3479"}}
{"ts":1772738188329,"action":"IDE_DEACTIVATED"}
{"ts":1772738189824,"action":"IDE_ACTIVATED"}
{"ts":1772738203992,"action":"IDE_DEACTIVATED"}
{"ts":1772738205069,"action":"IDE_ACTIVATED"}
{"ts":1772738209225,"action":"IDE_DEACTIVATED"}
{"ts":1772738212083,"action":"IDE_ACTIVATED"}
{"ts":1772738224523,"action":"FILE_CLOSED","file":"/020320260332.txt","tags":{"FILE_LINE_OF_CODE":"3479"}}
{"ts":1772738224523,"action":"FILE_OPENED","file":"/vultr_deploy__faktura_db__pswds.txt","tags":{"FILE_LINE_OF_CODE":"27"}}
{"ts":1772738233472,"action":"IDE_DEACTIVATED"}
{"ts":1772738234225,"action":"IDE_ACTIVATED"}
{"ts":1772738241725,"action":"IDE_DEACTIVATED"}
{"ts":1772738242468,"action":"IDE_ACTIVATED"}
{"ts":1772738252523,"action":"IDE_DEACTIVATED"}
{"ts":1772738252626,"action":"IDE_ACTIVATED"}
{"ts":1772738258622,"action":"IDE_DEACTIVATED"}
{"ts":1772738258724,"action":"IDE_ACTIVATED"}
{"ts":1772738269317,"action":"FILE_CLOSED","file":"/vultr_deploy__faktura_db__pswds.txt","tags":{"FILE_LINE_OF_CODE":"27"}}
{"ts":1772738269317,"action":"FILE_OPENED","file":"/020320260332.txt","tags":{"FILE_LINE_OF_CODE":"3479"}}
{"ts":1772738298332,"action":"IDE_DEACTIVATED"}
{"ts":1772738403747,"action":"IDE_ACTIVATED"}
{"ts":1772738422894,"action":"IDE_DEACTIVATED"}
{"ts":1772738423044,"action":"IDE_ACTIVATED"}
{"ts":1772738427251,"action":"IDE_DEACTIVATED"}
{"ts":1772738428891,"action":"IDE_ACTIVATED"}
{"ts":1772738455499,"action":"IDE_DEACTIVATED"}
{"ts":1772738455617,"action":"IDE_ACTIVATED"}
{"ts":1772738529448,"action":"IDE_DEACTIVATED"}
{"ts":1772738532250,"action":"IDE_ACTIVATED"}
{"ts":1772738824890,"action":"IDE_DEACTIVATED"}
{"ts":1772738859094,"action":"IDE_ACTIVATED"}
{"ts":1772738889090,"action":"IDE_DEACTIVATED"}
{"ts":1772738897738,"action":"IDE_ACTIVATED"}
{"ts":1772739085951,"action":"IDE_DEACTIVATED"}
{"ts":1772739134401,"action":"IDE_ACTIVATED"}
{"ts":1772739140360,"action":"IDE_DEACTIVATED"}
{"ts":1772739168510,"action":"IDE_ACTIVATED"}
{"ts":1772739592095,"action":"IDE_DEACTIVATED"}
{"ts":1772739635396,"action":"IDE_ACTIVATED"}
{"ts":1772739666974,"action":"IDE_DEACTIVATED"}
{"ts":1772740019321,"action":"IDE_ACTIVATED"}
{"ts":1772740189257,"action":"IDE_DEACTIVATED"}
{"ts":1772740214632,"action":"IDE_ACTIVATED"}
{"ts":1772740343663,"action":"IDE_DEACTIVATED"}
{"ts":1772740366533,"action":"IDE_ACTIVATED"}
{"ts":1772740497693,"action":"IDE_DEACTIVATED"}
{"ts":1772760947152,"action":"IDE_ACTIVATED"}
{"ts":1772760948723,"action":"IDE_DEACTIVATED"}
{"ts":1772760948864,"action":"IDE_ACTIVATED"}
{"ts":1772760955433,"action":"IDE_DEACTIVATED"}
{"ts":1772762822202,"action":"IDE_ACTIVATED"}
{"ts":1772763013363,"action":"IDE_DEACTIVATED"}
{"ts":1772763027920,"action":"IDE_ACTIVATED"}
{"ts":1772763031444,"action":"IDE_DEACTIVATED"}
{"ts":1772763031554,"action":"IDE_ACTIVATED"}
{"ts":1772763042808,"action":"IDE_DEACTIVATED"}
{"ts":1772763042900,"action":"IDE_ACTIVATED"}
{"ts":1772763050329,"action":"FILE_CLOSED","file":"/020320260332.txt","tags":{"FILE_LINE_OF_CODE":"3479"}}
{"ts":1772763050329,"action":"FILE_OPENED","file":"/vultr_deploy__faktura_db__pswds.txt","tags":{"FILE_LINE_OF_CODE":"27"}}
{"ts":1772763051972,"action":"IDE_DEACTIVATED"}
{"ts":1772763052605,"action":"IDE_ACTIVATED"}
{"ts":1772763057494,"action":"IDE_DEACTIVATED"}
{"ts":1772763059543,"action":"IDE_ACTIVATED"}
{"ts":1772763072225,"action":"IDE_DEACTIVATED"}
{"ts":1772763120256,"action":"IDE_ACTIVATED"}
{"ts":1772763126916,"action":"IDE_DEACTIVATED"}
{"ts":1772763126993,"action":"IDE_ACTIVATED"}
{"ts":1772763132948,"action":"IDE_DEACTIVATED"}
{"ts":1772763133045,"action":"IDE_ACTIVATED"}
{"ts":1772763198449,"action":"IDE_DEACTIVATED"}
{"ts":1772763218714,"action":"IDE_ACTIVATED"}
{"ts":1772763274290,"action":"IDE_DEACTIVATED"}
{"ts":1772763317888,"action":"IDE_ACTIVATED"}
{"ts":1772763332249,"action":"IDE_DEACTIVATED"}
{"ts":1772763332325,"action":"IDE_ACTIVATED"}
{"ts":1772763334994,"action":"IDE_DEACTIVATED"}
{"ts":1772763335088,"action":"IDE_ACTIVATED"}
{"ts":1772763336511,"action":"IDE_DEACTIVATED"}
{"ts":1772763336611,"action":"IDE_ACTIVATED"}
{"ts":1772763341325,"action":"FILE_CLOSED","file":"/vultr_deploy__faktura_db__pswds.txt","tags":{"FILE_LINE_OF_CODE":"27"}}
{"ts":1772763341325,"action":"FILE_OPENED","file":"/templates/analytics/dashboard.html","tags":{"FILE_LINE_OF_CODE":"425"}}
{"ts":1772763362519,"action":"IDE_DEACTIVATED"}
{"ts":1772763362610,"action":"IDE_ACTIVATED"}
{"ts":1772763364108,"action":"IDE_DEACTIVATED"}
{"ts":1772763364198,"action":"IDE_ACTIVATED"}
{"ts":1772763381039,"action":"IDE_DEACTIVATED"}
{"ts":1772763381122,"action":"IDE_ACTIVATED"}
{"ts":1772763496295,"action":"IDE_DEACTIVATED"}
{"ts":1772763504041,"action":"IDE_ACTIVATED"}
{"ts":1772763707702,"action":"IDE_DEACTIVATED"}
{"ts":1772763709216,"action":"IDE_ACTIVATED"}
{"ts":1772763717213,"action":"IDE_DEACTIVATED"}
{"ts":1772763719187,"action":"IDE_ACTIVATED"}
{"ts":1772763751685,"action":"IDE_DEACTIVATED"}
{"ts":1772763752737,"action":"IDE_ACTIVATED"}
{"ts":1772763815585,"action":"IDE_DEACTIVATED"}
{"ts":1772763818528,"action":"IDE_ACTIVATED"}
{"ts":1772763825392,"action":"IDE_DEACTIVATED"}
{"ts":1772763826791,"action":"IDE_ACTIVATED"}
{"ts":1772763828291,"action":"IDE_DEACTIVATED"}
{"ts":1772763829820,"action":"IDE_ACTIVATED"}
{"ts":1772763830688,"action":"IDE_DEACTIVATED"}
{"ts":1772763832484,"action":"IDE_ACTIVATED"}
{"ts":1772763835729,"action":"IDE_DEACTIVATED"}
{"ts":1772763836461,"action":"IDE_ACTIVATED"}
{"ts":1772763896620,"action":"IDE_DEACTIVATED"}
{"ts":1772763897745,"action":"IDE_ACTIVATED"}
{"ts":1772763903587,"action":"IDE_DEACTIVATED"}
{"ts":1772763906666,"action":"IDE_ACTIVATED"}
{"ts":1772763908284,"action":"IDE_DEACTIVATED"}
{"ts":1772763910836,"action":"IDE_ACTIVATED"}
{"ts":1772763916555,"action":"IDE_DEACTIVATED"}
{"ts":1772763916655,"action":"IDE_ACTIVATED"}
{"ts":1772763918139,"action":"IDE_DEACTIVATED"}
{"ts":1772763918238,"action":"IDE_ACTIVATED"}
{"ts":1772763923998,"action":"IDE_DEACTIVATED"}
{"ts":1772763924092,"action":"IDE_ACTIVATED"}
{"ts":1772763925939,"action":"IDE_DEACTIVATED"}
{"ts":1772763926016,"action":"IDE_ACTIVATED"}
{"ts":1772764069424,"action":"IDE_DEACTIVATED"}
{"ts":1772764069523,"action":"IDE_ACTIVATED"}
{"ts":1772764071643,"action":"IDE_DEACTIVATED"}
{"ts":1772764071803,"action":"IDE_ACTIVATED"}
{"ts":1772764106972,"action":"IDE_DEACTIVATED"}
{"ts":1772764107076,"action":"IDE_ACTIVATED"}
{"ts":1772764107602,"action":"IDE_DEACTIVATED"}
{"ts":1772764118819,"action":"IDE_ACTIVATED"}
{"ts":1772764124308,"action":"IDE_DEACTIVATED"}
{"ts":1772764136287,"action":"IDE_ACTIVATED"}
{"ts":1772764147165,"action":"IDE_DEACTIVATED"}
{"ts":1772764148122,"action":"IDE_ACTIVATED"}
{"ts":1772764149242,"action":"IDE_DEACTIVATED"}
{"ts":1772764150885,"action":"IDE_ACTIVATED"}
{"ts":1772764171372,"action":"IDE_DEACTIVATED"}
{"ts":1772764172627,"action":"IDE_ACTIVATED"}
{"ts":1772764182559,"action":"IDE_DEACTIVATED"}
{"ts":1772764184828,"action":"IDE_ACTIVATED"}
{"ts":1772764215131,"action":"IDE_DEACTIVATED"}
{"ts":1772764218129,"action":"IDE_ACTIVATED"}
{"ts":1772764235301,"action":"IDE_DEACTIVATED"}
{"ts":1772764252312,"action":"IDE_ACTIVATED"}
{"ts":1772764264767,"action":"IDE_DEACTIVATED"}
{"ts":1772764266804,"action":"IDE_ACTIVATED"}
{"ts":1772764288193,"action":"IDE_DEACTIVATED"}
{"ts":1772764292720,"action":"IDE_ACTIVATED"}
{"ts":1772764300675,"action":"IDE_DEACTIVATED"}
{"ts":1772764313858,"action":"IDE_ACTIVATED"}
{"ts":1772764318309,"action":"IDE_DEACTIVATED"}
{"ts":1772764334939,"action":"IDE_ACTIVATED"}
{"ts":1772764353134,"action":"FILE_CLOSED","file":"/templates/analytics/dashboard.html","tags":{"FILE_LINE_OF_CODE":"425"}}
{"ts":1772764353134,"action":"FILE_OPENED","file":"/run_dev.py","tags":{"FILE_LINE_OF_CODE":"51"}}
{"ts":1772764636461,"action":"IDE_DEACTIVATED"}
{"ts":1772764644314,"action":"IDE_ACTIVATED"}
{"ts":1772764654382,"action":"FILE_CLOSED","file":"/run_dev.py","tags":{"FILE_LINE_OF_CODE":"51"}}
{"ts":1772764654382,"action":"FILE_OPENED","file":"/app.py","tags":{"FILE_LINE_OF_CODE":"202"}}
{"ts":1772765047676,"action":"FILE_CLOSED","file":"/app.py","tags":{"FILE_LINE_OF_CODE":"202"}}
{"ts":1772765047676,"action":"FILE_OPENED","file":"/run_dev.py","tags":{"FILE_LINE_OF_CODE":"51"}}
{"ts":1772765159305,"action":"FILE_CLOSED","file":"/run_dev.py","tags":{"FILE_LINE_OF_CODE":"51"}}
{"ts":1772765159305,"action":"FILE_OPENED","file":"/.env.local","tags":{"FILE_LINE_OF_CODE":"30"}}
{"ts":1772765414036,"action":"FILE_CLOSED","file":"/.env.local","tags":{"FILE_LINE_OF_CODE":"30"}}
{"ts":1772765414036,"action":"FILE_OPENED","file":"/repositories/db_utils.py","tags":{"FILE_LINE_OF_CODE":"56"}}
{"ts":1772765526495,"action":"FILE_CLOSED","file":"/repositories/db_utils.py","tags":{"FILE_LINE_OF_CODE":"56"}}
{"ts":1772765526495,"action":"FILE_OPENED","file":"/.env.local","tags":{"FILE_LINE_OF_CODE":"30"}}
{"ts":1772765779979,"action":"FILE_CLOSED","file":"/.env.local","tags":{"FILE_LINE_OF_CODE":"30"}}
{"ts":1772765779979,"action":"FILE_OPENED","file":"/static/js/analytics/dashboard.js","tags":{"FILE_LINE_OF_CODE":"1422"}}
{"ts":1772765790755,"action":"FILE_CLOSED","file":"/static/js/analytics/dashboard.js","tags":{"FILE_LINE_OF_CODE":"1422"}}
{"ts":1772765790755,"action":"FILE_OPENED","file":"/templates/components/sidebar.html","tags":{"FILE_LINE_OF_CODE":"197"}}
{"ts":1772765792075,"action":"FILE_CLOSED","file":"/templates/components/sidebar.html","tags":{"FILE_LINE_OF_CODE":"197"}}
{"ts":1772765792075,"action":"FILE_OPENED","file":"/run_dev.py","tags":{"FILE_LINE_OF_CODE":"51"}}
{"ts":1772765793199,"action":"FILE_CLOSED","file":"/run_dev.py","tags":{"FILE_LINE_OF_CODE":"51"}}
{"ts":1772765793199,"action":"FILE_OPENED","file":"/templates/analytics/dashboard.html","tags":{"FILE_LINE_OF_CODE":"425"}}
{"ts":1772765794604,"action":"FILE_CLOSED","file":"/templates/analytics/dashboard.html","tags":{"FILE_LINE_OF_CODE":"425"}}
{"ts":1772765794605,"action":"FILE_OPENED","file":"/repositories/appointments/income_repository.py","tags":{"FILE_LINE_OF_CODE":"186"}}
{"ts":1772765802683,"action":"IDE_DEACTIVATED"}
{"ts":1772765811109,"action":"IDE_ACTIVATED"}
{"ts":1772765811443,"action":"IDE_DEACTIVATED"}
{"ts":1772765832677,"action":"IDE_ACTIVATED"}
{"ts":1772765854872,"action":"IDE_DEACTIVATED"}
{"ts":1772784522897,"action":"IDE_ACTIVATED"}
{"ts":1772784530911,"action":"PROJECT_CLOSED","tags":{"PROJECT_NAME":"faktura_scanner_flask"}}
{"ts":1773049369764,"action":"FILE_OPENED","file":"/repositories/appointments/income_repository.py","tags":{"FILE_LINE_OF_CODE":"186"}}
{"ts":1773049370943,"action":"PROJECT_OPENED","tags":{"PROJECT_NAME":"faktura_scanner_flask"}}
{"ts":1773049455630,"action":"IDE_DEACTIVATED"}
{"ts":1773049456769,"action":"IDE_ACTIVATED"}
{"ts":1773049476558,"action":"IDE_DEACTIVATED"}
{"ts":1773049479965,"action":"IDE_ACTIVATED"}
{"ts":1773049481168,"action":"IDE_DEACTIVATED"}
{"ts":1773049483836,"action":"IDE_ACTIVATED"}
{"ts":1773049503592,"action":"IDE_DEACTIVATED"}
{"ts":1773049503667,"action":"IDE_ACTIVATED"}
{"ts":1773049505600,"action":"PROJECT_CLOSED","tags":{"PROJECT_NAME":"faktura_scanner_flask"}}
{"ts":1773084490488,"action":"IDE_DEACTIVATED"}
{"ts":1773084490550,"action":"IDE_ACTIVATED"}
{"ts":1773084490897,"action":"FILE_OPENED","file":"/repositories/appointments/income_repository.py","tags":{"FILE_LINE_OF_CODE":"186"}}
{"ts":1773084491696,"action":"PROJECT_OPENED","tags":{"PROJECT_NAME":"faktura_scanner_flask"}}
{"ts":1773084503320,"action":"IDE_DEACTIVATED"}
{"ts":1773084503416,"action":"IDE_ACTIVATED"}
{"ts":1773084504610,"action":"IDE_DEACTIVATED"}
{"ts":1773084504714,"action":"IDE_ACTIVATED"}
{"ts":1773084504816,"action":"IDE_DEACTIVATED"}
{"ts":1773084506316,"action":"IDE_ACTIVATED"}
{"ts":1773084514830,"action":"IDE_DEACTIVATED"}
{"ts":1773084514942,"action":"IDE_ACTIVATED"}
{"ts":1773084518159,"action":"IDE_DEACTIVATED"}
{"ts":1773084518337,"action":"IDE_ACTIVATED"}
{"ts":1773084519047,"action":"IDE_DEACTIVATED"}
{"ts":1773084519315,"action":"IDE_ACTIVATED"}
{"ts":1773084524213,"action":"IDE_DEACTIVATED"}
{"ts":1773084524584,"action":"IDE_ACTIVATED"}
{"ts":1773084573116,"action":"IDE_DEACTIVATED"}
{"ts":1773084574246,"action":"IDE_ACTIVATED"}
{"ts":1773084582195,"action":"IDE_DEACTIVATED"}
{"ts":1773084584219,"action":"IDE_ACTIVATED"}
{"ts":1773084686295,"action":"IDE_DEACTIVATED"}
{"ts":1773084686432,"action":"IDE_ACTIVATED"}
{"ts":1773085019544,"action":"IDE_DEACTIVATED"}
{"ts":1773085022394,"action":"IDE_ACTIVATED"}
{"ts":1773085030164,"action":"IDE_DEACTIVATED"}
{"ts":1773085030314,"action":"IDE_ACTIVATED"}
{"ts":1773085051904,"action":"IDE_DEACTIVATED"}
{"ts":1773085052884,"action":"IDE_ACTIVATED"}
{"ts":1773085100649,"action":"FILE_CLOSED","file":"/repositories/appointments/income_repository.py","tags":{"FILE_LINE_OF_CODE":"186"}}
{"ts":1773085100649,"action":"FILE_OPENED","file":"/TASKS_employees.txt","tags":{"FILE_LINE_OF_CODE":"15"}}
{"ts":1773085118678,"action":"FILE_CLOSED","file":"/TASKS_employees.txt","tags":{"FILE_LINE_OF_CODE":"15"}}
{"ts":1773085118678,"action":"FILE_OPENED","file":"/users_management_spec.txt","tags":{"FILE_LINE_OF_CODE":"17"}}
{"ts":1773085185034,"action":"FILE_CLOSED","file":"/users_management_spec.txt","tags":{"FILE_LINE_OF_CODE":"17"}}
{"ts":1773085185034,"action":"FILE_OPENED","file":"/docs/plans/2026-03-03-rolling-trends-charts.md","tags":{"FILE_LINE_OF_CODE":"1177"}}
{"ts":1773085276265,"action":"FILE_CLOSED","file":"/docs/plans/2026-03-03-rolling-trends-charts.md","tags":{"FILE_LINE_OF_CODE":"1177"}}
{"ts":1773085276265,"action":"FILE_OPENED","file":"/docs/plans/2026-03-03-rolling-trends-charts-design.md","tags":{"FILE_LINE_OF_CODE":"163"}}
{"ts":1773085317725,"action":"FILE_CLOSED","file":"/docs/plans/2026-03-03-rolling-trends-charts-design.md","tags":{"FILE_LINE_OF_CODE":"163"}}
{"ts":1773085317725,"action":"FILE_OPENED","file":"/docs/plans/2026-03-03-rolling-trends-charts.md","tags":{"FILE_LINE_OF_CODE":"1177"}}
{"ts":1773085360986,"action":"IDE_DEACTIVATED"}
{"ts":1773085466836,"action":"IDE_ACTIVATED"}
{"ts":1773085471599,"action":"IDE_DEACTIVATED"}
{"ts":1773085473473,"action":"IDE_ACTIVATED"}
{"ts":1773085503337,"action":"IDE_DEACTIVATED"}
{"ts":1773085514056,"action":"IDE_ACTIVATED"}
{"ts":1773085521996,"action":"IDE_DEACTIVATED"}
{"ts":1773085522907,"action":"IDE_ACTIVATED"}
{"ts":1773085547702,"action":"IDE_DEACTIVATED"}
{"ts":1773085588288,"action":"IDE_ACTIVATED"}
{"ts":1773085589853,"action":"IDE_DEACTIVATED"}
{"ts":1773085705085,"action":"IDE_ACTIVATED"}
{"ts":1773085725498,"action":"IDE_DEACTIVATED"}
{"ts":1773086236264,"action":"IDE_ACTIVATED"}
{"ts":1773086333436,"action":"IDE_DEACTIVATED"}
{"ts":1773086337065,"action":"IDE_ACTIVATED"}
{"ts":1773086339195,"action":"IDE_DEACTIVATED"}
{"ts":1773086486440,"action":"IDE_ACTIVATED"}
{"ts":1773086526900,"action":"IDE_DEACTIVATED"}
{"ts":1773086550596,"action":"IDE_ACTIVATED"}
{"ts":1773086558232,"action":"IDE_DEACTIVATED"}
{"ts":1773086559193,"action":"IDE_ACTIVATED"}
{"ts":1773086560625,"action":"IDE_DEACTIVATED"}
{"ts":1773086567778,"action":"IDE_ACTIVATED"}
{"ts":1773086576802,"action":"IDE_DEACTIVATED"}
{"ts":1773086576893,"action":"IDE_ACTIVATED"}
{"ts":1773086585451,"action":"IDE_DEACTIVATED"}
{"ts":1773086588355,"action":"IDE_ACTIVATED"}
{"ts":1773086590873,"action":"IDE_DEACTIVATED"}
{"ts":1773086634983,"action":"IDE_ACTIVATED"}
{"ts":1773086648164,"action":"FILE_CLOSED","file":"/docs/plans/2026-03-03-rolling-trends-charts.md","tags":{"FILE_LINE_OF_CODE":"1177"}}
{"ts":1773086648164,"action":"FILE_OPENED","file":"/docs/plans/2026-03-03-rolling-trends-charts-design.md","tags":{"FILE_LINE_OF_CODE":"163"}}
{"ts":1773086651525,"action":"FILE_CLOSED","file":"/docs/plans/2026-03-03-rolling-trends-charts-design.md","tags":{"FILE_LINE_OF_CODE":"163"}}
{"ts":1773086652165,"action":"IDE_DEACTIVATED"}
{"ts":1773086653208,"action":"IDE_ACTIVATED"}
{"ts":1773086813989,"action":"IDE_DEACTIVATED"}
{"ts":1773086814983,"action":"IDE_ACTIVATED"}
{"ts":1773086817027,"action":"IDE_DEACTIVATED"}
{"ts":1773086820303,"action":"IDE_ACTIVATED"}
{"ts":1773086840966,"action":"IDE_DEACTIVATED"}
{"ts":1773086970022,"action":"IDE_ACTIVATED"}
{"ts":1773086982745,"action":"IDE_DEACTIVATED"}
{"ts":1773087008703,"action":"IDE_ACTIVATED"}
{"ts":1773087074072,"action":"IDE_DEACTIVATED"}
{"ts":1773087074182,"action":"IDE_ACTIVATED"}
{"ts":1773087141279,"action":"IDE_DEACTIVATED"}
{"ts":1773087141354,"action":"IDE_ACTIVATED"}
{"ts":1773087145167,"action":"IDE_DEACTIVATED"}
{"ts":1773087179843,"action":"IDE_ACTIVATED"}
{"ts":1773087180108,"action":"IDE_DEACTIVATED"}
{"ts":1773087181693,"action":"IDE_ACTIVATED"}
{"ts":1773087182432,"action":"IDE_DEACTIVATED"}
{"ts":1773087206987,"action":"IDE_ACTIVATED"}
{"ts":1773087209434,"action":"IDE_DEACTIVATED"}
{"ts":1773087210997,"action":"IDE_ACTIVATED"}
{"ts":1773087230998,"action":"IDE_DEACTIVATED"}
{"ts":1773087489743,"action":"IDE_ACTIVATED"}
{"ts":1773087508797,"action":"IDE_DEACTIVATED"}
{"ts":1773087511362,"action":"IDE_ACTIVATED"}
{"ts":1773087536870,"action":"IDE_DEACTIVATED"}
{"ts":1773087550820,"action":"IDE_ACTIVATED"}
{"ts":1773087558200,"action":"IDE_DEACTIVATED"}
{"ts":1773087567352,"action":"IDE_ACTIVATED"}
{"ts":1773087581631,"action":"IDE_DEACTIVATED"}
{"ts":1773087583134,"action":"IDE_ACTIVATED"}
{"ts":1773087590855,"action":"IDE_DEACTIVATED"}
{"ts":1773087594475,"action":"IDE_ACTIVATED"}
{"ts":1773087597678,"action":"IDE_DEACTIVATED"}
{"ts":1773087609124,"action":"IDE_ACTIVATED"}
{"ts":1773088275010,"action":"IDE_DEACTIVATED"}
{"ts":1773088281929,"action":"IDE_ACTIVATED"}
{"ts":1773088285421,"action":"IDE_DEACTIVATED"}
{"ts":1773088338587,"action":"IDE_ACTIVATED"}
{"ts":1773088353614,"action":"IDE_DEACTIVATED"}
{"ts":1773088837977,"action":"IDE_ACTIVATED"}
{"ts":1773088891945,"action":"IDE_DEACTIVATED"}
{"ts":1773088894818,"action":"IDE_ACTIVATED"}
{"ts":1773088904014,"action":"IDE_DEACTIVATED"}
{"ts":1773088906456,"action":"IDE_ACTIVATED"}
{"ts":1773088961914,"action":"IDE_DEACTIVATED"}
{"ts":1773088968082,"action":"IDE_ACTIVATED"}
{"ts":1773088997650,"action":"IDE_DEACTIVATED"}
{"ts":1773089000036,"action":"IDE_ACTIVATED"}
{"ts":1773089214391,"action":"IDE_DEACTIVATED"}
{"ts":1773089214476,"action":"IDE_ACTIVATED"}
{"ts":1773089217845,"action":"IDE_DEACTIVATED"}
{"ts":1773089223926,"action":"IDE_ACTIVATED"}
{"ts":1773089229005,"action":"IDE_DEACTIVATED"}
{"ts":1773089230075,"action":"IDE_ACTIVATED"}
{"ts":1773089245867,"action":"IDE_DEACTIVATED"}
{"ts":1773089245998,"action":"IDE_ACTIVATED"}
{"ts":1773089255998,"action":"IDE_DEACTIVATED"}
{"ts":1773089259294,"action":"IDE_ACTIVATED"}
{"ts":1773089314455,"action":"IDE_DEACTIVATED"}
{"ts":1773089314973,"action":"IDE_ACTIVATED"}
{"ts":1773089333415,"action":"IDE_DEACTIVATED"}
{"ts":1773089334622,"action":"IDE_ACTIVATED"}
{"ts":1773089335312,"action":"IDE_DEACTIVATED"}
{"ts":1773089335625,"action":"IDE_ACTIVATED"}
{"ts":1773089431594,"action":"IDE_DEACTIVATED"}
{"ts":1773089431674,"action":"IDE_ACTIVATED"}
{"ts":1773089439306,"action":"IDE_DEACTIVATED"}
{"ts":1773089465091,"action":"IDE_ACTIVATED"}
{"ts":1773089466797,"action":"IDE_DEACTIVATED"}
{"ts":1773089469003,"action":"IDE_ACTIVATED"}
{"ts":1773089492380,"action":"IDE_DEACTIVATED"}
{"ts":1773089495553,"action":"IDE_ACTIVATED"}
{"ts":1773089498214,"action":"IDE_DEACTIVATED"}
{"ts":1773089502944,"action":"IDE_ACTIVATED"}
{"ts":1773089511009,"action":"IDE_DEACTIVATED"}
{"ts":1773089725431,"action":"IDE_ACTIVATED"}
{"ts":1773089900236,"action":"IDE_DEACTIVATED"}
{"ts":1773089900334,"action":"IDE_ACTIVATED"}
{"ts":1773089940114,"action":"IDE_DEACTIVATED"}
{"ts":1773089940204,"action":"IDE_ACTIVATED"}
{"ts":1773089941652,"action":"IDE_DEACTIVATED"}
{"ts":1773089978285,"action":"IDE_ACTIVATED"}
{"ts":1773090000099,"action":"IDE_DEACTIVATED"}
{"ts":1773090049683,"action":"IDE_ACTIVATED"}
{"ts":1773090058824,"action":"IDE_DEACTIVATED"}
{"ts":1773090134835,"action":"IDE_ACTIVATED"}
{"ts":1773090151105,"action":"IDE_DEACTIVATED"}
{"ts":1773090173515,"action":"IDE_ACTIVATED"}
{"ts":1773090175294,"action":"IDE_DEACTIVATED"}
{"ts":1773090183558,"action":"IDE_ACTIVATED"}
{"ts":1773090193117,"action":"IDE_DEACTIVATED"}
{"ts":1773090392037,"action":"IDE_ACTIVATED"}
{"ts":1773090405821,"action":"IDE_DEACTIVATED"}
{"ts":1773090409760,"action":"IDE_ACTIVATED"}
{"ts":1773090422931,"action":"IDE_DEACTIVATED"}
{"ts":1773091393418,"action":"IDE_ACTIVATED"}
{"ts":1773091451717,"action":"IDE_DEACTIVATED"}
{"ts":1773091585788,"action":"IDE_ACTIVATED"}
{"ts":1773091651222,"action":"IDE_DEACTIVATED"}
{"ts":1773091651291,"action":"IDE_ACTIVATED"}
{"ts":1773091681053,"action":"IDE_DEACTIVATED"}
{"ts":1773091681274,"action":"IDE_ACTIVATED"}
{"ts":1773091682535,"action":"IDE_DEACTIVATED"}
{"ts":1773091683132,"action":"IDE_ACTIVATED"}
{"ts":1773091684628,"action":"IDE_DEACTIVATED"}
{"ts":1773091685000,"action":"IDE_ACTIVATED"}
{"ts":1773091685766,"action":"IDE_DEACTIVATED"}
{"ts":1773091686135,"action":"IDE_ACTIVATED"}
{"ts":1773091693009,"action":"IDE_DEACTIVATED"}
{"ts":1773091693828,"action":"IDE_ACTIVATED"}
{"ts":1773091694765,"action":"IDE_DEACTIVATED"}
{"ts":1773091695184,"action":"IDE_ACTIVATED"}
{"ts":1773091708763,"action":"IDE_DEACTIVATED"}
{"ts":1773091734777,"action":"IDE_ACTIVATED"}
{"ts":1773091804221,"action":"IDE_DEACTIVATED"}
{"ts":1773091807893,"action":"IDE_ACTIVATED"}
{"ts":1773091816531,"action":"IDE_DEACTIVATED"}
{"ts":1773091835514,"action":"IDE_ACTIVATED"}
{"ts":1773091836201,"action":"IDE_DEACTIVATED"}
{"ts":1773091836578,"action":"IDE_ACTIVATED"}
{"ts":1773091844849,"action":"IDE_DEACTIVATED"}
{"ts":1773091845923,"action":"IDE_ACTIVATED"}
{"ts":1773091914526,"action":"IDE_DEACTIVATED"}
{"ts":1773091916503,"action":"IDE_ACTIVATED"}
{"ts":1773091925071,"action":"IDE_DEACTIVATED"}
{"ts":1773091944750,"action":"IDE_ACTIVATED"}
{"ts":1773091960710,"action":"IDE_DEACTIVATED"}
{"ts":1773092046571,"action":"IDE_ACTIVATED"}
{"ts":1773092071726,"action":"IDE_DEACTIVATED"}
{"ts":1773092221817,"action":"IDE_ACTIVATED"}
{"ts":1773092281962,"action":"IDE_DEACTIVATED"}
{"ts":1773092283714,"action":"IDE_ACTIVATED"}
{"ts":1773092290608,"action":"IDE_DEACTIVATED"}
{"ts":1773092291782,"action":"IDE_ACTIVATED"}
{"ts":1773092296113,"action":"IDE_DEACTIVATED"}
{"ts":1773092300199,"action":"IDE_ACTIVATED"}
{"ts":1773092301694,"action":"IDE_DEACTIVATED"}
{"ts":1773092341471,"action":"IDE_ACTIVATED"}
{"ts":1773092350979,"action":"IDE_DEACTIVATED"}
{"ts":1773092400428,"action":"IDE_ACTIVATED"}
{"ts":1773092416178,"action":"IDE_DEACTIVATED"}
{"ts":1773092445770,"action":"IDE_ACTIVATED"}
{"ts":1773092485060,"action":"IDE_DEACTIVATED"}
{"ts":1773092561968,"action":"IDE_ACTIVATED"}
{"ts":1773092564973,"action":"IDE_DEACTIVATED"}
{"ts":1773092565046,"action":"IDE_ACTIVATED"}
{"ts":1773092627747,"action":"IDE_DEACTIVATED"}
{"ts":1773092629066,"action":"IDE_ACTIVATED"}
{"ts":1773092636516,"action":"IDE_DEACTIVATED"}
{"ts":1773092636587,"action":"IDE_ACTIVATED"}
{"ts":1773092642654,"action":"IDE_DEACTIVATED"}
{"ts":1773092717210,"action":"IDE_ACTIVATED"}
{"ts":1773092827678,"action":"IDE_DEACTIVATED"}
{"ts":1773093140173,"action":"IDE_ACTIVATED"}
{"ts":1773093242743,"action":"IDE_DEACTIVATED"}
{"ts":1773093244707,"action":"IDE_ACTIVATED"}
{"ts":1773093249942,"action":"IDE_DEACTIVATED"}
{"ts":1773093250023,"action":"IDE_ACTIVATED"}
{"ts":1773093266932,"action":"IDE_DEACTIVATED"}
{"ts":1773093267325,"action":"IDE_ACTIVATED"}
{"ts":1773093268290,"action":"IDE_DEACTIVATED"}
{"ts":1773093292482,"action":"IDE_ACTIVATED"}
{"ts":1773093306763,"action":"IDE_DEACTIVATED"}
{"ts":1773093316020,"action":"IDE_ACTIVATED"}
{"ts":1773093318997,"action":"IDE_DEACTIVATED"}
{"ts":1773093322814,"action":"IDE_ACTIVATED"}
{"ts":1773093328138,"action":"IDE_DEACTIVATED"}
{"ts":1773093328238,"action":"IDE_ACTIVATED"}
{"ts":1773093348649,"action":"IDE_DEACTIVATED"}
{"ts":1773093357959,"action":"IDE_ACTIVATED"}
{"ts":1773093358877,"action":"IDE_DEACTIVATED"}
{"ts":1773093360031,"action":"IDE_ACTIVATED"}
{"ts":1773093369311,"action":"IDE_DEACTIVATED"}
{"ts":1773093372052,"action":"IDE_ACTIVATED"}
{"ts":1773093375564,"action":"IDE_DEACTIVATED"}
{"ts":1773093375796,"action":"IDE_ACTIVATED"}
{"ts":1773093376720,"action":"IDE_DEACTIVATED"}
{"ts":1773093389801,"action":"IDE_ACTIVATED"}
{"ts":1773093390949,"action":"IDE_DEACTIVATED"}
{"ts":1773093392495,"action":"IDE_ACTIVATED"}
{"ts":1773093401458,"action":"IDE_DEACTIVATED"}
{"ts":1773093402810,"action":"IDE_ACTIVATED"}
{"ts":1773093411433,"action":"IDE_DEACTIVATED"}
{"ts":1773093418979,"action":"IDE_ACTIVATED"}
{"ts":1773093419548,"action":"IDE_DEACTIVATED"}
{"ts":1773093419960,"action":"IDE_ACTIVATED"}
{"ts":1773093436209,"action":"IDE_DEACTIVATED"}
{"ts":1773093436309,"action":"IDE_ACTIVATED"}
{"ts":1773093437074,"action":"IDE_DEACTIVATED"}
{"ts":1773093458790,"action":"IDE_ACTIVATED"}
{"ts":1773093459703,"action":"IDE_DEACTIVATED"}
{"ts":1773093460054,"action":"IDE_ACTIVATED"}
{"ts":1773093492499,"action":"IDE_DEACTIVATED"}
{"ts":1773093494041,"action":"IDE_ACTIVATED"}
{"ts":1773093578786,"action":"IDE_DEACTIVATED"}
{"ts":1773093579271,"action":"IDE_ACTIVATED"}
{"ts":1773093579725,"action":"IDE_DEACTIVATED"}
{"ts":1773093579853,"action":"IDE_ACTIVATED"}
{"ts":1773093649151,"action":"IDE_DEACTIVATED"}
{"ts":1773093690054,"action":"IDE_ACTIVATED"}
{"ts":1773093737581,"action":"IDE_DEACTIVATED"}
{"ts":1773093739348,"action":"IDE_ACTIVATED"}
{"ts":1773093744069,"action":"IDE_DEACTIVATED"}
{"ts":1773093856412,"action":"IDE_ACTIVATED"}
{"ts":1773093859764,"action":"IDE_DEACTIVATED"}
{"ts":1773093870453,"action":"IDE_ACTIVATED"}
{"ts":1773093879776,"action":"IDE_DEACTIVATED"}
{"ts":1773093882623,"action":"IDE_ACTIVATED"}
{"ts":1773093888022,"action":"IDE_DEACTIVATED"}
{"ts":1773093888091,"action":"IDE_ACTIVATED"}
{"ts":1773093889291,"action":"IDE_DEACTIVATED"}
{"ts":1773094024921,"action":"IDE_ACTIVATED"}
{"ts":1773094048846,"action":"IDE_DEACTIVATED"}
{"ts":1773094070053,"action":"IDE_ACTIVATED"}
{"ts":1773094082048,"action":"IDE_DEACTIVATED"}
{"ts":1773094116583,"action":"IDE_ACTIVATED"}
{"ts":1773094123537,"action":"IDE_DEACTIVATED"}
{"ts":1773094182032,"action":"IDE_ACTIVATED"}
{"ts":1773094186513,"action":"IDE_DEACTIVATED"}
{"ts":1773094199685,"action":"IDE_ACTIVATED"}
{"ts":1773094232416,"action":"IDE_DEACTIVATED"}
{"ts":1773094232588,"action":"IDE_ACTIVATED"}
{"ts":1773094246289,"action":"IDE_DEACTIVATED"}
{"ts":1773094267141,"action":"IDE_ACTIVATED"}
{"ts":1773094290131,"action":"IDE_DEACTIVATED"}
{"ts":1773094290283,"action":"IDE_ACTIVATED"}
{"ts":1773094369073,"action":"IDE_DEACTIVATED"}
{"ts":1773094421892,"action":"IDE_ACTIVATED"}
{"ts":1773094425580,"action":"IDE_DEACTIVATED"}
{"ts":1773094436949,"action":"IDE_ACTIVATED"}
{"ts":1773094458920,"action":"IDE_DEACTIVATED"}
{"ts":1773094459093,"action":"IDE_ACTIVATED"}
{"ts":1773094502383,"action":"IDE_DEACTIVATED"}
{"ts":1773094509223,"action":"IDE_ACTIVATED"}
{"ts":1773094516353,"action":"IDE_DEACTIVATED"}
{"ts":1773094516551,"action":"IDE_ACTIVATED"}
{"ts":1773094530086,"action":"IDE_DEACTIVATED"}
{"ts":1773094550506,"action":"IDE_ACTIVATED"}
{"ts":1773094557470,"action":"IDE_DEACTIVATED"}
{"ts":1773094557657,"action":"IDE_ACTIVATED"}
{"ts":1773094600517,"action":"IDE_DEACTIVATED"}
{"ts":1773094651630,"action":"IDE_ACTIVATED"}
{"ts":1773094655428,"action":"IDE_DEACTIVATED"}
{"ts":1773094672210,"action":"IDE_ACTIVATED"}
{"ts":1773094774436,"action":"IDE_DEACTIVATED"}
{"ts":1773094860124,"action":"IDE_ACTIVATED"}
{"ts":1773094871368,"action":"IDE_DEACTIVATED"}
{"ts":1773094871452,"action":"IDE_ACTIVATED"}
{"ts":1773094893951,"action":"IDE_DEACTIVATED"}
{"ts":1773094913262,"action":"IDE_ACTIVATED"}
{"ts":1773094987013,"action":"IDE_DEACTIVATED"}
{"ts":1773095095175,"action":"IDE_ACTIVATED"}
{"ts":1773095143163,"action":"IDE_DEACTIVATED"}
{"ts":1773095151386,"action":"IDE_ACTIVATED"}
{"ts":1773095178802,"action":"IDE_DEACTIVATED"}
{"ts":1773095178885,"action":"IDE_ACTIVATED"}
{"ts":1773095182077,"action":"IDE_DEACTIVATED"}
{"ts":1773095182156,"action":"IDE_ACTIVATED"}
{"ts":1773095184513,"action":"IDE_DEACTIVATED"}
{"ts":1773095184583,"action":"IDE_ACTIVATED"}
{"ts":1773095195911,"action":"IDE_DEACTIVATED"}
{"ts":1773095196598,"action":"IDE_ACTIVATED"}
{"ts":1773095202657,"action":"IDE_DEACTIVATED"}
{"ts":1773095205207,"action":"IDE_ACTIVATED"}
{"ts":1773095211402,"action":"IDE_DEACTIVATED"}
{"ts":1773095212661,"action":"IDE_ACTIVATED"}
{"ts":1773095215608,"action":"IDE_DEACTIVATED"}
{"ts":1773095216369,"action":"IDE_ACTIVATED"}
{"ts":1773095242063,"action":"IDE_DEACTIVATED"}
{"ts":1773095244088,"action":"IDE_ACTIVATED"}
{"ts":1773095260802,"action":"IDE_DEACTIVATED"}
{"ts":1773095338406,"action":"IDE_ACTIVATED"}
{"ts":1773095400714,"action":"IDE_DEACTIVATED"}
{"ts":1773095411220,"action":"IDE_ACTIVATED"}
{"ts":1773095431244,"action":"IDE_DEACTIVATED"}
{"ts":1773095432734,"action":"IDE_ACTIVATED"}
{"ts":1773095646695,"action":"IDE_DEACTIVATED"}
{"ts":1773095647426,"action":"IDE_ACTIVATED"}
{"ts":1773095648228,"action":"IDE_DEACTIVATED"}
{"ts":1773095648344,"action":"IDE_ACTIVATED"}
{"ts":1773095683606,"action":"IDE_DEACTIVATED"}
{"ts":1773095966427,"action":"IDE_ACTIVATED"}
{"ts":1773096145574,"action":"IDE_DEACTIVATED"}
{"ts":1773096149266,"action":"IDE_ACTIVATED"}
{"ts":1773096175445,"action":"IDE_DEACTIVATED"}
{"ts":1773096182102,"action":"IDE_ACTIVATED"}
{"ts":1773096192481,"action":"IDE_DEACTIVATED"}
{"ts":1773096227902,"action":"IDE_ACTIVATED"}
{"ts":1773096288712,"action":"IDE_DEACTIVATED"}
{"ts":1773096323178,"action":"IDE_ACTIVATED"}
{"ts":1773096343986,"action":"IDE_DEACTIVATED"}
{"ts":1773096354797,"action":"IDE_ACTIVATED"}
{"ts":1773096364345,"action":"IDE_DEACTIVATED"}
{"ts":1773096410928,"action":"IDE_ACTIVATED"}
{"ts":1773096558127,"action":"IDE_DEACTIVATED"}
{"ts":1773096561774,"action":"IDE_ACTIVATED"}
{"ts":1773096563159,"action":"IDE_DEACTIVATED"}
{"ts":1773096563259,"action":"IDE_ACTIVATED"}
{"ts":1773096621648,"action":"IDE_DEACTIVATED"}
{"ts":1773096621750,"action":"IDE_ACTIVATED"}
{"ts":1773096689346,"action":"IDE_DEACTIVATED"}
{"ts":1773096716406,"action":"IDE_ACTIVATED"}
{"ts":1773096740813,"action":"IDE_DEACTIVATED"}
{"ts":1773096740943,"action":"IDE_ACTIVATED"}
{"ts":1773096745783,"action":"IDE_DEACTIVATED"}
{"ts":1773096745890,"action":"IDE_ACTIVATED"}
{"ts":1773096772369,"action":"IDE_DEACTIVATED"}
{"ts":1773096780260,"action":"IDE_ACTIVATED"}
{"ts":1773096799434,"action":"IDE_DEACTIVATED"}
{"ts":1773096904823,"action":"IDE_ACTIVATED"}
{"ts":1773096956788,"action":"IDE_DEACTIVATED"}
{"ts":1773096977854,"action":"IDE_ACTIVATED"}
{"ts":1773097118216,"action":"IDE_DEACTIVATED"}
{"ts":1773097176859,"action":"IDE_ACTIVATED"}
{"ts":1773097177984,"action":"IDE_DEACTIVATED"}
{"ts":1773097375301,"action":"IDE_ACTIVATED"}
{"ts":1773097439158,"action":"IDE_DEACTIVATED"}
{"ts":1773097531183,"action":"IDE_ACTIVATED"}
{"ts":1773097633839,"action":"IDE_DEACTIVATED"}
{"ts":1773097771306,"action":"IDE_ACTIVATED"}
{"ts":1773097774423,"action":"IDE_DEACTIVATED"}
{"ts":1773097882096,"action":"IDE_ACTIVATED"}
{"ts":1773097944800,"action":"IDE_DEACTIVATED"}
{"ts":1773097946684,"action":"IDE_ACTIVATED"}
{"ts":1773098104466,"action":"IDE_DEACTIVATED"}
{"ts":1773098250703,"action":"IDE_ACTIVATED"}
{"ts":1773098263535,"action":"FILE_OPENED","file":"/docs/plans/kind-greeting-acorn.md","tags":{"FILE_LINE_OF_CODE":"256"}}
{"ts":1773098283383,"action":"IDE_DEACTIVATED"}
{"ts":1773098283459,"action":"IDE_ACTIVATED"}
{"ts":1773098331936,"action":"IDE_DEACTIVATED"}
{"ts":1773098332498,"action":"IDE_ACTIVATED"}
{"ts":1773098332938,"action":"IDE_DEACTIVATED"}
{"ts":1773098333074,"action":"IDE_ACTIVATED"}
{"ts":1773098371346,"action":"IDE_DEACTIVATED"}
{"ts":1773098372657,"action":"IDE_ACTIVATED"}
{"ts":1773098375043,"action":"IDE_DEACTIVATED"}
{"ts":1773098375175,"action":"IDE_ACTIVATED"}
{"ts":1773098381247,"action":"IDE_DEACTIVATED"}
{"ts":1773098389481,"action":"IDE_ACTIVATED"}
{"ts":1773098393877,"action":"IDE_DEACTIVATED"}
{"ts":1773098396822,"action":"IDE_ACTIVATED"}
{"ts":1773098400682,"action":"IDE_DEACTIVATED"}
{"ts":1773098400766,"action":"IDE_ACTIVATED"}
{"ts":1773098405172,"action":"IDE_DEACTIVATED"}
{"ts":1773098409177,"action":"IDE_ACTIVATED"}
{"ts":1773098411822,"action":"IDE_DEACTIVATED"}
{"ts":1773098418561,"action":"IDE_ACTIVATED"}
{"ts":1773098419020,"action":"IDE_DEACTIVATED"}
{"ts":1773098507083,"action":"IDE_ACTIVATED"}
{"ts":1773098517846,"action":"IDE_DEACTIVATED"}
{"ts":1773098626902,"action":"IDE_ACTIVATED"}
{"ts":1773098668998,"action":"IDE_DEACTIVATED"}
{"ts":1773098671041,"action":"IDE_ACTIVATED"}
{"ts":1773098672561,"action":"IDE_DEACTIVATED"}
{"ts":1773098758616,"action":"IDE_ACTIVATED"}
{"ts":1773098780311,"action":"IDE_DEACTIVATED"}
{"ts":1773098824838,"action":"IDE_ACTIVATED"}
{"ts":1773098857001,"action":"FILE_CLOSED","file":"/docs/plans/kind-greeting-acorn.md","tags":{"FILE_LINE_OF_CODE":"256"}}
{"ts":1773098857001,"action":"FILE_OPENED","file":"/database/models.py","tags":{"FILE_LINE_OF_CODE":"384"}}
{"ts":1773099104641,"action":"IDE_DEACTIVATED"}
{"ts":1773099105643,"action":"IDE_ACTIVATED"}
{"ts":1773099428452,"action":"IDE_DEACTIVATED"}
{"ts":1773099428536,"action":"IDE_ACTIVATED"}
{"ts":1773099432511,"action":"IDE_DEACTIVATED"}
{"ts":1773099432602,"action":"IDE_ACTIVATED"}
{"ts":1773099539758,"action":"IDE_DEACTIVATED"}
{"ts":1773099576749,"action":"IDE_ACTIVATED"}
{"ts":1773099580974,"action":"IDE_DEACTIVATED"}
{"ts":1773099592075,"action":"IDE_ACTIVATED"}
{"ts":1773099615348,"action":"IDE_DEACTIVATED"}
{"ts":1773099622920,"action":"IDE_ACTIVATED"}
{"ts":1773099632555,"action":"IDE_DEACTIVATED"}
{"ts":1773099635412,"action":"IDE_ACTIVATED"}
{"ts":1773099636196,"action":"IDE_DEACTIVATED"}
{"ts":1773099638357,"action":"IDE_ACTIVATED"}
{"ts":1773099683365,"action":"IDE_DEACTIVATED"}
{"ts":1773099684580,"action":"IDE_ACTIVATED"}
{"ts":1773099691905,"action":"IDE_DEACTIVATED"}
{"ts":1773099692013,"action":"IDE_ACTIVATED"}
{"ts":1773099695601,"action":"IDE_DEACTIVATED"}
{"ts":1773099695726,"action":"IDE_ACTIVATED"}
{"ts":1773099907249,"action":"IDE_DEACTIVATED"}
{"ts":1773099910029,"action":"IDE_ACTIVATED"}
{"ts":1773100106045,"action":"IDE_DEACTIVATED"}
{"ts":1773100110313,"action":"IDE_ACTIVATED"}
{"ts":1773100119041,"action":"IDE_DEACTIVATED"}
{"ts":1773100173120,"action":"IDE_ACTIVATED"}
{"ts":1773100176837,"action":"IDE_DEACTIVATED"}
{"ts":1773100176948,"action":"IDE_ACTIVATED"}
{"ts":1773100176956,"action":"IDE_DEACTIVATED"}
{"ts":1773100299719,"action":"IDE_ACTIVATED"}
{"ts":1773100319604,"action":"IDE_DEACTIVATED"}
{"ts":1773100319711,"action":"IDE_ACTIVATED"}
{"ts":1773100329036,"action":"IDE_DEACTIVATED"}
{"ts":1773100335415,"action":"IDE_ACTIVATED"}
{"ts":1773100337286,"action":"IDE_DEACTIVATED"}
{"ts":1773100344825,"action":"IDE_ACTIVATED"}
{"ts":1773100351715,"action":"IDE_DEACTIVATED"}
{"ts":1773100353213,"action":"IDE_ACTIVATED"}
{"ts":1773100379638,"action":"IDE_DEACTIVATED"}
{"ts":1773100463460,"action":"IDE_ACTIVATED"}
{"ts":1773100522447,"action":"IDE_DEACTIVATED"}
{"ts":1773100522580,"action":"IDE_ACTIVATED"}
{"ts":1773100526523,"action":"IDE_DEACTIVATED"}
{"ts":1773100528156,"action":"IDE_ACTIVATED"}
{"ts":1773100536800,"action":"IDE_DEACTIVATED"}
{"ts":1773100536910,"action":"IDE_ACTIVATED"}
{"ts":1773100543806,"action":"IDE_DEACTIVATED"}
{"ts":1773100543917,"action":"IDE_ACTIVATED"}
{"ts":1773100550211,"action":"IDE_DEACTIVATED"}
{"ts":1773100644931,"action":"IDE_ACTIVATED"}
{"ts":1773100652958,"action":"IDE_DEACTIVATED"}
{"ts":1773100653931,"action":"IDE_ACTIVATED"}
{"ts":1773100656705,"action":"IDE_DEACTIVATED"}
{"ts":1773100702546,"action":"IDE_ACTIVATED"}
{"ts":1773100750092,"action":"IDE_DEACTIVATED"}
{"ts":1773100758034,"action":"IDE_ACTIVATED"}
{"ts":1773100794482,"action":"IDE_DEACTIVATED"}
{"ts":1773100797038,"action":"IDE_ACTIVATED"}
{"ts":1773100929842,"action":"IDE_DEACTIVATED"}
{"ts":1773100932661,"action":"IDE_ACTIVATED"}
{"ts":1773100959974,"action":"IDE_DEACTIVATED"}
{"ts":1773101049489,"action":"IDE_ACTIVATED"}
{"ts":1773101055428,"action":"IDE_DEACTIVATED"}
{"ts":1773101055529,"action":"IDE_ACTIVATED"}
{"ts":1773101068072,"action":"IDE_DEACTIVATED"}
{"ts":1773101094910,"action":"IDE_ACTIVATED"}
{"ts":1773101126078,"action":"IDE_DEACTIVATED"}
{"ts":1773101143723,"action":"IDE_ACTIVATED"}
{"ts":1773101145261,"action":"IDE_DEACTIVATED"}
{"ts":1773101145844,"action":"IDE_ACTIVATED"}
{"ts":1773101167239,"action":"FILE_CLOSED","file":"/database/models.py","tags":{"FILE_LINE_OF_CODE":"384"}}
{"ts":1773101167239,"action":"FILE_OPENED","file":"/templates/employees/view.html","tags":{"FILE_LINE_OF_CODE":"1008"}}
{"ts":1773101363605,"action":"FILE_CLOSED","file":"/templates/employees/view.html","tags":{"FILE_LINE_OF_CODE":"1008"}}
{"ts":1773101363605,"action":"FILE_OPENED","file":"/templates/base.html","tags":{"FILE_LINE_OF_CODE":"77"}}
{"ts":1773101423845,"action":"FILE_CLOSED","file":"/templates/base.html","tags":{"FILE_LINE_OF_CODE":"77"}}
{"ts":1773101423845,"action":"FILE_OPENED","file":"/templates/employees/view.html","tags":{"FILE_LINE_OF_CODE":"1008"}}
{"ts":1773101443898,"action":"IDE_DEACTIVATED"}
{"ts":1773101468821,"action":"IDE_ACTIVATED"}
{"ts":1773101474195,"action":"IDE_DEACTIVATED"}
{"ts":1773101478006,"action":"IDE_ACTIVATED"}
{"ts":1773101491043,"action":"IDE_DEACTIVATED"}
{"ts":1773101491934,"action":"IDE_ACTIVATED"}
{"ts":1773101506208,"action":"IDE_DEACTIVATED"}
{"ts":1773101509713,"action":"IDE_ACTIVATED"}
{"ts":1773101513404,"action":"IDE_DEACTIVATED"}
{"ts":1773101516902,"action":"IDE_ACTIVATED"}
{"ts":1773101517559,"action":"IDE_DEACTIVATED"}
{"ts":1773101546582,"action":"IDE_ACTIVATED"}
{"ts":1773101575798,"action":"IDE_DEACTIVATED"}
{"ts":1773101577115,"action":"IDE_ACTIVATED"}
{"ts":1773101579792,"action":"IDE_DEACTIVATED"}
{"ts":1773101580520,"action":"IDE_ACTIVATED"}
{"ts":1773101618006,"action":"IDE_DEACTIVATED"}
{"ts":1773101631122,"action":"IDE_ACTIVATED"}
{"ts":1773101634895,"action":"IDE_DEACTIVATED"}
{"ts":1773101634985,"action":"IDE_ACTIVATED"}
{"ts":1773101674466,"action":"IDE_DEACTIVATED"}
{"ts":1773101706425,"action":"IDE_ACTIVATED"}
{"ts":1773101787148,"action":"IDE_DEACTIVATED"}
{"ts":1773101801051,"action":"IDE_ACTIVATED"}
{"ts":1773101824921,"action":"IDE_DEACTIVATED"}
{"ts":1773101870081,"action":"IDE_ACTIVATED"}
{"ts":1773101906639,"action":"IDE_DEACTIVATED"}
{"ts":1773101908989,"action":"IDE_ACTIVATED"}
{"ts":1773102025874,"action":"IDE_DEACTIVATED"}
{"ts":1773102038463,"action":"IDE_ACTIVATED"}
{"ts":1773102081719,"action":"IDE_DEACTIVATED"}
{"ts":1773102085427,"action":"IDE_ACTIVATED"}
{"ts":1773102100729,"action":"IDE_DEACTIVATED"}
{"ts":1773102107401,"action":"IDE_ACTIVATED"}
{"ts":1773102107755,"action":"IDE_DEACTIVATED"}
{"ts":1773102113525,"action":"IDE_ACTIVATED"}
{"ts":1773102114305,"action":"IDE_DEACTIVATED"}
{"ts":1773102114867,"action":"IDE_ACTIVATED"}
{"ts":1773102337031,"action":"IDE_DEACTIVATED"}
{"ts":1773102337124,"action":"IDE_ACTIVATED"}
{"ts":1773102339751,"action":"IDE_DEACTIVATED"}
{"ts":1773102577885,"action":"IDE_ACTIVATED"}
{"ts":1773102628290,"action":"IDE_DEACTIVATED"}
{"ts":1773102632409,"action":"IDE_ACTIVATED"}
{"ts":1773102634069,"action":"IDE_DEACTIVATED"}
{"ts":1773102689262,"action":"IDE_ACTIVATED"}
{"ts":1773102750726,"action":"IDE_DEACTIVATED"}
{"ts":1773102797758,"action":"IDE_ACTIVATED"}
{"ts":1773102804786,"action":"IDE_DEACTIVATED"}
{"ts":1773102807117,"action":"IDE_ACTIVATED"}
{"ts":1773102888327,"action":"IDE_DEACTIVATED"}
{"ts":1773102973262,"action":"IDE_ACTIVATED"}
{"ts":1773103210616,"action":"IDE_DEACTIVATED"}
{"ts":1773103217944,"action":"IDE_ACTIVATED"}
{"ts":1773103260684,"action":"IDE_DEACTIVATED"}
{"ts":1773103260840,"action":"IDE_ACTIVATED"}
{"ts":1773103762098,"action":"IDE_DEACTIVATED"}
{"ts":1773103768279,"action":"IDE_ACTIVATED"}
{"ts":1773103836370,"action":"IDE_DEACTIVATED"}
{"ts":1773103837094,"action":"IDE_ACTIVATED"}
{"ts":1773103844637,"action":"IDE_DEACTIVATED"}
{"ts":1773103846879,"action":"IDE_ACTIVATED"}
{"ts":1773103858789,"action":"IDE_DEACTIVATED"}
{"ts":1773103866636,"action":"IDE_ACTIVATED"}
{"ts":1773103870674,"action":"IDE_DEACTIVATED"}
{"ts":1773103871800,"action":"IDE_ACTIVATED"}
{"ts":1773103873500,"action":"IDE_DEACTIVATED"}
{"ts":1773103873582,"action":"IDE_ACTIVATED"}
{"ts":1773103874700,"action":"IDE_DEACTIVATED"}
{"ts":1773103874816,"action":"IDE_ACTIVATED"}
{"ts":1773103881345,"action":"IDE_DEACTIVATED"}
{"ts":1773103882749,"action":"IDE_ACTIVATED"}
{"ts":1773103896916,"action":"IDE_DEACTIVATED"}
{"ts":1773103958360,"action":"IDE_ACTIVATED"}
{"ts":1773103965913,"action":"IDE_DEACTIVATED"}
{"ts":1773103967481,"action":"IDE_ACTIVATED"}
{"ts":1773104016795,"action":"IDE_DEACTIVATED"}
{"ts":1773104022173,"action":"IDE_ACTIVATED"}
{"ts":1773104421174,"action":"IDE_DEACTIVATED"}
{"ts":1773104431701,"action":"IDE_ACTIVATED"}
{"ts":1773104435320,"action":"IDE_DEACTIVATED"}
{"ts":1773104441656,"action":"IDE_ACTIVATED"}
{"ts":1773104462686,"action":"IDE_DEACTIVATED"}
{"ts":1773104484311,"action":"IDE_ACTIVATED"}
{"ts":1773104493256,"action":"IDE_DEACTIVATED"}
{"ts":1773104495934,"action":"IDE_ACTIVATED"}
{"ts":1773104510466,"action":"IDE_DEACTIVATED"}
{"ts":1773104512624,"action":"IDE_ACTIVATED"}
{"ts":1773104513687,"action":"IDE_DEACTIVATED"}
{"ts":1773104514506,"action":"IDE_ACTIVATED"}
{"ts":1773104521296,"action":"IDE_DEACTIVATED"}
{"ts":1773104521472,"action":"IDE_ACTIVATED"}
{"ts":1773104522205,"action":"IDE_DEACTIVATED"}
{"ts":1773104524278,"action":"IDE_ACTIVATED"}
{"ts":1773104539120,"action":"IDE_DEACTIVATED"}
{"ts":1773104539845,"action":"IDE_ACTIVATED"}
{"ts":1773104540894,"action":"IDE_DEACTIVATED"}
{"ts":1773104541015,"action":"IDE_ACTIVATED"}
{"ts":1773104565421,"action":"IDE_DEACTIVATED"}
{"ts":1773104566729,"action":"IDE_ACTIVATED"}
{"ts":1773104567697,"action":"IDE_DEACTIVATED"}
{"ts":1773104567796,"action":"IDE_ACTIVATED"}
{"ts":1773104592567,"action":"IDE_DEACTIVATED"}
{"ts":1773104593495,"action":"IDE_ACTIVATED"}
{"ts":1773104594449,"action":"IDE_DEACTIVATED"}
{"ts":1773104597130,"action":"IDE_ACTIVATED"}
{"ts":1773104598691,"action":"IDE_DEACTIVATED"}
{"ts":1773104599417,"action":"IDE_ACTIVATED"}
{"ts":1773104658858,"action":"IDE_DEACTIVATED"}
{"ts":1773104725586,"action":"IDE_ACTIVATED"}
{"ts":1773104736432,"action":"IDE_DEACTIVATED"}
{"ts":1773104747011,"action":"IDE_ACTIVATED"}
{"ts":1773104749642,"action":"IDE_DEACTIVATED"}
{"ts":1773104756948,"action":"IDE_ACTIVATED"}
{"ts":1773104765746,"action":"IDE_DEACTIVATED"}
{"ts":1773104944984,"action":"IDE_ACTIVATED"}
{"ts":1773104957321,"action":"IDE_DEACTIVATED"}
{"ts":1773104958622,"action":"IDE_ACTIVATED"}
{"ts":1773105075606,"action":"IDE_DEACTIVATED"}
{"ts":1773105123000,"action":"IDE_ACTIVATED"}
{"ts":1773105127865,"action":"IDE_DEACTIVATED"}
{"ts":1773105426963,"action":"IDE_ACTIVATED"}
{"ts":1773105639049,"action":"IDE_DEACTIVATED"}
{"ts":1773105641198,"action":"IDE_ACTIVATED"}
{"ts":1773105649667,"action":"IDE_DEACTIVATED"}
{"ts":1773105660093,"action":"IDE_ACTIVATED"}
{"ts":1773105685611,"action":"IDE_DEACTIVATED"}
{"ts":1773105697298,"action":"IDE_ACTIVATED"}
{"ts":1773105961554,"action":"IDE_DEACTIVATED"}
{"ts":1773105977347,"action":"IDE_ACTIVATED"}
{"ts":1773106021987,"action":"IDE_DEACTIVATED"}
{"ts":1773106026381,"action":"IDE_ACTIVATED"}
{"ts":1773106066055,"action":"IDE_DEACTIVATED"}
{"ts":1773106086043,"action":"IDE_ACTIVATED"}
{"ts":1773106583668,"action":"IDE_DEACTIVATED"}
{"ts":1773106585384,"action":"IDE_ACTIVATED"}
{"ts":1773106590808,"action":"IDE_DEACTIVATED"}
{"ts":1773106593711,"action":"IDE_ACTIVATED"}
{"ts":1773106618387,"action":"IDE_DEACTIVATED"}
{"ts":1773106631344,"action":"IDE_ACTIVATED"}
{"ts":1773106678033,"action":"IDE_DEACTIVATED"}
{"ts":1773106681915,"action":"IDE_ACTIVATED"}
{"ts":1773106689314,"action":"IDE_DEACTIVATED"}
{"ts":1773106694694,"action":"IDE_ACTIVATED"}
{"ts":1773106875361,"action":"IDE_DEACTIVATED"}
{"ts":1773106880728,"action":"IDE_ACTIVATED"}
{"ts":1773106921686,"action":"IDE_DEACTIVATED"}
{"ts":1773106921760,"action":"IDE_ACTIVATED"}
{"ts":1773106923037,"action":"IDE_DEACTIVATED"}
{"ts":1773106923113,"action":"IDE_ACTIVATED"}
{"ts":1773106954772,"action":"IDE_DEACTIVATED"}
{"ts":1773106954895,"action":"IDE_ACTIVATED"}
{"ts":1773106985438,"action":"IDE_DEACTIVATED"}
{"ts":1773106986889,"action":"IDE_ACTIVATED"}
{"ts":1773106987649,"action":"IDE_DEACTIVATED"}
{"ts":1773106987800,"action":"IDE_ACTIVATED"}
{"ts":1773107254053,"action":"IDE_DEACTIVATED"}
{"ts":1773107268243,"action":"IDE_ACTIVATED"}
{"ts":1773107274763,"action":"IDE_DEACTIVATED"}
{"ts":1773107282303,"action":"IDE_ACTIVATED"}
{"ts":1773107287543,"action":"IDE_DEACTIVATED"}
{"ts":1773107293276,"action":"IDE_ACTIVATED"}
{"ts":1773107297619,"action":"IDE_DEACTIVATED"}
{"ts":1773107304625,"action":"IDE_ACTIVATED"}
{"ts":1773107316257,"action":"IDE_DEACTIVATED"}
{"ts":1773107318427,"action":"IDE_ACTIVATED"}
{"ts":1773107319713,"action":"IDE_DEACTIVATED"}
{"ts":1773107323871,"action":"IDE_ACTIVATED"}
{"ts":1773107325458,"action":"IDE_DEACTIVATED"}
{"ts":1773107436669,"action":"IDE_ACTIVATED"}
{"ts":1773107437865,"action":"IDE_DEACTIVATED"}
{"ts":1773107438607,"action":"IDE_ACTIVATED"}
{"ts":1773107633575,"action":"IDE_DEACTIVATED"}
{"ts":1773107635615,"action":"IDE_ACTIVATED"}
{"ts":1773107658427,"action":"IDE_DEACTIVATED"}
{"ts":1773107668659,"action":"IDE_ACTIVATED"}
{"ts":1773107722583,"action":"IDE_DEACTIVATED"}
{"ts":1773107725208,"action":"IDE_ACTIVATED"}
{"ts":1773107848408,"action":"IDE_DEACTIVATED"}
{"ts":1773107853824,"action":"IDE_ACTIVATED"}
{"ts":1773107873556,"action":"IDE_DEACTIVATED"}
{"ts":1773107875688,"action":"IDE_ACTIVATED"}
{"ts":1773107877345,"action":"IDE_DEACTIVATED"}
{"ts":1773107890718,"action":"IDE_ACTIVATED"}
{"ts":1773107895377,"action":"IDE_DEACTIVATED"}
{"ts":1773107896208,"action":"IDE_ACTIVATED"}
{"ts":1773107906309,"action":"IDE_DEACTIVATED"}
{"ts":1773107911466,"action":"IDE_ACTIVATED"}
{"ts":1773107915165,"action":"IDE_DEACTIVATED"}
{"ts":1773107916228,"action":"IDE_ACTIVATED"}
{"ts":1773107919435,"action":"IDE_DEACTIVATED"}
{"ts":1773108154905,"action":"IDE_ACTIVATED"}
{"ts":1773108171552,"action":"IDE_DEACTIVATED"}
{"ts":1773108262000,"action":"IDE_ACTIVATED"}
{"ts":1773108285887,"action":"IDE_DEACTIVATED"}
{"ts":1773108305920,"action":"IDE_ACTIVATED"}
{"ts":1773108317853,"action":"IDE_DEACTIVATED"}
{"ts":1773108320140,"action":"IDE_ACTIVATED"}
{"ts":1773108333805,"action":"IDE_DEACTIVATED"}
{"ts":1773108336271,"action":"IDE_ACTIVATED"}
{"ts":1773108354203,"action":"IDE_DEACTIVATED"}
{"ts":1773108405179,"action":"IDE_ACTIVATED"}
{"ts":1773108514117,"action":"IDE_DEACTIVATED"}
{"ts":1773108514728,"action":"IDE_ACTIVATED"}
{"ts":1773108516456,"action":"IDE_DEACTIVATED"}
{"ts":1773108516593,"action":"IDE_ACTIVATED"}
{"ts":1773109103698,"action":"IDE_DEACTIVATED"}
{"ts":1773109105886,"action":"IDE_ACTIVATED"}
{"ts":1773109111177,"action":"IDE_DEACTIVATED"}
{"ts":1773109121699,"action":"IDE_ACTIVATED"}
{"ts":1773109140462,"action":"IDE_DEACTIVATED"}
{"ts":1773109144723,"action":"IDE_ACTIVATED"}
{"ts":1773109160740,"action":"IDE_DEACTIVATED"}
{"ts":1773109163389,"action":"IDE_ACTIVATED"}
{"ts":1773109170578,"action":"IDE_DEACTIVATED"}
{"ts":1773109175246,"action":"IDE_ACTIVATED"}
{"ts":1773109177634,"action":"IDE_DEACTIVATED"}
{"ts":1773109297384,"action":"IDE_ACTIVATED"}
{"ts":1773109298621,"action":"IDE_DEACTIVATED"}
{"ts":1773109299131,"action":"IDE_ACTIVATED"}
{"ts":1773109449183,"action":"IDE_DEACTIVATED"}
{"ts":1773109462385,"action":"IDE_ACTIVATED"}
{"ts":1773109530053,"action":"IDE_DEACTIVATED"}
{"ts":1773109634330,"action":"IDE_ACTIVATED"}
{"ts":1773109686204,"action":"IDE_DEACTIVATED"}
{"ts":1773109706600,"action":"IDE_ACTIVATED"}
{"ts":1773109708087,"action":"FILE_CLOSED","file":"/templates/employees/view.html","tags":{"FILE_LINE_OF_CODE":"1057"}}
{"ts":1773109708087,"action":"FILE_OPENED","file":"/database/models.py","tags":{"FILE_LINE_OF_CODE":"385"}}
{"ts":1773109897734,"action":"IDE_DEACTIVATED"}
{"ts":1773109899525,"action":"IDE_ACTIVATED"}
{"ts":1773110021138,"action":"IDE_DEACTIVATED"}
{"ts":1773110021824,"action":"IDE_ACTIVATED"}
{"ts":1773110022400,"action":"IDE_DEACTIVATED"}
{"ts":1773110022557,"action":"IDE_ACTIVATED"}
{"ts":1773110061278,"action":"IDE_DEACTIVATED"}
{"ts":1773110082155,"action":"IDE_ACTIVATED"}
{"ts":1773110161270,"action":"IDE_DEACTIVATED"}
{"ts":1773110161359,"action":"IDE_ACTIVATED"}
{"ts":1773110166333,"action":"IDE_DEACTIVATED"}
{"ts":1773110166410,"action":"IDE_ACTIVATED"}
{"ts":1773110173679,"action":"IDE_DEACTIVATED"}
{"ts":1773110177381,"action":"IDE_ACTIVATED"}
{"ts":1773110202337,"action":"IDE_DEACTIVATED"}
{"ts":1773110202458,"action":"IDE_ACTIVATED"}
{"ts":1773110204729,"action":"IDE_DEACTIVATED"}
{"ts":1773110308068,"action":"IDE_ACTIVATED"}
{"ts":1773110410528,"action":"IDE_DEACTIVATED"}
{"ts":1773110513487,"action":"IDE_ACTIVATED"}
{"ts":1773110696239,"action":"IDE_DEACTIVATED"}
{"ts":1773110729140,"action":"IDE_ACTIVATED"}
{"ts":1773110733562,"action":"IDE_DEACTIVATED"}
{"ts":1773110752190,"action":"IDE_ACTIVATED"}
{"ts":1773110999003,"action":"IDE_DEACTIVATED"}
{"ts":1773111001558,"action":"IDE_ACTIVATED"}
{"ts":1773111147047,"action":"IDE_DEACTIVATED"}
{"ts":1773111225611,"action":"IDE_ACTIVATED"}
{"ts":1773111305019,"action":"IDE_DEACTIVATED"}
{"ts":1773111310432,"action":"IDE_ACTIVATED"}
{"ts":1773111429214,"action":"IDE_DEACTIVATED"}
{"ts":1773111435088,"action":"IDE_ACTIVATED"}
{"ts":1773111464698,"action":"IDE_DEACTIVATED"}
{"ts":1773111466926,"action":"IDE_ACTIVATED"}
{"ts":1773111473972,"action":"IDE_DEACTIVATED"}
{"ts":1773111483891,"action":"IDE_ACTIVATED"}
{"ts":1773111489434,"action":"IDE_DEACTIVATED"}
{"ts":1773111493998,"action":"IDE_ACTIVATED"}
{"ts":1773111499176,"action":"IDE_DEACTIVATED"}
{"ts":1773111499937,"action":"IDE_ACTIVATED"}
{"ts":1773111503802,"action":"IDE_DEACTIVATED"}
{"ts":1773111509556,"action":"IDE_ACTIVATED"}
{"ts":1773111516550,"action":"IDE_DEACTIVATED"}
{"ts":1773111522825,"action":"IDE_ACTIVATED"}
{"ts":1773111526006,"action":"IDE_DEACTIVATED"}
{"ts":1773111528666,"action":"IDE_ACTIVATED"}
{"ts":1773111530078,"action":"IDE_DEACTIVATED"}
{"ts":1773111635720,"action":"IDE_ACTIVATED"}
{"ts":1773111678683,"action":"IDE_DEACTIVATED"}
{"ts":1773111679627,"action":"IDE_ACTIVATED"}
{"ts":1773111691807,"action":"IDE_DEACTIVATED"}
{"ts":1773111692458,"action":"IDE_ACTIVATED"}
{"ts":1773111695403,"action":"IDE_DEACTIVATED"}
{"ts":1773111696326,"action":"IDE_ACTIVATED"}
{"ts":1773111714323,"action":"IDE_DEACTIVATED"}
{"ts":1773111715055,"action":"IDE_ACTIVATED"}
{"ts":1773111717509,"action":"IDE_DEACTIVATED"}
{"ts":1773111717617,"action":"IDE_ACTIVATED"}
{"ts":1773111719283,"action":"IDE_DEACTIVATED"}
{"ts":1773111719400,"action":"IDE_ACTIVATED"}
{"ts":1773111740283,"action":"IDE_DEACTIVATED"}
{"ts":1773111740513,"action":"IDE_ACTIVATED"}
{"ts":1773111747490,"action":"IDE_DEACTIVATED"}
{"ts":1773111747604,"action":"IDE_ACTIVATED"}
{"ts":1773111753599,"action":"IDE_DEACTIVATED"}
{"ts":1773111753746,"action":"IDE_ACTIVATED"}
{"ts":1773111757419,"action":"IDE_DEACTIVATED"}
{"ts":1773111856337,"action":"IDE_ACTIVATED"}
{"ts":1773111863496,"action":"IDE_DEACTIVATED"}
{"ts":1773111875276,"action":"IDE_ACTIVATED"}
{"ts":1773111883837,"action":"IDE_DEACTIVATED"}
{"ts":1773111885222,"action":"IDE_ACTIVATED"}
{"ts":1773111900602,"action":"IDE_DEACTIVATED"}
{"ts":1773111901022,"action":"IDE_ACTIVATED"}
{"ts":1773111948720,"action":"IDE_DEACTIVATED"}
{"ts":1773111948966,"action":"IDE_ACTIVATED"}
{"ts":1773111949707,"action":"IDE_DEACTIVATED"}
{"ts":1773111953887,"action":"IDE_ACTIVATED"}
{"ts":1773111955169,"action":"IDE_DEACTIVATED"}
{"ts":1773111957690,"action":"IDE_ACTIVATED"}
{"ts":1773111968771,"action":"IDE_DEACTIVATED"}
{"ts":1773111971133,"action":"IDE_ACTIVATED"}
{"ts":1773112067924,"action":"IDE_DEACTIVATED"}
{"ts":1773112133970,"action":"IDE_ACTIVATED"}
{"ts":1773112148651,"action":"IDE_DEACTIVATED"}
{"ts":1773112154917,"action":"IDE_ACTIVATED"}
{"ts":1773112163747,"action":"IDE_DEACTIVATED"}
{"ts":1773112547991,"action":"IDE_ACTIVATED"}
{"ts":1773112552885,"action":"IDE_DEACTIVATED"}
{"ts":1773112641247,"action":"IDE_ACTIVATED"}
{"ts":1773112685705,"action":"IDE_DEACTIVATED"}
{"ts":1773112691477,"action":"IDE_ACTIVATED"}
{"ts":1773112701904,"action":"IDE_DEACTIVATED"}
{"ts":1773112708516,"action":"IDE_ACTIVATED"}
{"ts":1773112715799,"action":"IDE_DEACTIVATED"}
{"ts":1773112718883,"action":"IDE_ACTIVATED"}
{"ts":1773112727589,"action":"IDE_DEACTIVATED"}
{"ts":1773112738244,"action":"IDE_ACTIVATED"}
{"ts":1773112829567,"action":"IDE_DEACTIVATED"}
{"ts":1773112835063,"action":"IDE_ACTIVATED"}
{"ts":1773112859481,"action":"IDE_DEACTIVATED"}
{"ts":1773112910221,"action":"IDE_ACTIVATED"}
{"ts":1773112911378,"action":"IDE_DEACTIVATED"}
{"ts":1773112912899,"action":"IDE_ACTIVATED"}
{"ts":1773113166849,"action":"IDE_DEACTIVATED"}
{"ts":1773113168701,"action":"IDE_ACTIVATED"}
{"ts":1773113172193,"action":"IDE_DEACTIVATED"}
{"ts":1773113172362,"action":"IDE_ACTIVATED"}
{"ts":1773113175221,"action":"IDE_DEACTIVATED"}
{"ts":1773113175332,"action":"IDE_ACTIVATED"}
{"ts":1773113207225,"action":"IDE_DEACTIVATED"}
{"ts":1773113207388,"action":"IDE_ACTIVATED"}
{"ts":1773113282667,"action":"IDE_DEACTIVATED"}
{"ts":1773113282811,"action":"IDE_ACTIVATED"}
{"ts":1773113361059,"action":"IDE_DEACTIVATED"}
{"ts":1773113363524,"action":"IDE_ACTIVATED"}
{"ts":1773113457328,"action":"IDE_DEACTIVATED"}
{"ts":1773113457451,"action":"IDE_ACTIVATED"}
{"ts":1773113515760,"action":"IDE_DEACTIVATED"}
{"ts":1773113517067,"action":"IDE_ACTIVATED"}
{"ts":1773113517550,"action":"IDE_DEACTIVATED"}
{"ts":1773113520444,"action":"IDE_ACTIVATED"}
{"ts":1773113568788,"action":"IDE_DEACTIVATED"}
{"ts":1773113569025,"action":"IDE_ACTIVATED"}
{"ts":1773113574307,"action":"IDE_DEACTIVATED"}
{"ts":1773113574731,"action":"IDE_ACTIVATED"}
{"ts":1773113578962,"action":"IDE_DEACTIVATED"}
{"ts":1773113579088,"action":"IDE_ACTIVATED"}
{"ts":1773113580835,"action":"IDE_DEACTIVATED"}
{"ts":1773113581040,"action":"IDE_ACTIVATED"}
{"ts":1773113596646,"action":"IDE_DEACTIVATED"}
{"ts":1773113612388,"action":"IDE_ACTIVATED"}
{"ts":1773113629240,"action":"IDE_DEACTIVATED"}
{"ts":1773113740337,"action":"IDE_ACTIVATED"}
{"ts":1773113768910,"action":"IDE_DEACTIVATED"}
{"ts":1773113807978,"action":"IDE_ACTIVATED"}
{"ts":1773113931914,"action":"IDE_DEACTIVATED"}
{"ts":1773113980942,"action":"IDE_ACTIVATED"}
{"ts":1773114128326,"action":"IDE_DEACTIVATED"}
{"ts":1773114130474,"action":"IDE_ACTIVATED"}
{"ts":1773114179095,"action":"IDE_DEACTIVATED"}
{"ts":1773114354799,"action":"IDE_ACTIVATED"}
{"ts":1773114379298,"action":"IDE_DEACTIVATED"}
{"ts":1773114590884,"action":"IDE_ACTIVATED"}
{"ts":1773114628460,"action":"PROJECT_CLOSED","tags":{"PROJECT_NAME":"faktura_scanner_flask"}}
{"ts":1773151414697,"action":"FILE_OPENED","file":"/database/models.py","tags":{"FILE_LINE_OF_CODE":"386"}}
{"ts":1773151416310,"action":"PROJECT_OPENED","tags":{"PROJECT_NAME":"faktura_scanner_flask"}}
{"ts":1773151558532,"action":"IDE_DEACTIVATED"}
{"ts":1773151558624,"action":"IDE_ACTIVATED"}
{"ts":1773151560902,"action":"PROJECT_CLOSED","tags":{"PROJECT_NAME":"faktura_scanner_flask"}}
{"ts":1773172971767,"action":"FILE_OPENED","file":"/database/models.py","tags":{"FILE_LINE_OF_CODE":"386"}}
{"ts":1773172971936,"action":"PROJECT_OPENED","tags":{"PROJECT_NAME":"faktura_scanner_flask"}}
{"ts":1773173035586,"action":"PROJECT_CLOSED","tags":{"PROJECT_NAME":"faktura_scanner_flask"}}
{"ts":1773173040277,"action":"FILE_OPENED","file":"/database/models.py","tags":{"FILE_LINE_OF_CODE":"386"}}
{"ts":1773173040432,"action":"PROJECT_OPENED","tags":{"PROJECT_NAME":"faktura_scanner_flask"}}
{"ts":1773173040678,"action":"IDE_DEACTIVATED"}
{"ts":1773173040922,"action":"IDE_ACTIVATED"}
{"ts":1773173052050,"action":"IDE_DEACTIVATED"}
{"ts":1773173052154,"action":"IDE_ACTIVATED"}
{"ts":1773173059060,"action":"IDE_DEACTIVATED"}
{"ts":1773173201928,"action":"IDE_ACTIVATED"}
{"ts":1773173205754,"action":"PROJECT_CLOSED","tags":{"PROJECT_NAME":"faktura_scanner_flask"}}
{"ts":1773178817759,"action":"FILE_OPENED","file":"/database/models.py","tags":{"FILE_LINE_OF_CODE":"386"}}
{"ts":1773178818946,"action":"PROJECT_OPENED","tags":{"PROJECT_NAME":"faktura_scanner_flask"}}
{"ts":1773178849507,"action":"IDE_DEACTIVATED"}
{"ts":1773178849779,"action":"IDE_ACTIVATED"}
{"ts":1773178851681,"action":"IDE_DEACTIVATED"}
{"ts":1773178852795,"action":"IDE_ACTIVATED"}
{"ts":1773178868838,"action":"IDE_DEACTIVATED"}
{"ts":1773178868921,"action":"IDE_ACTIVATED"}
{"ts":1773178886705,"action":"IDE_DEACTIVATED"}
{"ts":1773178936983,"action":"IDE_ACTIVATED"}
{"ts":1773178944351,"action":"IDE_DEACTIVATED"}
{"ts":1773178944434,"action":"IDE_ACTIVATED"}
{"ts":1773178958149,"action":"IDE_DEACTIVATED"}
{"ts":1773181066866,"action":"IDE_ACTIVATED"}
{"ts":1773181075083,"action":"IDE_DEACTIVATED"}
{"ts":1773181075173,"action":"IDE_ACTIVATED"}
{"ts":1773181098442,"action":"IDE_DEACTIVATED"}
{"ts":1773181098520,"action":"IDE_ACTIVATED"}
{"ts":1773181112195,"action":"IDE_DEACTIVATED"}
{"ts":1773181115515,"action":"IDE_ACTIVATED"}
{"ts":1773181119211,"action":"IDE_DEACTIVATED"}
{"ts":1773181120197,"action":"IDE_ACTIVATED"}
{"ts":1773181140975,"action":"IDE_DEACTIVATED"}
{"ts":1773181728072,"action":"IDE_ACTIVATED"}
{"ts":1773181781308,"action":"FILE_CLOSED","file":"/database/models.py","tags":{"FILE_LINE_OF_CODE":"386"}}
{"ts":1773181792245,"action":"FILE_OPENED","file":"/templates/base.html","tags":{"FILE_LINE_OF_CODE":"77"}}
{"ts":1773181891647,"action":"FILE_CLOSED","file":"/templates/base.html","tags":{"FILE_LINE_OF_CODE":"77"}}
{"ts":1773182019096,"action":"FILE_OPENED","file":"/templates/base.html","tags":{"FILE_LINE_OF_CODE":"77"}}
{"ts":1773182044296,"action":"IDE_DEACTIVATED"}
{"ts":1773182044381,"action":"IDE_ACTIVATED"}
{"ts":1773182255120,"action":"IDE_DEACTIVATED"}
{"ts":1773182307306,"action":"IDE_ACTIVATED"}
{"ts":1773182552484,"action":"IDE_DEACTIVATED"}
{"ts":1773182552584,"action":"IDE_ACTIVATED"}
{"ts":1773182559323,"action":"IDE_DEACTIVATED"}
{"ts":1773182559420,"action":"IDE_ACTIVATED"}
{"ts":1773182564790,"action":"IDE_DEACTIVATED"}
{"ts":1773182564881,"action":"IDE_ACTIVATED"}
{"ts":1773182576669,"action":"FILE_CLOSED","file":"/templates/base.html","tags":{"FILE_LINE_OF_CODE":"77"}}
{"ts":1773182576669,"action":"FILE_OPENED","file":"/templates/employees/view.html","tags":{"FILE_LINE_OF_CODE":"1084"}}
{"ts":1773182580544,"action":"IDE_DEACTIVATED"}
{"ts":1773182580675,"action":"IDE_ACTIVATED"}
{"ts":1773182585227,"action":"IDE_DEACTIVATED"}
{"ts":1773182588936,"action":"IDE_ACTIVATED"}
{"ts":1773182591299,"action":"IDE_DEACTIVATED"}
{"ts":1773182592538,"action":"IDE_ACTIVATED"}
{"ts":1773182607880,"action":"IDE_DEACTIVATED"}
{"ts":1773182841010,"action":"IDE_ACTIVATED"}
{"ts":1773182842507,"action":"IDE_DEACTIVATED"}
{"ts":1773182842603,"action":"IDE_ACTIVATED"}
{"ts":1773184809089,"action":"IDE_DEACTIVATED"}
{"ts":1773185016542,"action":"IDE_ACTIVATED"}
{"ts":1773185302064,"action":"IDE_DEACTIVATED"}
{"ts":1773185305621,"action":"IDE_ACTIVATED"}
{"ts":1773185306587,"action":"IDE_DEACTIVATED"}
{"ts":1773185308451,"action":"IDE_ACTIVATED"}
{"ts":1773185316983,"action":"IDE_DEACTIVATED"}
{"ts":1773185387132,"action":"IDE_ACTIVATED"}
{"ts":1773185427173,"action":"IDE_DEACTIVATED"}
{"ts":1773185737167,"action":"IDE_ACTIVATED"}
{"ts":1773185760454,"action":"IDE_DEACTIVATED"}
{"ts":1773185760553,"action":"IDE_ACTIVATED"}
{"ts":1773185765369,"action":"IDE_DEACTIVATED"}
{"ts":1773185765469,"action":"IDE_ACTIVATED"}
{"ts":1773185769841,"action":"IDE_DEACTIVATED"}
{"ts":1773185771919,"action":"IDE_ACTIVATED"}
{"ts":1773185775752,"action":"IDE_DEACTIVATED"}
{"ts":1773185775852,"action":"IDE_ACTIVATED"}
{"ts":1773185794014,"action":"IDE_DEACTIVATED"}
{"ts":1773186021828,"action":"IDE_ACTIVATED"}
{"ts":1773186022754,"action":"IDE_DEACTIVATED"}
{"ts":1773186023783,"action":"IDE_ACTIVATED"}
{"ts":1773186034166,"action":"IDE_DEACTIVATED"}
{"ts":1773186034248,"action":"IDE_ACTIVATED"}
{"ts":1773186034875,"action":"IDE_DEACTIVATED"}
{"ts":1773186049860,"action":"IDE_ACTIVATED"}
{"ts":1773186051178,"action":"IDE_DEACTIVATED"}
{"ts":1773186052099,"action":"IDE_ACTIVATED"}
{"ts":1773186234769,"action":"IDE_DEACTIVATED"}
{"ts":1773186234864,"action":"IDE_ACTIVATED"}
{"ts":1773186235436,"action":"IDE_DEACTIVATED"}
{"ts":1773186239787,"action":"IDE_ACTIVATED"}
{"ts":1773186240541,"action":"IDE_DEACTIVATED"}
{"ts":1773186241266,"action":"IDE_ACTIVATED"}
{"ts":1773186256972,"action":"IDE_DEACTIVATED"}
{"ts":1773186257065,"action":"IDE_ACTIVATED"}
{"ts":1773186257656,"action":"IDE_DEACTIVATED"}
{"ts":1773186265602,"action":"IDE_ACTIVATED"}
{"ts":1773186266461,"action":"IDE_DEACTIVATED"}
{"ts":1773186266763,"action":"IDE_ACTIVATED"}
{"ts":1773186280976,"action":"IDE_DEACTIVATED"}
{"ts":1773186281095,"action":"IDE_ACTIVATED"}
{"ts":1773186281681,"action":"IDE_DEACTIVATED"}
{"ts":1773186283400,"action":"IDE_ACTIVATED"}
{"ts":1773186284099,"action":"IDE_DEACTIVATED"}
{"ts":1773186284440,"action":"IDE_ACTIVATED"}
{"ts":1773186386406,"action":"IDE_DEACTIVATED"}
{"ts":1773186386548,"action":"IDE_ACTIVATED"}
{"ts":1773186387134,"action":"IDE_DEACTIVATED"}
{"ts":1773186399261,"action":"IDE_ACTIVATED"}
{"ts":1773186400224,"action":"IDE_DEACTIVATED"}
{"ts":1773186400551,"action":"IDE_ACTIVATED"}
{"ts":1773186407413,"action":"IDE_DEACTIVATED"}
{"ts":1773186407507,"action":"IDE_ACTIVATED"}
{"ts":1773186408064,"action":"IDE_DEACTIVATED"}
{"ts":1773186408288,"action":"IDE_ACTIVATED"}
{"ts":1773186409669,"action":"IDE_DEACTIVATED"}
{"ts":1773186423354,"action":"IDE_ACTIVATED"}
{"ts":1773187273646,"action":"IDE_DEACTIVATED"}
{"ts":1773187275754,"action":"IDE_ACTIVATED"}
{"ts":1773187281160,"action":"IDE_DEACTIVATED"}
{"ts":1773187281231,"action":"IDE_ACTIVATED"}
{"ts":1773187298451,"action":"IDE_DEACTIVATED"}
{"ts":1773187487323,"action":"IDE_ACTIVATED"}
{"ts":1773187516533,"action":"IDE_DEACTIVATED"}
{"ts":1773187530979,"action":"IDE_ACTIVATED"}
{"ts":1773187550352,"action":"IDE_DEACTIVATED"}
{"ts":1773187550447,"action":"IDE_ACTIVATED"}
{"ts":1773187557227,"action":"IDE_DEACTIVATED"}
{"ts":1773187585985,"action":"IDE_ACTIVATED"}
{"ts":1773187636878,"action":"IDE_DEACTIVATED"}
{"ts":1773187637080,"action":"IDE_ACTIVATED"}
{"ts":1773187643298,"action":"IDE_DEACTIVATED"}
{"ts":1773187643394,"action":"IDE_ACTIVATED"}
{"ts":1773187645219,"action":"IDE_DEACTIVATED"}
{"ts":1773187780125,"action":"IDE_ACTIVATED"}
{"ts":1773187780557,"action":"IDE_DEACTIVATED"}
{"ts":1773187878345,"action":"IDE_ACTIVATED"}
{"ts":1773187880635,"action":"IDE_DEACTIVATED"}
{"ts":1773187913132,"action":"IDE_ACTIVATED"}
{"ts":1773187969840,"action":"IDE_DEACTIVATED"}
{"ts":1773187974598,"action":"IDE_ACTIVATED"}
{"ts":1773187999630,"action":"IDE_DEACTIVATED"}
{"ts":1773188037391,"action":"IDE_ACTIVATED"}
{"ts":1773188058556,"action":"IDE_DEACTIVATED"}
{"ts":1773188060213,"action":"IDE_ACTIVATED"}
{"ts":1773188065505,"action":"IDE_DEACTIVATED"}
{"ts":1773188067822,"action":"IDE_ACTIVATED"}
{"ts":1773188069064,"action":"IDE_DEACTIVATED"}
{"ts":1773188074680,"action":"IDE_ACTIVATED"}
{"ts":1773188084716,"action":"IDE_DEACTIVATED"}
{"ts":1773188089230,"action":"IDE_ACTIVATED"}
{"ts":1773188098851,"action":"IDE_DEACTIVATED"}
{"ts":1773188100272,"action":"IDE_ACTIVATED"}
{"ts":1773188104642,"action":"IDE_DEACTIVATED"}
{"ts":1773188106110,"action":"IDE_ACTIVATED"}
{"ts":1773188129963,"action":"IDE_DEACTIVATED"}
{"ts":1773188132341,"action":"IDE_ACTIVATED"}
{"ts":1773188133384,"action":"IDE_DEACTIVATED"}
{"ts":1773188160689,"action":"IDE_ACTIVATED"}
{"ts":1773188172656,"action":"IDE_DEACTIVATED"}
{"ts":1773188175796,"action":"IDE_ACTIVATED"}
{"ts":1773188195401,"action":"IDE_DEACTIVATED"}
{"ts":1773188196617,"action":"IDE_ACTIVATED"}
{"ts":1773188202018,"action":"IDE_DEACTIVATED"}
{"ts":1773188202636,"action":"IDE_ACTIVATED"}
{"ts":1773188220523,"action":"IDE_DEACTIVATED"}
{"ts":1773188223242,"action":"IDE_ACTIVATED"}
{"ts":1773188229802,"action":"IDE_DEACTIVATED"}
{"ts":1773188231483,"action":"IDE_ACTIVATED"}
{"ts":1773188304091,"action":"IDE_DEACTIVATED"}
{"ts":1773189274222,"action":"IDE_ACTIVATED"}
{"ts":1773189285425,"action":"IDE_DEACTIVATED"}
{"ts":1773189290337,"action":"IDE_ACTIVATED"}
{"ts":1773189296308,"action":"IDE_DEACTIVATED"}
{"ts":1773189296422,"action":"IDE_ACTIVATED"}
{"ts":1773189299386,"action":"IDE_DEACTIVATED"}
{"ts":1773189309388,"action":"IDE_ACTIVATED"}
{"ts":1773189328517,"action":"IDE_DEACTIVATED"}
{"ts":1773189328593,"action":"IDE_ACTIVATED"}
{"ts":1773189333642,"action":"IDE_DEACTIVATED"}
{"ts":1773189335709,"action":"IDE_ACTIVATED"}
{"ts":1773189338395,"action":"IDE_DEACTIVATED"}
{"ts":1773189408123,"action":"IDE_ACTIVATED"}
{"ts":1773189421102,"action":"IDE_DEACTIVATED"}
{"ts":1773189421238,"action":"IDE_ACTIVATED"}
{"ts":1773189428184,"action":"PROJECT_CLOSED","tags":{"PROJECT_NAME":"faktura_scanner_flask"}}
{"ts":1773225039603,"action":"FILE_OPENED","file":"/templates/employees/view.html","tags":{"FILE_LINE_OF_CODE":"1084"}}
{"ts":1773225041381,"action":"PROJECT_OPENED","tags":{"PROJECT_NAME":"faktura_scanner_flask"}}
{"ts":1773225158871,"action":"IDE_DEACTIVATED"}
{"ts":1773225162419,"action":"IDE_ACTIVATED"}
{"ts":1773225183370,"action":"IDE_DEACTIVATED"}
{"ts":1773225332860,"action":"IDE_ACTIVATED"}
{"ts":1773225338130,"action":"IDE_DEACTIVATED"}
{"ts":1773225375797,"action":"IDE_ACTIVATED"}
{"ts":1773225740339,"action":"IDE_DEACTIVATED"}
{"ts":1773225748146,"action":"IDE_ACTIVATED"}
{"ts":1773225858946,"action":"IDE_DEACTIVATED"}
{"ts":1773227413096,"action":"IDE_ACTIVATED"}
{"ts":1773227476804,"action":"IDE_DEACTIVATED"}
{"ts":1773227476937,"action":"IDE_ACTIVATED"}
{"ts":1773227478903,"action":"PROJECT_CLOSED","tags":{"PROJECT_NAME":"faktura_scanner_flask"}}
{"ts":1773257807417,"action":"FILE_OPENED","file":"/templates/employees/view.html","tags":{"FILE_LINE_OF_CODE":"794"}}
{"ts":1773257807616,"action":"PROJECT_OPENED","tags":{"PROJECT_NAME":"faktura_scanner_flask"}}
{"ts":1773257825810,"action":"IDE_DEACTIVATED"}
{"ts":1773257827703,"action":"IDE_ACTIVATED"}
{"ts":1773257831669,"action":"IDE_DEACTIVATED"}
{"ts":1773257838710,"action":"IDE_ACTIVATED"}
{"ts":1773258227297,"action":"IDE_DEACTIVATED"}
{"ts":1773258227497,"action":"IDE_ACTIVATED"}
{"ts":1773258524969,"action":"IDE_DEACTIVATED"}
{"ts":1773258567362,"action":"IDE_ACTIVATED"}
{"ts":1773258576799,"action":"IDE_DEACTIVATED"}
{"ts":1773258576879,"action":"IDE_ACTIVATED"}
{"ts":1773258577651,"action":"IDE_DEACTIVATED"}
{"ts":1773258654719,"action":"IDE_ACTIVATED"}
{"ts":1773258701626,"action":"IDE_DEACTIVATED"}
{"ts":1773258701732,"action":"IDE_ACTIVATED"}
{"ts":1773258780861,"action":"IDE_DEACTIVATED"}
{"ts":1773258780955,"action":"IDE_ACTIVATED"}
{"ts":1773258783027,"action":"IDE_DEACTIVATED"}
{"ts":1773258783119,"action":"IDE_ACTIVATED"}
{"ts":1773258790525,"action":"IDE_DEACTIVATED"}
{"ts":1773258790608,"action":"IDE_ACTIVATED"}
{"ts":1773258840941,"action":"IDE_DEACTIVATED"}
{"ts":1773258841032,"action":"IDE_ACTIVATED"}
{"ts":1773258873398,"action":"IDE_DEACTIVATED"}
{"ts":1773259029749,"action":"IDE_ACTIVATED"}
{"ts":1773259304044,"action":"PROJECT_CLOSED","tags":{"PROJECT_NAME":"faktura_scanner_flask"}}
{"ts":1773268153919,"action":"FILE_OPENED","file":"/templates/employees/view.html","tags":{"FILE_LINE_OF_CODE":"794"}}
{"ts":1773268154898,"action":"PROJECT_OPENED","tags":{"PROJECT_NAME":"faktura_scanner_flask"}}
{"ts":1773268268466,"action":"IDE_DEACTIVATED"}
{"ts":1773268434932,"action":"IDE_ACTIVATED"}
{"ts":1773268480833,"action":"FILE_CLOSED","file":"/templates/employees/view.html","tags":{"FILE_LINE_OF_CODE":"794"}}
{"ts":1773268480833,"action":"FILE_OPENED","file":"/templates/appointments/superadmin_edit_hacker.html","tags":{"FILE_LINE_OF_CODE":"1586"}}
{"ts":1773269555493,"action":"IDE_DEACTIVATED"}
{"ts":1773269555618,"action":"IDE_ACTIVATED"}
{"ts":1773269575652,"action":"IDE_DEACTIVATED"}
{"ts":1773269631591,"action":"IDE_ACTIVATED"}
{"ts":1773269660923,"action":"IDE_DEACTIVATED"}
{"ts":1773270224133,"action":"IDE_ACTIVATED"}
{"ts":1773270278720,"action":"FILE_OPENED","file":"/templates/employees/view.html","tags":{"FILE_LINE_OF_CODE":"1084"}}
{"ts":1773270307752,"action":"IDE_DEACTIVATED"}
{"ts":1773270307821,"action":"IDE_ACTIVATED"}
{"ts":1773270317238,"action":"IDE_DEACTIVATED"}
{"ts":1773270317376,"action":"IDE_ACTIVATED"}
{"ts":1773270320025,"action":"IDE_DEACTIVATED"}
{"ts":1773270803840,"action":"IDE_ACTIVATED"}
{"ts":1773270878505,"action":"IDE_DEACTIVATED"}
{"ts":1773270879748,"action":"IDE_ACTIVATED"}
{"ts":1773271028544,"action":"IDE_DEACTIVATED"}
{"ts":1773271028659,"action":"IDE_ACTIVATED"}
{"ts":1773271053928,"action":"IDE_DEACTIVATED"}
{"ts":1773271055808,"action":"IDE_ACTIVATED"}
{"ts":1773271195342,"action":"IDE_DEACTIVATED"}
{"ts":1773271198706,"action":"IDE_ACTIVATED"}
{"ts":1773271209232,"action":"IDE_DEACTIVATED"}
{"ts":1773271209259,"action":"IDE_ACTIVATED"}
{"ts":1773271211544,"action":"IDE_DEACTIVATED"}
{"ts":1773271212799,"action":"IDE_ACTIVATED"}
{"ts":1773271218242,"action":"PROJECT_CLOSED","tags":{"PROJECT_NAME":"faktura_scanner_flask"}}
{"ts":1773340596576,"action":"IDE_DEACTIVATED"}
{"ts":1773340596584,"action":"IDE_ACTIVATED"}
{"ts":1773340594835,"action":"PROJECT_OPENED","tags":{"PROJECT_NAME":"faktura_scanner_flask"}}
{"ts":1773340609092,"action":"IDE_DEACTIVATED"}
{"ts":1773340621321,"action":"IDE_ACTIVATED"}
{"ts":1773340637330,"action":"IDE_DEACTIVATED"}
{"ts":1773340637509,"action":"IDE_ACTIVATED"}
{"ts":1773340681147,"action":"IDE_DEACTIVATED"}
{"ts":1773340701829,"action":"IDE_ACTIVATED"}
{"ts":1773341104293,"action":"IDE_DEACTIVATED"}
{"ts":1773341631053,"action":"IDE_ACTIVATED"}
{"ts":1773341734755,"action":"IDE_DEACTIVATED"}
{"ts":1773341775074,"action":"IDE_ACTIVATED"}
{"ts":1773341781135,"action":"IDE_DEACTIVATED"}
{"ts":1773341791594,"action":"IDE_ACTIVATED"}
{"ts":1773342316254,"action":"IDE_DEACTIVATED"}
{"ts":1773342418124,"action":"IDE_ACTIVATED"}
{"ts":1773342420460,"action":"IDE_DEACTIVATED"}
{"ts":1773342420573,"action":"IDE_ACTIVATED"}
{"ts":1773342626791,"action":"IDE_DEACTIVATED"}
{"ts":1773342665147,"action":"IDE_ACTIVATED"}
{"ts":1773342677604,"action":"IDE_DEACTIVATED"}
{"ts":1773342696193,"action":"IDE_ACTIVATED"}
{"ts":1773342768350,"action":"IDE_DEACTIVATED"}
{"ts":1773342907945,"action":"IDE_ACTIVATED"}
{"ts":1773342935822,"action":"IDE_DEACTIVATED"}
{"ts":1773342991482,"action":"IDE_ACTIVATED"}
{"ts":1773342994400,"action":"IDE_DEACTIVATED"}
{"ts":1773343006905,"action":"IDE_ACTIVATED"}
{"ts":1773343050574,"action":"IDE_DEACTIVATED"}
{"ts":1773343058548,"action":"IDE_ACTIVATED"}
{"ts":1773343163863,"action":"IDE_DEACTIVATED"}
{"ts":1773343214317,"action":"IDE_ACTIVATED"}
{"ts":1773343434990,"action":"IDE_DEACTIVATED"}
{"ts":1773343437318,"action":"IDE_ACTIVATED"}
{"ts":1773343684798,"action":"IDE_DEACTIVATED"}
{"ts":1773344056492,"action":"IDE_ACTIVATED"}
{"ts":1773344071474,"action":"IDE_DEACTIVATED"}
{"ts":1773344089159,"action":"IDE_ACTIVATED"}
{"ts":1773344095923,"action":"IDE_DEACTIVATED"}
{"ts":1773344112463,"action":"IDE_ACTIVATED"}
{"ts":1773344132995,"action":"IDE_DEACTIVATED"}
{"ts":1773344133078,"action":"IDE_ACTIVATED"}
{"ts":1773344138774,"action":"IDE_DEACTIVATED"}
{"ts":1773344138859,"action":"IDE_ACTIVATED"}
{"ts":1773344159632,"action":"IDE_DEACTIVATED"}
{"ts":1773344164022,"action":"IDE_ACTIVATED"}
{"ts":1773344178018,"action":"IDE_DEACTIVATED"}
{"ts":1773344178124,"action":"IDE_ACTIVATED"}
{"ts":1773344265454,"action":"IDE_DEACTIVATED"}
{"ts":1773344268017,"action":"IDE_ACTIVATED"}
{"ts":1773344598961,"action":"IDE_DEACTIVATED"}
{"ts":1773344599054,"action":"IDE_ACTIVATED"}
{"ts":1773344599660,"action":"IDE_DEACTIVATED"}
{"ts":1773344600414,"action":"IDE_ACTIVATED"}
{"ts":1773344704824,"action":"IDE_DEACTIVATED"}
{"ts":1773344729480,"action":"IDE_ACTIVATED"}
{"ts":1773344753502,"action":"IDE_DEACTIVATED"}
{"ts":1773344826535,"action":"IDE_ACTIVATED"}
{"ts":1773344912822,"action":"IDE_DEACTIVATED"}
{"ts":1773344913900,"action":"IDE_ACTIVATED"}
{"ts":1773344939168,"action":"FILE_OPENED","file":"/CLAUDE.md","tags":{"FILE_LINE_OF_CODE":"840"}}
{"ts":1773345049352,"action":"FILE_OPENED","file":"/WEB_APP_README.md","tags":{"FILE_LINE_OF_CODE":"360"}}
{"ts":1773345324134,"action":"IDE_DEACTIVATED"}
{"ts":1773345324203,"action":"IDE_ACTIVATED"}
{"ts":1773345329898,"action":"IDE_DEACTIVATED"}
{"ts":1773345329976,"action":"IDE_ACTIVATED"}
{"ts":1773345332626,"action":"IDE_DEACTIVATED"}
{"ts":1773345332710,"action":"IDE_ACTIVATED"}
{"ts":1773345368691,"action":"FILE_OPENED","file":"/ssh_vultr","tags":{"FILE_LINE_OF_CODE":"8"}}
{"ts":1773345372535,"action":"FILE_CLOSED","file":"/ssh_vultr","tags":{"FILE_LINE_OF_CODE":"8"}}
{"ts":1773345376087,"action":"FILE_OPENED","file":"/ubuntu_cmds.txt","tags":{"FILE_LINE_OF_CODE":"86"}}
{"ts":1773345377524,"action":"FILE_CLOSED","file":"/ubuntu_cmds.txt","tags":{"FILE_LINE_OF_CODE":"86"}}
{"ts":1773345377524,"action":"FILE_OPENED","file":"/vultr_deploy__faktura_db__pswds.txt","tags":{"FILE_LINE_OF_CODE":"28"}}
{"ts":1773345381551,"action":"IDE_DEACTIVATED"}
{"ts":1773345381676,"action":"IDE_ACTIVATED"}
{"ts":1773345393494,"action":"IDE_DEACTIVATED"}
{"ts":1773345393602,"action":"IDE_ACTIVATED"}
{"ts":1773345397119,"action":"IDE_DEACTIVATED"}
{"ts":1773345397168,"action":"IDE_ACTIVATED"}
{"ts":1773345406009,"action":"IDE_DEACTIVATED"}
{"ts":1773345407016,"action":"IDE_ACTIVATED"}
{"ts":1773346485200,"action":"IDE_DEACTIVATED"}
{"ts":1773346485294,"action":"IDE_ACTIVATED"}
{"ts":1773346489879,"action":"IDE_DEACTIVATED"}
{"ts":1773346489951,"action":"IDE_ACTIVATED"}
{"ts":1773346492044,"action":"IDE_DEACTIVATED"}
{"ts":1773346492141,"action":"IDE_ACTIVATED"}
{"ts":1773346495422,"action":"IDE_DEACTIVATED"}
{"ts":1773346495542,"action":"IDE_ACTIVATED"}
{"ts":1773346576986,"action":"IDE_DEACTIVATED"}
{"ts":1773346577148,"action":"IDE_ACTIVATED"}
{"ts":1773346578242,"action":"IDE_DEACTIVATED"}
{"ts":1773346588303,"action":"IDE_ACTIVATED"}
{"ts":1773347793595,"action":"PROJECT_CLOSED","tags":{"PROJECT_NAME":"faktura_scanner_flask"}}
{"ts":1773347815890,"action":"FILE_OPENED","file":"/vultr_deploy__faktura_db__pswds.txt","tags":{"FILE_LINE_OF_CODE":"28"}}
{"ts":1773347829202,"action":"IDE_DEACTIVATED"}
{"ts":1773347831729,"action":"IDE_ACTIVATED"}
{"ts":1773347818530,"action":"PROJECT_OPENED","tags":{"PROJECT_NAME":"faktura_scanner_flask"}}
{"ts":1773347836740,"action":"FILE_CLOSED","file":"/vultr_deploy__faktura_db__pswds.txt","tags":{"FILE_LINE_OF_CODE":"28"}}
{"ts":1773347859411,"action":"FILE_OPENED","file":"/vultr_deploy__faktura_db__pswds.txt","tags":{"FILE_LINE_OF_CODE":"28"}}
{"ts":1773348016538,"action":"IDE_DEACTIVATED"}
{"ts":1773348022041,"action":"IDE_ACTIVATED"}
{"ts":1773348080411,"action":"IDE_DEACTIVATED"}
{"ts":1773348080540,"action":"IDE_ACTIVATED"}
{"ts":1773348109677,"action":"IDE_DEACTIVATED"}
{"ts":1773348109753,"action":"IDE_ACTIVATED"}
{"ts":1773348115809,"action":"FILE_CLOSED","file":"/vultr_deploy__faktura_db__pswds.txt","tags":{"FILE_LINE_OF_CODE":"28"}}
{"ts":1773348126725,"action":"FILE_OPENED","file":"/vultr_deploy__faktura_db__pswds.txt","tags":{"FILE_LINE_OF_CODE":"28"}}
{"ts":1773348127480,"action":"FILE_CLOSED","file":"/vultr_deploy__faktura_db__pswds.txt","tags":{"FILE_LINE_OF_CODE":"28"}}
{"ts":1773348144684,"action":"FILE_OPENED","file":"/vultr_deploy__faktura_db__pswds.txt","tags":{"FILE_LINE_OF_CODE":"28"}}
{"ts":1773348150393,"action":"IDE_DEACTIVATED"}
{"ts":1773348150478,"action":"IDE_ACTIVATED"}
{"ts":1773348187073,"action":"IDE_DEACTIVATED"}
{"ts":1773348187079,"action":"IDE_ACTIVATED"}
{"ts":1773348864018,"action":"IDE_DEACTIVATED"}
{"ts":1773348867364,"action":"IDE_ACTIVATED"}
{"ts":1773348870197,"action":"IDE_DEACTIVATED"}
{"ts":1773348872126,"action":"IDE_ACTIVATED"}
{"ts":1773349291175,"action":"IDE_DEACTIVATED"}
{"ts":1773349293996,"action":"IDE_ACTIVATED"}
{"ts":1773350164740,"action":"PROJECT_CLOSED","tags":{"PROJECT_NAME":"faktura_scanner_flask"}}
{"ts":1773350176518,"action":"FILE_OPENED","file":"/vultr_deploy__faktura_db__pswds.txt","tags":{"FILE_LINE_OF_CODE":"28"}}
{"ts":1773350176985,"action":"PROJECT_OPENED","tags":{"PROJECT_NAME":"faktura_scanner_flask"}}
{"ts":1773350432520,"action":"FILE_CLOSED","file":"/vultr_deploy__faktura_db__pswds.txt","tags":{"FILE_LINE_OF_CODE":"28"}}
{"ts":1773350691267,"action":"PROJECT_CLOSED","tags":{"PROJECT_NAME":"faktura_scanner_flask"}}
{"ts":1773350701663,"action":"IDE_DEACTIVATED"}
{"ts":1773350702540,"action":"IDE_ACTIVATED"}
{"ts":1773350702950,"action":"FILE_OPENED","file":"/ubuntu_cmds.txt","tags":{"FILE_LINE_OF_CODE":"86"}}
{"ts":1773350704109,"action":"IDE_DEACTIVATED"}
{"ts":1773350704060,"action":"PROJECT_OPENED","tags":{"PROJECT_NAME":"faktura_scanner_flask"}}
{"ts":1773351781616,"action":"IDE_ACTIVATED"}
{"ts":1773351783808,"action":"IDE_DEACTIVATED"}
{"ts":1773351783937,"action":"IDE_ACTIVATED"}
{"ts":1773352019422,"action":"IDE_DEACTIVATED"}
{"ts":1773358763688,"action":"IDE_ACTIVATED"}
{"ts":1773358763710,"action":"IDE_DEACTIVATED"}
{"ts":1773358804077,"action":"IDE_ACTIVATED"}
{"ts":1773358809325,"action":"IDE_DEACTIVATED"}
{"ts":1773359144125,"action":"IDE_ACTIVATED"}
{"ts":1773359145788,"action":"IDE_DEACTIVATED"}
{"ts":1773360948446,"action":"IDE_ACTIVATED"}
{"ts":1773360969950,"action":"IDE_DEACTIVATED"}
{"ts":1773360974842,"action":"IDE_ACTIVATED"}
{"ts":1773360977867,"action":"IDE_DEACTIVATED"}
{"ts":1773360978047,"action":"IDE_ACTIVATED"}
{"ts":1773360990618,"action":"IDE_DEACTIVATED"}
{"ts":1773360998611,"action":"IDE_ACTIVATED"}
{"ts":1773361004552,"action":"FILE_CLOSED","file":"/ubuntu_cmds.txt","tags":{"FILE_LINE_OF_CODE":"86"}}
{"ts":1773361004552,"action":"FILE_OPENED","file":"/vultr_deploy__faktura_db__pswds.txt","tags":{"FILE_LINE_OF_CODE":"28"}}
{"ts":1773361025229,"action":"IDE_DEACTIVATED"}
{"ts":1773361026088,"action":"IDE_ACTIVATED"}
{"ts":1773361118858,"action":"IDE_DEACTIVATED"}
{"ts":1773361285933,"action":"IDE_ACTIVATED"}
{"ts":1773361289663,"action":"IDE_DEACTIVATED"}
{"ts":1773361455830,"action":"IDE_ACTIVATED"}
{"ts":1773361459090,"action":"IDE_DEACTIVATED"}
{"ts":1773361459177,"action":"IDE_ACTIVATED"}
{"ts":1773361466076,"action":"IDE_DEACTIVATED"}
{"ts":1773361525845,"action":"IDE_ACTIVATED"}
{"ts":1773361526667,"action":"IDE_DEACTIVATED"}
{"ts":1773361571554,"action":"IDE_ACTIVATED"}
{"ts":1773361572058,"action":"IDE_DEACTIVATED"}
{"ts":1773361598034,"action":"IDE_ACTIVATED"}
{"ts":1773361600346,"action":"IDE_DEACTIVATED"}
{"ts":1773361704308,"action":"IDE_ACTIVATED"}
{"ts":1773361723902,"action":"IDE_DEACTIVATED"}
{"ts":1773361729243,"action":"IDE_ACTIVATED"}
{"ts":1773361831969,"action":"IDE_DEACTIVATED"}
{"ts":1773361841604,"action":"IDE_ACTIVATED"}
{"ts":1773361872522,"action":"IDE_DEACTIVATED"}
{"ts":1773361874749,"action":"IDE_ACTIVATED"}
{"ts":1773361903196,"action":"IDE_DEACTIVATED"}
{"ts":1773361968279,"action":"IDE_ACTIVATED"}
{"ts":1773361976608,"action":"IDE_DEACTIVATED"}
{"ts":1773361977625,"action":"IDE_ACTIVATED"}
{"ts":1773362087242,"action":"IDE_DEACTIVATED"}
{"ts":1773362216847,"action":"IDE_ACTIVATED"}
{"ts":1773362540926,"action":"IDE_DEACTIVATED"}
{"ts":1773362577966,"action":"IDE_ACTIVATED"}
{"ts":1773362728188,"action":"IDE_DEACTIVATED"}
{"ts":1773362729418,"action":"IDE_ACTIVATED"}
{"ts":1773362738019,"action":"IDE_DEACTIVATED"}
{"ts":1773362738110,"action":"IDE_ACTIVATED"}
{"ts":1773362743031,"action":"IDE_DEACTIVATED"}
{"ts":1773362744585,"action":"IDE_ACTIVATED"}
{"ts":1773362754572,"action":"IDE_DEACTIVATED"}
{"ts":1773362786021,"action":"IDE_ACTIVATED"}
{"ts":1773362823209,"action":"IDE_DEACTIVATED"}
{"ts":1773362831156,"action":"IDE_ACTIVATED"}
{"ts":1773362831707,"action":"IDE_DEACTIVATED"}
{"ts":1773362840504,"action":"IDE_ACTIVATED"}
{"ts":1773362870482,"action":"IDE_DEACTIVATED"}
{"ts":1773362879736,"action":"IDE_ACTIVATED"}
{"ts":1773362984441,"action":"IDE_DEACTIVATED"}
{"ts":1773362986086,"action":"IDE_ACTIVATED"}
{"ts":1773362992096,"action":"IDE_DEACTIVATED"}
{"ts":1773362996501,"action":"IDE_ACTIVATED"}
{"ts":1773363025771,"action":"IDE_DEACTIVATED"}
{"ts":1773363057748,"action":"IDE_ACTIVATED"}
{"ts":1773363065527,"action":"IDE_DEACTIVATED"}
{"ts":1773363106643,"action":"IDE_ACTIVATED"}
{"ts":1773363207864,"action":"IDE_DEACTIVATED"}
{"ts":1773363218712,"action":"IDE_ACTIVATED"}
{"ts":1773363221271,"action":"IDE_DEACTIVATED"}
{"ts":1773363223212,"action":"IDE_ACTIVATED"}
{"ts":1773363229675,"action":"IDE_DEACTIVATED"}
{"ts":1773363236450,"action":"IDE_ACTIVATED"}
{"ts":1773363239776,"action":"IDE_DEACTIVATED"}
{"ts":1773363240616,"action":"IDE_ACTIVATED"}
{"ts":1773363249364,"action":"IDE_DEACTIVATED"}
{"ts":1773363250202,"action":"IDE_ACTIVATED"}
{"ts":1773363253010,"action":"IDE_DEACTIVATED"}
{"ts":1773363253149,"action":"IDE_ACTIVATED"}
{"ts":1773363255311,"action":"IDE_DEACTIVATED"}
{"ts":1773363294866,"action":"IDE_ACTIVATED"}
{"ts":1773363305066,"action":"IDE_DEACTIVATED"}
{"ts":1773363305238,"action":"IDE_ACTIVATED"}
{"ts":1773363317870,"action":"IDE_DEACTIVATED"}
{"ts":1773363337070,"action":"IDE_ACTIVATED"}
{"ts":1773363339673,"action":"IDE_DEACTIVATED"}
{"ts":1773363348584,"action":"IDE_ACTIVATED"}
{"ts":1773363352817,"action":"IDE_DEACTIVATED"}
{"ts":1773363371421,"action":"IDE_ACTIVATED"}
{"ts":1773363376873,"action":"IDE_DEACTIVATED"}
{"ts":1773363392917,"action":"IDE_ACTIVATED"}
{"ts":1773363394790,"action":"IDE_DEACTIVATED"}
{"ts":1773363397022,"action":"IDE_ACTIVATED"}
{"ts":1773363398127,"action":"IDE_DEACTIVATED"}
{"ts":1773363398901,"action":"IDE_ACTIVATED"}
{"ts":1773363416916,"action":"IDE_DEACTIVATED"}
{"ts":1773363419496,"action":"IDE_ACTIVATED"}
{"ts":1773363419981,"action":"IDE_DEACTIVATED"}
{"ts":1773363479050,"action":"IDE_ACTIVATED"}
{"ts":1773363496171,"action":"IDE_DEACTIVATED"}
{"ts":1773363519227,"action":"IDE_ACTIVATED"}
{"ts":1773363534863,"action":"IDE_DEACTIVATED"}
{"ts":1773363547870,"action":"IDE_ACTIVATED"}
{"ts":1773363619389,"action":"IDE_DEACTIVATED"}
{"ts":1773363625635,"action":"IDE_ACTIVATED"}
{"ts":1773363641759,"action":"IDE_DEACTIVATED"}
{"ts":1773363651120,"action":"IDE_ACTIVATED"}
{"ts":1773363663540,"action":"IDE_DEACTIVATED"}
{"ts":1773364834719,"action":"IDE_ACTIVATED"}
{"ts":1773364888661,"action":"IDE_DEACTIVATED"}
{"ts":1773364894110,"action":"IDE_ACTIVATED"}
{"ts":1773364894155,"action":"IDE_DEACTIVATED"}
{"ts":1773364895461,"action":"IDE_ACTIVATED"}
{"ts":1773364899785,"action":"IDE_DEACTIVATED"}
{"ts":1773364902667,"action":"IDE_ACTIVATED"}
{"ts":1773364907241,"action":"IDE_DEACTIVATED"}
{"ts":1773364908342,"action":"IDE_ACTIVATED"}
{"ts":1773364912176,"action":"IDE_DEACTIVATED"}
{"ts":1773364913311,"action":"IDE_ACTIVATED"}
{"ts":1773364919353,"action":"IDE_DEACTIVATED"}
{"ts":1773364924813,"action":"IDE_ACTIVATED"}
{"ts":1773364925360,"action":"IDE_DEACTIVATED"}
{"ts":1773364939458,"action":"IDE_ACTIVATED"}
{"ts":1773364974988,"action":"IDE_DEACTIVATED"}
{"ts":1773365006095,"action":"IDE_ACTIVATED"}
{"ts":1773365036235,"action":"IDE_DEACTIVATED"}
{"ts":1773365062571,"action":"IDE_ACTIVATED"}
{"ts":1773365070432,"action":"IDE_DEACTIVATED"}
{"ts":1773365076155,"action":"IDE_ACTIVATED"}
{"ts":1773365081972,"action":"IDE_DEACTIVATED"}
{"ts":1773365107461,"action":"IDE_ACTIVATED"}
{"ts":1773365108733,"action":"IDE_DEACTIVATED"}
{"ts":1773365138846,"action":"IDE_ACTIVATED"}
{"ts":1773365142139,"action":"IDE_DEACTIVATED"}
{"ts":1773365142218,"action":"IDE_ACTIVATED"}
{"ts":1773365142649,"action":"IDE_DEACTIVATED"}
{"ts":1773365149008,"action":"IDE_ACTIVATED"}
{"ts":1773365186810,"action":"PROJECT_CLOSED","tags":{"PROJECT_NAME":"faktura_scanner_flask"}}
{"ts":1773399318702,"action":"FILE_OPENED","file":"/vultr_deploy__faktura_db__pswds.txt","tags":{"FILE_LINE_OF_CODE":"29"}}
{"ts":1773399319681,"action":"PROJECT_OPENED","tags":{"PROJECT_NAME":"faktura_scanner_flask"}}
{"ts":1773399388985,"action":"IDE_DEACTIVATED"}
{"ts":1773399389108,"action":"IDE_ACTIVATED"}
{"ts":1773399404251,"action":"IDE_DEACTIVATED"}
{"ts":1773399404466,"action":"IDE_ACTIVATED"}
{"ts":1773399413632,"action":"IDE_DEACTIVATED"}
{"ts":1773399459705,"action":"IDE_ACTIVATED"}
{"ts":1773399463601,"action":"IDE_DEACTIVATED"}
{"ts":1773399476623,"action":"IDE_ACTIVATED"}
{"ts":1773399516519,"action":"IDE_DEACTIVATED"}
{"ts":1773399518924,"action":"IDE_ACTIVATED"}
{"ts":1773399559415,"action":"IDE_DEACTIVATED"}
{"ts":1773399559538,"action":"IDE_ACTIVATED"}
{"ts":1773399617481,"action":"IDE_DEACTIVATED"}
{"ts":1773399617562,"action":"IDE_ACTIVATED"}
{"ts":1773399725985,"action":"IDE_DEACTIVATED"}
{"ts":1773399739359,"action":"IDE_ACTIVATED"}
{"ts":1773399917215,"action":"IDE_DEACTIVATED"}
{"ts":1773399923062,"action":"IDE_ACTIVATED"}
{"ts":1773400109293,"action":"IDE_DEACTIVATED"}
{"ts":1773400220315,"action":"IDE_ACTIVATED"}
{"ts":1773400287361,"action":"IDE_DEACTIVATED"}
{"ts":1773400370625,"action":"IDE_ACTIVATED"}
{"ts":1773400597686,"action":"IDE_DEACTIVATED"}
{"ts":1773400618354,"action":"IDE_ACTIVATED"}
{"ts":1773400624865,"action":"IDE_DEACTIVATED"}
{"ts":1773400627915,"action":"IDE_ACTIVATED"}
{"ts":1773400680663,"action":"IDE_DEACTIVATED"}
{"ts":1773400710951,"action":"IDE_ACTIVATED"}
{"ts":1773400729270,"action":"IDE_DEACTIVATED"}
{"ts":1773400755880,"action":"IDE_ACTIVATED"}
{"ts":1773400817971,"action":"IDE_DEACTIVATED"}
{"ts":1773400851541,"action":"IDE_ACTIVATED"}
{"ts":1773400957959,"action":"IDE_DEACTIVATED"}
{"ts":1773400977536,"action":"IDE_ACTIVATED"}
{"ts":1773401095978,"action":"IDE_DEACTIVATED"}
{"ts":1773401115939,"action":"IDE_ACTIVATED"}
{"ts":1773401118383,"action":"IDE_DEACTIVATED"}
{"ts":1773401127438,"action":"IDE_ACTIVATED"}
{"ts":1773401139405,"action":"IDE_DEACTIVATED"}
{"ts":1773401397565,"action":"IDE_ACTIVATED"}
{"ts":1773401462059,"action":"IDE_DEACTIVATED"}
{"ts":1773401466884,"action":"IDE_ACTIVATED"}
{"ts":1773401468268,"action":"IDE_DEACTIVATED"}
{"ts":1773401485061,"action":"IDE_ACTIVATED"}
{"ts":1773401536013,"action":"IDE_DEACTIVATED"}
{"ts":1773401577778,"action":"IDE_ACTIVATED"}
{"ts":1773401589357,"action":"IDE_DEACTIVATED"}
{"ts":1773401703530,"action":"IDE_ACTIVATED"}
{"ts":1773401852416,"action":"IDE_DEACTIVATED"}
{"ts":1773401889835,"action":"IDE_ACTIVATED"}
{"ts":1773401967285,"action":"IDE_DEACTIVATED"}
{"ts":1773401975718,"action":"IDE_ACTIVATED"}
{"ts":1773402002805,"action":"IDE_DEACTIVATED"}
{"ts":1773402009956,"action":"IDE_ACTIVATED"}
{"ts":1773402021820,"action":"IDE_DEACTIVATED"}
{"ts":1773402259720,"action":"IDE_ACTIVATED"}
{"ts":1773402506634,"action":"IDE_DEACTIVATED"}
{"ts":1773402527702,"action":"IDE_ACTIVATED"}
{"ts":1773402610310,"action":"IDE_DEACTIVATED"}
{"ts":1773402657825,"action":"IDE_ACTIVATED"}
{"ts":1773402716770,"action":"IDE_DEACTIVATED"}
{"ts":1773402790113,"action":"IDE_ACTIVATED"}
{"ts":1773402799787,"action":"IDE_DEACTIVATED"}
{"ts":1773402994255,"action":"IDE_ACTIVATED"}
{"ts":1773403036990,"action":"IDE_DEACTIVATED"}
{"ts":1773403052318,"action":"IDE_ACTIVATED"}
{"ts":1773403100907,"action":"IDE_DEACTIVATED"}
{"ts":1773403126820,"action":"IDE_ACTIVATED"}
{"ts":1773403131197,"action":"PROJECT_CLOSED","tags":{"PROJECT_NAME":"faktura_scanner_flask"}}
{"ts":1773416960318,"action":"FILE_OPENED","file":"/vultr_deploy__faktura_db__pswds.txt","tags":{"FILE_LINE_OF_CODE":"29"}}
{"ts":1773416961539,"action":"PROJECT_OPENED","tags":{"PROJECT_NAME":"faktura_scanner_flask"}}
{"ts":1773417475400,"action":"IDE_DEACTIVATED"}
{"ts":1773417478359,"action":"IDE_ACTIVATED"}
{"ts":1773417491162,"action":"IDE_DEACTIVATED"}
{"ts":1773417492502,"action":"IDE_ACTIVATED"}
{"ts":1773417494149,"action":"IDE_DEACTIVATED"}
{"ts":1773417496211,"action":"IDE_ACTIVATED"}
{"ts":1773417518326,"action":"IDE_DEACTIVATED"}
{"ts":1773417519958,"action":"IDE_ACTIVATED"}
{"ts":1773432532572,"action":"FILE_OPENED","file":"/vultr_deploy__faktura_db__pswds.txt","tags":{"FILE_LINE_OF_CODE":"29"}}
{"ts":1773432533546,"action":"PROJECT_OPENED","tags":{"PROJECT_NAME":"faktura_scanner_flask"}}
{"ts":1773432561082,"action":"FILE_CLOSED","file":"/vultr_deploy__faktura_db__pswds.txt","tags":{"FILE_LINE_OF_CODE":"29"}}
{"ts":1773432561082,"action":"FILE_OPENED","file":"/.planning/codebase/CONVENTIONS.md","tags":{"FILE_LINE_OF_CODE":"309"}}
{"ts":1773432846691,"action":"FILE_CLOSED","file":"/.planning/codebase/CONVENTIONS.md","tags":{"FILE_LINE_OF_CODE":"309"}}
{"ts":1773432846691,"action":"FILE_OPENED","file":"/.planning/codebase/INTEGRATIONS.md","tags":{"FILE_LINE_OF_CODE":"149"}}
{"ts":1773432853510,"action":"FILE_CLOSED","file":"/.planning/codebase/INTEGRATIONS.md","tags":{"FILE_LINE_OF_CODE":"149"}}
{"ts":1773432853510,"action":"FILE_OPENED","file":"/.planning/codebase/STACK.md","tags":{"FILE_LINE_OF_CODE":"126"}}
{"ts":1773432855444,"action":"FILE_CLOSED","file":"/.planning/codebase/STACK.md","tags":{"FILE_LINE_OF_CODE":"126"}}
{"ts":1773432855444,"action":"FILE_OPENED","file":"/.planning/codebase/STRUCTURE.md","tags":{"FILE_LINE_OF_CODE":"324"}}
{"ts":1773432857307,"action":"FILE_CLOSED","file":"/.planning/codebase/STRUCTURE.md","tags":{"FILE_LINE_OF_CODE":"324"}}
{"ts":1773432857307,"action":"FILE_OPENED","file":"/.planning/codebase/TESTING.md","tags":{"FILE_LINE_OF_CODE":"338"}}
{"ts":1773432860161,"action":"FILE_CLOSED","file":"/.planning/codebase/TESTING.md","tags":{"FILE_LINE_OF_CODE":"338"}}
{"ts":1773432860161,"action":"FILE_OPENED","file":"/.planning/codebase/ARCHITECTURE.md","tags":{"FILE_LINE_OF_CODE":"214"}}
{"ts":1773432861314,"action":"FILE_CLOSED","file":"/.planning/codebase/ARCHITECTURE.md","tags":{"FILE_LINE_OF_CODE":"214"}}
{"ts":1773432861314,"action":"FILE_OPENED","file":"/.planning/codebase/CONCERNS.md","tags":{"FILE_LINE_OF_CODE":"197"}}
{"ts":1773432863463,"action":"IDE_DEACTIVATED"}
{"ts":1773433040879,"action":"IDE_ACTIVATED"}
{"ts":1773433052878,"action":"IDE_DEACTIVATED"}
{"ts":1773436397146,"action":"IDE_ACTIVATED"}
{"ts":1773436401025,"action":"IDE_DEACTIVATED"}
{"ts":1773436452990,"action":"IDE_ACTIVATED"}
{"ts":1773436454571,"action":"IDE_DEACTIVATED"}
{"ts":1773436602295,"action":"IDE_ACTIVATED"}
{"ts":1773436602375,"action":"FILE_CLOSED","file":"/.planning/codebase/CONCERNS.md","tags":{"FILE_LINE_OF_CODE":"197"}}
{"ts":1773436602375,"action":"FILE_OPENED","file":"/.planning/codebase/ARCHITECTURE.md","tags":{"FILE_LINE_OF_CODE":"214"}}
{"ts":1773436606982,"action":"IDE_DEACTIVATED"}
{"ts":1773602468439,"action":"FILE_OPENED","file":"/.planning/codebase/CONCERNS.md","tags":{"FILE_LINE_OF_CODE":"197"}}
{"ts":1773602470185,"action":"IDE_DEACTIVATED"}
{"ts":1773602470507,"action":"PROJECT_OPENED","tags":{"PROJECT_NAME":"faktura_scanner_flask"}}
{"ts":1773602472160,"action":"IDE_ACTIVATED"}
{"ts":1773602484768,"action":"IDE_DEACTIVATED"}
{"ts":1773602495035,"action":"IDE_ACTIVATED"}
{"ts":1773602497147,"action":"IDE_DEACTIVATED"}
{"ts":1773603532042,"action":"IDE_ACTIVATED"}
{"ts":1773603543367,"action":"IDE_DEACTIVATED"}
{"ts":1773603642754,"action":"IDE_ACTIVATED"}
{"ts":1773603677747,"action":"IDE_DEACTIVATED"}
{"ts":1773603711955,"action":"IDE_ACTIVATED"}
{"ts":1773603714883,"action":"IDE_DEACTIVATED"}
{"ts":1773605598342,"action":"IDE_ACTIVATED"}
{"ts":1773605601923,"action":"IDE_DEACTIVATED"}
{"ts":1773605748964,"action":"IDE_ACTIVATED"}
{"ts":1773605749477,"action":"IDE_DEACTIVATED"}
{"ts":1773607344144,"action":"IDE_ACTIVATED"}
{"ts":1773607347014,"action":"IDE_DEACTIVATED"}
{"ts":1773607468742,"action":"IDE_ACTIVATED"}
{"ts":1773607475781,"action":"IDE_DEACTIVATED"}
{"ts":1773607482678,"action":"IDE_ACTIVATED"}
{"ts":1773607485131,"action":"IDE_DEACTIVATED"}
{"ts":1773607485454,"action":"IDE_ACTIVATED"}
{"ts":1773607539207,"action":"IDE_DEACTIVATED"}
{"ts":1773607539301,"action":"IDE_ACTIVATED"}
{"ts":1773607545472,"action":"FILE_CLOSED","file":"/.planning/codebase/CONCERNS.md","tags":{"FILE_LINE_OF_CODE":"197"}}
{"ts":1773607545472,"action":"FILE_OPENED","file":"/.planning/codebase/INTEGRATIONS.md","tags":{"FILE_LINE_OF_CODE":"149"}}
{"ts":1773607555836,"action":"IDE_DEACTIVATED"}
{"ts":1773607555913,"action":"IDE_ACTIVATED"}
{"ts":1773607614848,"action":"FILE_CLOSED","file":"/.planning/codebase/INTEGRATIONS.md","tags":{"FILE_LINE_OF_CODE":"149"}}
{"ts":1773607614848,"action":"FILE_OPENED","file":"/vultr_deploy__faktura_db__pswds.txt","tags":{"FILE_LINE_OF_CODE":"29"}}
{"ts":1773607623272,"action":"IDE_DEACTIVATED"}
{"ts":1773607623478,"action":"IDE_ACTIVATED"}
{"ts":1773607628088,"action":"IDE_DEACTIVATED"}
{"ts":1773607628898,"action":"IDE_ACTIVATED"}
{"ts":1773607631027,"action":"IDE_DEACTIVATED"}
{"ts":1773607631099,"action":"IDE_ACTIVATED"}
{"ts":1773607688281,"action":"IDE_DEACTIVATED"}
{"ts":1773607689868,"action":"IDE_ACTIVATED"}
{"ts":1773607691294,"action":"IDE_DEACTIVATED"}
{"ts":1773607759246,"action":"IDE_ACTIVATED"}
{"ts":1773607837592,"action":"IDE_DEACTIVATED"}
{"ts":1773607837705,"action":"IDE_ACTIVATED"}
{"ts":1773607867839,"action":"IDE_DEACTIVATED"}
{"ts":1773607867937,"action":"IDE_ACTIVATED"}
{"ts":1773608129831,"action":"IDE_DEACTIVATED"}
{"ts":1773608157515,"action":"IDE_ACTIVATED"}
{"ts":1773608158675,"action":"IDE_DEACTIVATED"}
{"ts":1773608161361,"action":"IDE_ACTIVATED"}
{"ts":1773608173272,"action":"IDE_DEACTIVATED"}
{"ts":1773608178930,"action":"IDE_ACTIVATED"}
{"ts":1773608190167,"action":"IDE_DEACTIVATED"}
{"ts":1773608195792,"action":"IDE_ACTIVATED"}
{"ts":1773608197534,"action":"IDE_DEACTIVATED"}
{"ts":1773608200012,"action":"IDE_ACTIVATED"}
{"ts":1773608207693,"action":"IDE_DEACTIVATED"}
{"ts":1773608209634,"action":"IDE_ACTIVATED"}
{"ts":1773608235512,"action":"IDE_DEACTIVATED"}
{"ts":1773608241171,"action":"IDE_ACTIVATED"}
{"ts":1773608242765,"action":"IDE_DEACTIVATED"}
{"ts":1773608242837,"action":"IDE_ACTIVATED"}
{"ts":1773608262329,"action":"IDE_DEACTIVATED"}
{"ts":1773608338362,"action":"IDE_ACTIVATED"}
{"ts":1773608343697,"action":"IDE_DEACTIVATED"}
{"ts":1773608347899,"action":"IDE_ACTIVATED"}
{"ts":1773608353906,"action":"IDE_DEACTIVATED"}
{"ts":1773608466299,"action":"IDE_ACTIVATED"}
{"ts":1773608469403,"action":"IDE_DEACTIVATED"}
{"ts":1773608472709,"action":"IDE_ACTIVATED"}
{"ts":1773608474701,"action":"IDE_DEACTIVATED"}
{"ts":1773608476532,"action":"IDE_ACTIVATED"}
{"ts":1773608487645,"action":"IDE_DEACTIVATED"}
{"ts":1773608487712,"action":"IDE_ACTIVATED"}
{"ts":1773608515350,"action":"IDE_DEACTIVATED"}
{"ts":1773608515354,"action":"IDE_ACTIVATED"}
{"ts":1773608630184,"action":"FILE_CLOSED","file":"/vultr_deploy__faktura_db__pswds.txt","tags":{"FILE_LINE_OF_CODE":"29"}}
{"ts":1773608663445,"action":"FILE_OPENED","file":"/.planning/codebase/CONCERNS.md","tags":{"FILE_LINE_OF_CODE":"197"}}
{"ts":1773608663550,"action":"FILE_CLOSED","file":"/.planning/codebase/CONCERNS.md","tags":{"FILE_LINE_OF_CODE":"197"}}
{"ts":1773608690243,"action":"FILE_OPENED","file":"/vultr_deploy__faktura_db__pswds.txt","tags":{"FILE_LINE_OF_CODE":"29"}}
{"ts":1773608708388,"action":"FILE_CLOSED","file":"/vultr_deploy__faktura_db__pswds.txt","tags":{"FILE_LINE_OF_CODE":"29"}}
{"ts":1773608710443,"action":"IDE_DEACTIVATED"}
{"ts":1773608712404,"action":"IDE_ACTIVATED"}
{"ts":1773608714753,"action":"IDE_DEACTIVATED"}
{"ts":1773608714846,"action":"IDE_ACTIVATED"}
{"ts":1773608715876,"action":"IDE_DEACTIVATED"}
{"ts":1773608715940,"action":"IDE_ACTIVATED"}
{"ts":1773608799643,"action":"IDE_DEACTIVATED"}
{"ts":1773608951958,"action":"IDE_ACTIVATED"}
{"ts":1773608956772,"action":"FILE_OPENED","file":"/vultr_deploy__faktura_db__pswds.txt","tags":{"FILE_LINE_OF_CODE":"29"}}
{"ts":1773609375181,"action":"FILE_CLOSED","file":"/vultr_deploy__faktura_db__pswds.txt","tags":{"FILE_LINE_OF_CODE":"37"}}
{"ts":1773609385089,"action":"FILE_OPENED","file":"/vultr_deploy__faktura_db__pswds.txt","tags":{"FILE_LINE_OF_CODE":"37"}}
{"ts":1773609406759,"action":"FILE_CLOSED","file":"/vultr_deploy__faktura_db__pswds.txt","tags":{"FILE_LINE_OF_CODE":"38"}}
{"ts":1773609406759,"action":"FILE_OPENED","file":"/ubuntu_cmds.txt","tags":{"FILE_LINE_OF_CODE":"86"}}
{"ts":1773609411295,"action":"FILE_CLOSED","file":"/ubuntu_cmds.txt","tags":{"FILE_LINE_OF_CODE":"86"}}
{"ts":1773609411295,"action":"FILE_OPENED","file":"/vultr_deploy__faktura_db__pswds.txt","tags":{"FILE_LINE_OF_CODE":"38"}}
{"ts":1773609414220,"action":"FILE_CLOSED","file":"/vultr_deploy__faktura_db__pswds.txt","tags":{"FILE_LINE_OF_CODE":"38"}}
{"ts":1773609414220,"action":"FILE_OPENED","file":"/ubuntu_cmds.txt","tags":{"FILE_LINE_OF_CODE":"86"}}
{"ts":1773609476621,"action":"FILE_CLOSED","file":"/ubuntu_cmds.txt","tags":{"FILE_LINE_OF_CODE":"86"}}
{"ts":1773609476621,"action":"FILE_OPENED","file":"/vultr_deploy__faktura_db__pswds.txt","tags":{"FILE_LINE_OF_CODE":"38"}}
{"ts":1773609572207,"action":"FILE_CLOSED","file":"/vultr_deploy__faktura_db__pswds.txt","tags":{"FILE_LINE_OF_CODE":"47"}}
{"ts":1773609572207,"action":"FILE_OPENED","file":"/ubuntu_cmds.txt","tags":{"FILE_LINE_OF_CODE":"86"}}
{"ts":1773609574054,"action":"FILE_CLOSED","file":"/ubuntu_cmds.txt","tags":{"FILE_LINE_OF_CODE":"86"}}
{"ts":1773609574054,"action":"FILE_OPENED","file":"/vultr_deploy__faktura_db__pswds.txt","tags":{"FILE_LINE_OF_CODE":"47"}}
{"ts":1773609584927,"action":"FILE_CLOSED","file":"/vultr_deploy__faktura_db__pswds.txt","tags":{"FILE_LINE_OF_CODE":"47"}}
{"ts":1773609609143,"action":"IDE_DEACTIVATED"}
{"ts":1773609612296,"action":"IDE_ACTIVATED"}
{"ts":1773609696001,"action":"FILE_OPENED","file":"/vultr_deployment.txt","tags":{"FILE_LINE_OF_CODE":"47"}}
{"ts":1773609748844,"action":"FILE_CLOSED","file":"/vultr_deployment.txt","tags":{"FILE_LINE_OF_CODE":"108"}}
{"ts":1773609760738,"action":"FILE_OPENED","file":"/vultr_deployment.txt","tags":{"FILE_LINE_OF_CODE":"108"}}
{"ts":1773609767149,"action":"FILE_CLOSED","file":"/vultr_deployment.txt","tags":{"FILE_LINE_OF_CODE":"108"}}
{"ts":1773609772488,"action":"FILE_OPENED","file":"/vultr_deployment.txt","tags":{"FILE_LINE_OF_CODE":"108"}}
{"ts":1773609779728,"action":"FILE_CLOSED","file":"/vultr_deployment.txt","tags":{"FILE_LINE_OF_CODE":"109"}}
{"ts":1773609789047,"action":"FILE_OPENED","file":"/vultr_deployment.txt","tags":{"FILE_LINE_OF_CODE":"109"}}
{"ts":1773609829160,"action":"FILE_CLOSED","file":"/vultr_deployment.txt","tags":{"FILE_LINE_OF_CODE":"109"}}
{"ts":1773610046641,"action":"FILE_OPENED","file":"/test_session_debug.py","tags":{"FILE_LINE_OF_CODE":"57"}}
{"ts":1773610054078,"action":"FILE_CLOSED","file":"/test_session_debug.py","tags":{"FILE_LINE_OF_CODE":"57"}}
{"ts":1773610056648,"action":"IDE_DEACTIVATED"}
{"ts":1773610059352,"action":"IDE_ACTIVATED"}
{"ts":1773610283105,"action":"IDE_DEACTIVATED"}
{"ts":1773610283161,"action":"IDE_ACTIVATED"}
{"ts":1773610436098,"action":"PROJECT_CLOSED","tags":{"PROJECT_NAME":"faktura_scanner_flask"}}
